date,close,diff,open,high,low,volume
2001.08.07,3800.0,0.0,3800.0,3800.0,3800.0,19227.0
2001.08.08,4250.0,450.0,4250.0,4250.0,4250.0,2901.0
2001.08.09,4760.0,510.0,4760.0,4760.0,4760.0,180031.0
2001.08.10,5330.0,570.0,5330.0,5330.0,5150.0,2659017.0
2001.08.13,4700.0,630.0,5300.0,5320.0,4700.0,1102590.0
2001.08.14,4480.0,220.0,4140.0,4780.0,4140.0,1687104.0
2001.08.16,4350.0,130.0,4250.0,4690.0,4250.0,576491.0
2001.08.17,4270.0,80.0,4350.0,4530.0,4250.0,397719.0
2001.08.20,3950.0,320.0,4270.0,4270.0,3820.0,200185.0
2001.08.21,4330.0,380.0,3860.0,4420.0,3860.0,559482.0
2001.08.22,4270.0,60.0,4260.0,4470.0,4200.0,571772.0
2001.08.23,4350.0,80.0,4330.0,4470.0,4240.0,311611.0
2001.08.24,4680.0,330.0,4400.0,4830.0,4360.0,821088.0
2001.08.27,4600.0,80.0,4700.0,4800.0,4570.0,341977.0
2001.08.28,4430.0,170.0,4640.0,4640.0,4300.0,185226.0
2001.08.29,4140.0,290.0,4270.0,4430.0,4140.0,104377.0
2001.08.30,4190.0,50.0,4000.0,4500.0,3920.0,242797.0
2001.08.31,4250.0,60.0,4150.0,4340.0,4010.0,123439.0
2001.09.03,4270.0,20.0,4300.0,4430.0,4110.0,59573.0
2001.09.04,4240.0,30.0,4270.0,4390.0,4130.0,41853.0
2001.09.05,4200.0,40.0,4050.0,4280.0,4050.0,77388.0
2001.09.06,4350.0,150.0,4200.0,4530.0,4200.0,77614.0
2001.09.07,4250.0,100.0,4370.0,4570.0,4250.0,551285.0
2001.09.10,3740.0,510.0,4190.0,4190.0,3740.0,370684.0
2001.09.11,3750.0,10.0,3530.0,3840.0,3530.0,273259.0
2001.09.12,3300.0,450.0,3300.0,3300.0,3300.0,8581.0
2001.09.13,3500.0,200.0,2920.0,3500.0,2910.0,316543.0
2001.09.14,3100.0,400.0,3480.0,3480.0,3080.0,110937.0
2001.09.17,2730.0,370.0,3060.0,3200.0,2730.0,62146.0
2001.09.18,2950.0,220.0,2750.0,2980.0,2660.0,248261.0
2001.09.19,3100.0,150.0,2880.0,3180.0,2880.0,118048.0
2001.09.20,2750.0,350.0,3000.0,3100.0,2730.0,70341.0
2001.09.21,2420.0,330.0,2530.0,2650.0,2420.0,88670.0
2001.09.24,2460.0,40.0,2350.0,2630.0,2350.0,101633.0
2001.09.25,2400.0,60.0,2650.0,2650.0,2330.0,116263.0
2001.09.26,2300.0,100.0,2420.0,2450.0,2290.0,54166.0
2001.09.27,2400.0,100.0,2370.0,2430.0,2270.0,50510.0
2001.09.28,2680.0,280.0,2400.0,2680.0,2400.0,168705.0
2001.10.04,2860.0,180.0,2760.0,2950.0,2760.0,124930.0
2001.10.05,2770.0,90.0,2850.0,2890.0,2750.0,48017.0
2001.10.08,2690.0,80.0,2600.0,2810.0,2500.0,49578.0
2001.10.09,2910.0,220.0,2800.0,3010.0,2730.0,128213.0
2001.10.10,3050.0,140.0,2820.0,3180.0,2820.0,175995.0
2001.10.11,3100.0,50.0,3400.0,3400.0,3090.0,123542.0
2001.10.12,3100.0,0.0,3150.0,3300.0,2990.0,97420.0
2001.10.15,3350.0,250.0,3470.0,3470.0,3230.0,409686.0
2001.10.16,3380.0,30.0,3290.0,3380.0,3160.0,154403.0
2001.10.17,3280.0,100.0,3380.0,3450.0,3250.0,85217.0
2001.10.18,3080.0,200.0,3110.0,3220.0,3010.0,88109.0
2001.10.19,3190.0,110.0,3040.0,3250.0,3040.0,112582.0
2001.10.22,3540.0,350.0,3110.0,3540.0,3050.0,594989.0
2001.10.23,3330.0,210.0,3560.0,3660.0,3310.0,1073657.0
2001.10.24,3190.0,140.0,3330.0,3410.0,3140.0,168858.0
2001.10.25,3070.0,120.0,3200.0,3220.0,3070.0,86447.0
2001.10.26,3240.0,170.0,3070.0,3250.0,2980.0,126358.0
2001.10.29,3150.0,90.0,3150.0,3300.0,3150.0,123005.0
2001.10.30,2970.0,180.0,3110.0,3180.0,2830.0,98959.0
2001.10.31,2950.0,20.0,2920.0,3040.0,2870.0,94506.0
2001.11.01,3100.0,150.0,2970.0,3210.0,2970.0,235282.0
2001.11.02,3080.0,20.0,3200.0,3340.0,3040.0,372619.0
2001.11.05,3080.0,0.0,3130.0,3190.0,3080.0,153533.0
2001.11.06,3140.0,60.0,3180.0,3250.0,3130.0,184885.0
2001.11.07,3060.0,80.0,3150.0,3230.0,3050.0,169741.0
2001.11.08,3040.0,20.0,3090.0,3130.0,3030.0,123029.0
2001.11.09,3050.0,10.0,3000.0,3080.0,2960.0,102396.0
2001.11.12,3040.0,10.0,3060.0,3150.0,3000.0,162875.0
2001.11.13,3160.0,120.0,3040.0,3200.0,3040.0,320372.0
2001.11.14,3160.0,0.0,3250.0,3270.0,3140.0,346347.0
2001.11.15,3530.0,370.0,3160.0,3530.0,3130.0,822065.0
2001.11.16,3440.0,90.0,3580.0,3670.0,3300.0,403306.0
2001.11.19,3560.0,120.0,3500.0,3720.0,3420.0,591477.0
2001.11.20,3160.0,400.0,3570.0,3610.0,3140.0,417486.0
2001.11.21,3160.0,0.0,3240.0,3320.0,3080.0,248879.0
2001.11.22,3170.0,10.0,3200.0,3320.0,3110.0,257683.0
2001.11.23,3210.0,40.0,3180.0,3320.0,3150.0,202984.0
2001.11.26,3230.0,20.0,3230.0,3410.0,3210.0,296080.0
2001.11.27,3330.0,100.0,3250.0,3400.0,3200.0,410807.0
2001.11.28,3420.0,90.0,3350.0,3530.0,3310.0,601379.0
2001.11.29,3180.0,240.0,3460.0,3480.0,3140.0,410353.0
2001.11.30,3030.0,150.0,3210.0,3250.0,3030.0,423091.0
2001.12.03,3050.0,20.0,3050.0,3120.0,2920.0,284330.0
2001.12.04,3080.0,30.0,3090.0,3250.0,3000.0,1084846.0
2001.12.05,3000.0,80.0,3050.0,3100.0,2970.0,202163.0
2001.12.06,2900.0,100.0,3020.0,3030.0,2860.0,205668.0
2001.12.07,2850.0,50.0,2750.0,2980.0,2750.0,135408.0
2001.12.10,2800.0,50.0,2850.0,2900.0,2770.0,88913.0
2001.12.11,2850.0,50.0,2800.0,2940.0,2790.0,164444.0
2001.12.12,2930.0,80.0,2850.0,2970.0,2840.0,191606.0
2001.12.13,2900.0,30.0,2950.0,2960.0,2880.0,103387.0
2001.12.14,2920.0,20.0,2960.0,2960.0,2850.0,132417.0
2001.12.17,2800.0,120.0,2880.0,2910.0,2770.0,96703.0
2001.12.18,2760.0,40.0,2850.0,2870.0,2750.0,120588.0
2001.12.19,2530.0,230.0,2730.0,2730.0,2430.0,249591.0
2001.12.20,2830.0,300.0,2570.0,2830.0,2450.0,242013.0
2001.12.21,2910.0,80.0,2830.0,3060.0,2780.0,633336.0
2001.12.24,2780.0,130.0,2800.0,2870.0,2760.0,98613.0
2001.12.26,2850.0,70.0,2810.0,2850.0,2680.0,85330.0
2001.12.27,2920.0,70.0,2810.0,2950.0,2810.0,102119.0
2001.12.28,3080.0,160.0,2920.0,3100.0,2900.0,147960.0
2002.01.02,3330.0,250.0,3180.0,3440.0,3110.0,311197.0
2002.01.03,3280.0,50.0,3350.0,3370.0,3160.0,216082.0
2002.01.04,3290.0,10.0,3250.0,3300.0,3230.0,164113.0
2002.01.07,3310.0,20.0,3350.0,3350.0,3280.0,110592.0
2002.01.08,3380.0,70.0,3330.0,3470.0,3320.0,124880.0
2002.01.09,3450.0,70.0,3420.0,3510.0,3380.0,105396.0
2002.01.10,3590.0,140.0,3460.0,3630.0,3460.0,132601.0
2002.01.11,3590.0,0.0,3630.0,3680.0,3480.0,159482.0
2002.01.14,3700.0,110.0,3590.0,3740.0,3560.0,196143.0
2002.01.15,3920.0,220.0,3740.0,3960.0,3660.0,233385.0
2002.01.16,4040.0,120.0,3950.0,4160.0,3950.0,284738.0
2002.01.17,4010.0,30.0,4110.0,4110.0,3940.0,177047.0
2002.01.18,4260.0,250.0,4130.0,4270.0,4020.0,180962.0
2002.01.21,4770.0,510.0,4260.0,4770.0,4250.0,505592.0
2002.01.22,5040.0,270.0,4800.0,5280.0,4710.0,462238.0
2002.01.23,5040.0,0.0,5110.0,5290.0,4930.0,298955.0
2002.01.24,5290.0,250.0,5030.0,5290.0,5010.0,204338.0
2002.01.25,5840.0,550.0,5350.0,5880.0,5350.0,276891.0
2002.01.28,5740.0,100.0,5390.0,6000.0,5200.0,318978.0
2002.01.29,6200.0,460.0,5810.0,6200.0,5650.0,250543.0
2002.01.30,6170.0,30.0,6200.0,6270.0,6050.0,218988.0
2002.02.01,5580.0,590.0,6450.0,6450.0,5580.0,362731.0
2002.02.04,4920.0,660.0,5590.0,5590.0,4920.0,355661.0
2002.02.06,4220.0,700.0,4790.0,4870.0,4220.0,270357.0
2002.02.08,4000.0,220.0,4180.0,4180.0,3730.0,332388.0
2002.02.14,3790.0,210.0,3840.0,4000.0,3750.0,150676.0
2002.02.18,3870.0,80.0,3580.0,4010.0,3580.0,242795.0
2002.02.20,4150.0,280.0,3900.0,4150.0,3800.0,210571.0
2002.02.22,4310.0,160.0,3990.0,4400.0,3950.0,413467.0
2002.02.25,4350.0,40.0,4150.0,4440.0,4150.0,162489.0
2002.02.26,4300.0,50.0,4300.0,4380.0,4190.0,169477.0
2002.02.27,4810.0,510.0,4300.0,4810.0,4290.0,361290.0
2002.03.04,5550.0,740.0,5450.0,5730.0,5280.0,308955.0
2002.03.05,6170.0,620.0,5650.0,6210.0,5650.0,268124.0
2002.03.06,6190.0,20.0,6090.0,6300.0,6000.0,176802.0
2002.03.07,6930.0,740.0,6300.0,6930.0,6290.0,413595.0
2002.03.08,7760.0,830.0,7030.0,7760.0,7000.0,264383.0
2002.03.11,8690.0,930.0,8190.0,8690.0,8000.0,284540.0
2002.03.12,8670.0,20.0,9000.0,9090.0,7660.0,385092.0
2002.03.13,7630.0,1040.0,8680.0,9710.0,7630.0,1462066.0
2002.03.14,6720.0,910.0,6720.0,6720.0,6720.0,16211.0
2002.03.15,7520.0,800.0,6210.0,7520.0,6210.0,850795.0
2002.03.18,8420.0,900.0,8300.0,8420.0,8060.0,345606.0
2002.03.19,9430.0,1010.0,9200.0,9430.0,8800.0,291885.0
2002.03.20,8300.0,1130.0,10000.0,10550.0,8300.0,936867.0
2002.03.21,7310.0,990.0,7400.0,8100.0,7310.0,1080827.0
2002.03.22,6440.0,870.0,6440.0,7200.0,6440.0,507023.0
2002.03.25,6260.0,180.0,5930.0,6770.0,5750.0,2385060.0
2002.03.26,6160.0,100.0,6250.0,6530.0,5980.0,1044442.0
2002.03.27,6890.0,730.0,6250.0,6890.0,6250.0,1140888.0
2002.03.28,6070.0,820.0,6880.0,6980.0,6070.0,1054072.0
2002.03.29,5480.0,590.0,5870.0,6050.0,5400.0,723819.0
2002.04.01,5250.0,230.0,5530.0,5780.0,5250.0,338899.0
2002.04.02,4980.0,270.0,5030.0,5250.0,4850.0,443871.0
2002.04.03,5080.0,100.0,4950.0,5390.0,4950.0,409555.0
2002.04.04,4610.0,470.0,4950.0,5100.0,4590.0,446674.0
2002.04.08,4770.0,160.0,4710.0,5150.0,4700.0,343907.0
2002.04.09,4450.0,320.0,4710.0,4900.0,4400.0,222733.0
2002.04.10,4240.0,210.0,4260.0,4390.0,4050.0,355729.0
2002.04.11,4250.0,10.0,4320.0,4470.0,4200.0,212172.0
2002.04.12,4760.0,510.0,4250.0,4760.0,4250.0,386948.0
2002.04.15,5330.0,570.0,5080.0,5330.0,4960.0,691374.0
2002.04.16,5810.0,480.0,5330.0,5960.0,5330.0,807781.0
2002.04.17,5120.0,690.0,5810.0,5810.0,5120.0,567531.0
2002.04.18,4900.0,220.0,4960.0,5150.0,4620.0,557391.0
2002.04.19,5480.0,580.0,4900.0,5480.0,4900.0,675111.0
2002.04.22,4830.0,650.0,5700.0,5970.0,4830.0,612004.0
2002.04.23,5100.0,270.0,4850.0,5100.0,4350.0,281897.0
2002.04.24,4800.0,300.0,4900.0,5150.0,4710.0,182156.0
2002.04.25,4260.0,540.0,4400.0,4750.0,4250.0,241294.0
2002.04.26,4340.0,80.0,4260.0,4490.0,4260.0,175227.0
2002.04.29,3940.0,400.0,4030.0,4230.0,3900.0,137820.0
2002.04.30,4050.0,110.0,3810.0,4120.0,3810.0,144745.0
2002.05.02,4060.0,10.0,4110.0,4280.0,3950.0,146616.0
2002.05.03,4100.0,40.0,4060.0,4200.0,3990.0,118082.0
2002.05.06,4060.0,40.0,4150.0,4300.0,4000.0,131907.0
2002.05.07,3950.0,110.0,3930.0,4040.0,3880.0,98472.0
2002.05.08,4090.0,140.0,4010.0,4180.0,4010.0,146085.0
2002.05.09,4030.0,60.0,4120.0,4190.0,4000.0,124816.0
2002.05.10,4030.0,0.0,4070.0,4140.0,3930.0,75855.0
2002.05.13,3910.0,120.0,4000.0,4050.0,3910.0,82281.0
2002.05.14,3960.0,50.0,3860.0,4050.0,3860.0,113443.0
2002.05.15,3930.0,30.0,4010.0,4060.0,3920.0,117550.0
2002.05.16,3850.0,80.0,3860.0,3960.0,3800.0,142358.0
2002.05.17,3910.0,60.0,4020.0,4020.0,3870.0,100676.0
2002.05.20,3890.0,20.0,3910.0,3970.0,3880.0,98108.0
2002.05.21,3750.0,140.0,3910.0,3910.0,3730.0,116233.0
2002.05.22,3630.0,120.0,3700.0,3730.0,3590.0,141378.0
2002.05.23,3320.0,310.0,3630.0,3670.0,3300.0,163092.0
2002.05.24,3710.0,390.0,3250.0,3710.0,3250.0,135971.0
2002.05.27,3700.0,10.0,3800.0,4140.0,3700.0,362962.0
2002.05.28,3420.0,280.0,3700.0,3700.0,3400.0,138088.0
2002.05.29,3170.0,250.0,3350.0,3470.0,3170.0,103648.0
2002.05.30,3190.0,20.0,3170.0,3450.0,3170.0,129144.0
2002.05.31,3100.0,90.0,3200.0,3360.0,3030.0,66229.0
2002.06.03,3020.0,80.0,3070.0,3180.0,2950.0,59729.0
2002.06.04,3020.0,0.0,2960.0,3020.0,2850.0,56332.0
2002.06.05,3040.0,20.0,2980.0,3230.0,2980.0,70703.0
2002.06.07,2910.0,130.0,3000.0,3010.0,2900.0,35694.0
2002.06.10,3030.0,120.0,2910.0,3030.0,2910.0,32929.0
2002.06.11,3080.0,50.0,2990.0,3080.0,2990.0,29666.0
2002.06.12,3190.0,110.0,3020.0,3200.0,3020.0,47927.0
2002.06.14,3570.0,380.0,3320.0,3570.0,3180.0,105141.0
2002.06.17,3600.0,30.0,3750.0,3840.0,3580.0,230312.0
2002.06.18,3710.0,110.0,3700.0,3800.0,3430.0,193577.0
2002.06.19,3270.0,440.0,3710.0,3720.0,3270.0,68159.0
2002.06.20,3100.0,170.0,2950.0,3220.0,2950.0,57634.0
2002.06.21,3040.0,60.0,3000.0,3080.0,2950.0,62419.0
2002.06.24,2880.0,160.0,3040.0,3040.0,2850.0,59512.0
2002.06.25,2860.0,20.0,2880.0,2970.0,2800.0,53575.0
2002.06.26,2520.0,340.0,2650.0,2820.0,2520.0,41859.0
2002.06.27,2620.0,100.0,2520.0,2730.0,2450.0,29911.0
2002.06.28,2850.0,230.0,2600.0,2920.0,2600.0,68539.0
2002.07.02,2770.0,80.0,2760.0,2820.0,2540.0,44987.0
2002.07.03,2760.0,10.0,2770.0,2850.0,2610.0,40203.0
2002.07.04,2870.0,110.0,2920.0,2920.0,2790.0,36808.0
2002.07.05,2970.0,100.0,2870.0,3070.0,2770.0,92989.0
2002.07.08,2840.0,130.0,3020.0,3140.0,2810.0,61901.0
2002.07.09,2950.0,110.0,2840.0,2950.0,2760.0,71764.0
2002.07.10,3300.0,350.0,2930.0,3300.0,2850.0,284687.0
2002.07.11,3250.0,50.0,3330.0,3340.0,3140.0,165758.0
2002.07.12,3200.0,50.0,3300.0,3380.0,3150.0,94553.0
2002.07.15,3020.0,180.0,3260.0,3300.0,3000.0,76352.0
2002.07.16,2900.0,120.0,3030.0,3090.0,2840.0,75202.0
2002.07.18,2980.0,80.0,2930.0,3140.0,2900.0,75371.0
2002.07.19,3330.0,350.0,2900.0,3330.0,2850.0,228378.0
2002.07.22,3450.0,120.0,3590.0,3620.0,3220.0,528736.0
2002.07.23,3860.0,410.0,3450.0,3860.0,3220.0,564688.0
2002.07.24,4000.0,140.0,4010.0,4320.0,3650.0,1728705.0
2002.07.25,3970.0,30.0,4150.0,4200.0,3840.0,543870.0
2002.07.26,3500.0,470.0,4100.0,4350.0,3500.0,646506.0
2002.07.29,3260.0,240.0,3320.0,3500.0,3220.0,328252.0
2002.07.30,3300.0,40.0,3500.0,3500.0,3160.0,229045.0
2002.07.31,3270.0,30.0,3230.0,3360.0,3160.0,186625.0
2002.08.01,3660.0,390.0,3360.0,3660.0,3360.0,546870.0
2002.08.02,3630.0,30.0,3660.0,3790.0,3450.0,732463.0
2002.08.05,3640.0,10.0,3770.0,3970.0,3640.0,819914.0
2002.08.06,3210.0,430.0,3600.0,3700.0,3210.0,555625.0
2002.08.07,3070.0,140.0,3190.0,3260.0,3060.0,574839.0
2002.08.08,3010.0,60.0,3070.0,3140.0,3000.0,237967.0
2002.08.09,2960.0,50.0,3040.0,3110.0,2920.0,188291.0
2002.08.12,3070.0,110.0,2900.0,3150.0,2900.0,337203.0
2002.08.13,3060.0,10.0,3110.0,3180.0,3050.0,240500.0
2002.08.14,3100.0,40.0,3050.0,3140.0,3020.0,179396.0
2002.08.16,3050.0,50.0,3140.0,3170.0,3050.0,159877.0
2002.08.19,3020.0,30.0,3090.0,3090.0,3010.0,92531.0
2002.08.20,3020.0,0.0,3060.0,3100.0,3020.0,161398.0
2002.08.21,3040.0,20.0,2990.0,3090.0,2990.0,105371.0
2002.08.22,3040.0,0.0,3070.0,3170.0,3020.0,158365.0
2002.08.23,3050.0,10.0,3070.0,3140.0,3030.0,121889.0
2002.08.26,3000.0,50.0,3050.0,3070.0,3000.0,107206.0
2002.08.27,2930.0,70.0,3010.0,3020.0,2930.0,102888.0
2002.08.28,2900.0,30.0,2950.0,2980.0,2870.0,118303.0
2002.08.29,2840.0,60.0,2890.0,2960.0,2830.0,67632.0
2002.08.30,2890.0,50.0,2820.0,2910.0,2820.0,92202.0
2002.09.02,2830.0,60.0,2800.0,2880.0,2800.0,103795.0
2002.09.03,3160.0,330.0,3160.0,3160.0,3160.0,92604.0
2002.09.04,3530.0,370.0,3530.0,3530.0,3360.0,506262.0
2002.09.05,3450.0,80.0,3740.0,3800.0,3270.0,1201176.0
2002.09.06,3860.0,410.0,3530.0,3860.0,3500.0,282255.0
2002.09.09,3400.0,460.0,3940.0,4320.0,3400.0,1996240.0
2002.09.10,3330.0,70.0,3340.0,3390.0,3130.0,648864.0
2002.09.11,3510.0,180.0,3430.0,3720.0,3410.0,1167124.0
2002.09.12,3250.0,260.0,3300.0,3550.0,3200.0,429880.0
2002.09.13,3640.0,390.0,3300.0,3640.0,3160.0,707114.0
2002.09.16,3620.0,20.0,4070.0,4070.0,3540.0,1714612.0
2002.09.17,4050.0,430.0,3650.0,4050.0,3560.0,1702278.0
2002.09.18,3580.0,470.0,4050.0,4530.0,3570.0,3269861.0
2002.09.19,3690.0,110.0,3680.0,3820.0,3490.0,1230515.0
2002.09.23,3300.0,390.0,3690.0,3810.0,3250.0,561924.0
2002.09.24,3050.0,250.0,3280.0,3290.0,2930.0,699988.0
2002.09.25,2970.0,80.0,2900.0,3200.0,2880.0,517855.0
2002.09.26,2900.0,70.0,3020.0,3140.0,2850.0,293083.0
2002.09.27,2850.0,50.0,2850.0,2960.0,2820.0,197737.0
2002.09.30,2600.0,250.0,2800.0,2810.0,2550.0,159600.0
2002.10.01,2780.0,180.0,2420.0,2870.0,2420.0,221187.0
2002.10.02,2750.0,30.0,2810.0,2960.0,2710.0,204031.0
2002.10.04,2740.0,10.0,2640.0,2820.0,2640.0,58864.0
2002.10.07,2820.0,80.0,2660.0,2940.0,2660.0,254711.0
2002.10.08,2930.0,110.0,2820.0,3030.0,2820.0,214941.0
2002.10.09,3050.0,120.0,3000.0,3250.0,2930.0,497814.0
2002.10.10,2820.0,230.0,2960.0,3050.0,2740.0,197314.0
2002.10.11,3150.0,330.0,2900.0,3150.0,2900.0,174273.0
2002.10.14,3520.0,370.0,3520.0,3520.0,3520.0,37713.0
2002.10.15,3940.0,420.0,3940.0,3940.0,3940.0,49631.0
2002.10.16,4050.0,110.0,4300.0,4390.0,3700.0,1735834.0
2002.10.17,4300.0,250.0,4130.0,4300.0,3850.0,1355104.0
2002.10.18,4180.0,120.0,4600.0,4600.0,4130.0,1157661.0
2002.10.21,3680.0,500.0,4000.0,4100.0,3680.0,777890.0
2002.10.22,3530.0,150.0,3680.0,3770.0,3380.0,472053.0
2002.10.23,3630.0,100.0,3520.0,3820.0,3520.0,808147.0
2002.10.24,3480.0,150.0,3600.0,3670.0,3400.0,572024.0
2002.10.25,3680.0,200.0,3490.0,3850.0,3490.0,1025544.0
2002.10.28,3750.0,70.0,3690.0,3780.0,3520.0,500594.0
2002.10.29,3690.0,60.0,3800.0,3890.0,3660.0,483043.0
2002.10.30,3510.0,180.0,3660.0,3690.0,3450.0,316402.0
2002.10.31,3350.0,160.0,3560.0,3590.0,3350.0,259001.0
2002.11.01,3410.0,60.0,3250.0,3560.0,3250.0,352707.0
2002.11.04,3360.0,50.0,3440.0,3540.0,3360.0,273431.0
2002.11.05,3760.0,400.0,3400.0,3760.0,3390.0,230676.0
2002.11.06,4210.0,450.0,4210.0,4210.0,4210.0,67120.0
2002.11.07,4210.0,0.0,4310.0,4630.0,4080.0,2713988.0
2002.11.08,4700.0,490.0,4300.0,4700.0,4050.0,1542860.0
2002.11.11,4590.0,110.0,4870.0,5190.0,4400.0,2170579.0
2002.11.12,4040.0,550.0,4350.0,4480.0,4040.0,1006285.0
2002.11.13,4060.0,20.0,4150.0,4240.0,3890.0,592234.0
2002.11.14,3950.0,110.0,4000.0,4280.0,3860.0,693211.0
2002.11.15,3880.0,70.0,3950.0,4050.0,3750.0,606782.0
2002.11.18,4210.0,330.0,3820.0,4220.0,3820.0,810599.0
2002.11.19,4250.0,40.0,4150.0,4320.0,4110.0,569694.0
2002.11.20,4150.0,100.0,4200.0,4360.0,4150.0,423910.0
2002.11.21,3970.0,180.0,4160.0,4200.0,3940.0,415403.0
2002.11.22,4010.0,40.0,3990.0,4220.0,3940.0,414074.0
2002.11.25,4090.0,80.0,4000.0,4190.0,4000.0,286375.0
2002.11.26,4350.0,260.0,4020.0,4380.0,4020.0,775055.0
2002.11.27,4210.0,140.0,4400.0,4440.0,4150.0,401042.0
2002.11.28,4520.0,310.0,4310.0,4650.0,4260.0,759165.0
2002.11.29,4460.0,60.0,4520.0,4600.0,4370.0,464311.0
2002.12.02,4400.0,60.0,4500.0,4700.0,4400.0,516406.0
2002.12.03,4370.0,30.0,4400.0,4440.0,4280.0,366151.0
2002.12.04,4070.0,300.0,4320.0,4500.0,4060.0,412683.0
2002.12.05,4140.0,70.0,4060.0,4240.0,4000.0,258858.0
2002.12.06,3950.0,190.0,4040.0,4180.0,3900.0,296520.0
2002.12.09,3960.0,10.0,3960.0,4060.0,3890.0,236346.0
2002.12.10,4010.0,50.0,3910.0,4080.0,3910.0,256151.0
2002.12.11,3530.0,480.0,4050.0,4140.0,3530.0,811826.0
2002.12.12,3620.0,90.0,3650.0,3660.0,3490.0,344767.0
2002.12.13,3630.0,10.0,3650.0,3750.0,3590.0,252485.0
2002.12.16,3580.0,50.0,3600.0,3690.0,3550.0,119747.0
2002.12.17,3580.0,0.0,3650.0,3690.0,3580.0,147801.0
2002.12.18,3500.0,80.0,3550.0,3590.0,3420.0,131031.0
2002.12.20,3490.0,10.0,3460.0,3570.0,3300.0,194456.0
2002.12.23,3090.0,400.0,3410.0,3540.0,3080.0,198727.0
2002.12.24,3020.0,70.0,2850.0,3200.0,2800.0,175004.0
2002.12.26,3150.0,130.0,2990.0,3270.0,2930.0,152494.0
2002.12.27,3200.0,50.0,3110.0,3470.0,3030.0,324245.0
2002.12.30,2900.0,300.0,3140.0,3140.0,2830.0,82243.0
2003.01.02,3100.0,200.0,3110.0,3150.0,2900.0,100266.0
2003.01.03,3450.0,350.0,3150.0,3450.0,3110.0,223257.0
2003.01.06,3450.0,0.0,3840.0,3840.0,3450.0,247192.0
2003.01.07,3330.0,120.0,3560.0,3560.0,3300.0,189860.0
2003.01.08,3390.0,60.0,3350.0,3440.0,3320.0,99337.0
2003.01.09,3210.0,180.0,3340.0,3340.0,3130.0,77272.0
2003.01.10,3060.0,150.0,3200.0,3300.0,3000.0,91163.0
2003.01.13,3120.0,60.0,3020.0,3200.0,3020.0,82693.0
2003.01.14,3140.0,20.0,3200.0,3200.0,3080.0,59377.0
2003.01.15,3320.0,180.0,3120.0,3400.0,3120.0,101760.0
2003.01.16,3320.0,0.0,3240.0,3340.0,3240.0,48706.0
2003.01.17,3120.0,200.0,3260.0,3390.0,3120.0,100761.0
2003.01.20,3040.0,80.0,2910.0,3110.0,2910.0,64314.0
2003.01.21,3100.0,60.0,3040.0,3170.0,3000.0,85443.0
2003.01.22,2950.0,150.0,3040.0,3070.0,2920.0,60718.0
2003.01.23,2990.0,40.0,2920.0,3000.0,2920.0,49957.0
2003.01.24,2940.0,50.0,2990.0,3080.0,2750.0,42658.0
2003.01.27,2700.0,240.0,2800.0,2830.0,2690.0,37864.0
2003.01.28,2720.0,20.0,2620.0,2790.0,2620.0,30074.0
2003.01.29,2680.0,40.0,2700.0,2790.0,2630.0,37278.0
2003.01.30,2720.0,40.0,2650.0,2790.0,2650.0,40107.0
2003.02.03,2780.0,60.0,2630.0,2780.0,2630.0,30963.0
2003.02.04,2800.0,20.0,2800.0,2870.0,2800.0,29988.0
2003.02.05,2900.0,100.0,2800.0,2970.0,2750.0,93370.0
2003.02.06,2780.0,120.0,2870.0,2870.0,2750.0,28472.0
2003.02.07,2750.0,30.0,2860.0,2860.0,2710.0,37486.0
2003.02.10,2640.0,110.0,2690.0,2720.0,2620.0,38707.0
2003.02.11,2650.0,10.0,2660.0,2700.0,2550.0,39110.0
2003.02.12,2600.0,50.0,2600.0,2650.0,2580.0,33887.0
2003.02.13,2600.0,0.0,2590.0,2670.0,2570.0,34034.0
2003.02.14,2620.0,20.0,2560.0,2700.0,2560.0,32633.0
2003.02.17,2760.0,140.0,2710.0,2780.0,2700.0,35040.0
2003.02.18,2750.0,10.0,2780.0,2800.0,2700.0,27559.0
2003.02.19,2680.0,70.0,2710.0,2800.0,2680.0,42644.0
2003.02.20,2690.0,10.0,2680.0,2750.0,2670.0,31117.0
2003.02.21,2760.0,70.0,2690.0,2770.0,2690.0,26902.0
2003.02.24,2830.0,70.0,2760.0,2880.0,2760.0,53922.0
2003.02.25,2900.0,70.0,2810.0,3010.0,2750.0,160207.0
2003.02.26,2880.0,20.0,2900.0,2980.0,2860.0,64203.0
2003.02.27,2810.0,70.0,2850.0,3000.0,2750.0,180695.0
2003.02.28,2680.0,130.0,2810.0,2870.0,2680.0,59110.0
2003.03.03,2670.0,10.0,2830.0,2830.0,2670.0,43696.0
2003.03.04,2710.0,40.0,2680.0,2710.0,2600.0,26709.0
2003.03.05,2520.0,190.0,2680.0,2680.0,2520.0,30008.0
2003.03.06,2510.0,10.0,2460.0,2660.0,2460.0,101580.0
2003.03.07,2430.0,80.0,2580.0,2580.0,2420.0,27985.0
2003.03.10,2220.0,210.0,2350.0,2510.0,2210.0,20617.0
2003.03.11,2220.0,0.0,2180.0,2220.0,2070.0,33863.0
2003.03.12,2270.0,50.0,2140.0,2290.0,2140.0,40822.0
2003.03.13,2150.0,120.0,2250.0,2300.0,2150.0,23905.0
2003.03.14,2270.0,120.0,2300.0,2380.0,2230.0,32390.0
2003.03.17,2160.0,110.0,2260.0,2290.0,2130.0,33182.0
2003.03.18,2280.0,120.0,2360.0,2360.0,2250.0,11742.0
2003.03.19,2340.0,60.0,2290.0,2340.0,2270.0,36347.0
2003.03.20,2460.0,120.0,2390.0,2500.0,2380.0,36359.0
2003.03.21,2490.0,30.0,2490.0,2540.0,2400.0,25763.0
2003.03.24,2480.0,10.0,2600.0,2600.0,2450.0,18114.0
2003.03.25,2350.0,130.0,2350.0,2430.0,2300.0,54456.0
2003.03.26,2460.0,110.0,2550.0,2550.0,2420.0,25646.0
2003.03.27,2750.0,290.0,2400.0,2750.0,2400.0,93413.0
2003.03.28,3080.0,330.0,3080.0,3080.0,3080.0,51973.0
2003.03.31,3230.0,150.0,3440.0,3440.0,3010.0,1241741.0
2003.04.01,3040.0,190.0,3130.0,3200.0,2910.0,398466.0
2003.04.02,3150.0,110.0,3150.0,3270.0,3040.0,556979.0
2003.04.03,3250.0,100.0,3200.0,3500.0,3070.0,1372313.0
2003.04.04,2990.0,260.0,3200.0,3250.0,2920.0,342039.0
2003.04.07,3070.0,80.0,3130.0,3150.0,2990.0,309964.0
2003.04.08,3120.0,50.0,3010.0,3200.0,3000.0,324777.0
2003.04.09,3230.0,110.0,3110.0,3440.0,3110.0,669109.0
2003.04.10,3230.0,0.0,3280.0,3430.0,3170.0,369404.0
2003.04.11,3400.0,170.0,3350.0,3410.0,3240.0,333312.0
2003.04.14,3400.0,0.0,3450.0,3620.0,3340.0,475860.0
2003.04.15,3290.0,110.0,3450.0,3460.0,3230.0,253507.0
2003.04.16,3430.0,140.0,3350.0,3680.0,3280.0,1175195.0
2003.04.17,3840.0,410.0,3580.0,3840.0,3470.0,375486.0
2003.04.18,4300.0,460.0,4300.0,4300.0,4060.0,1168553.0
2003.04.21,4480.0,180.0,4340.0,4780.0,4250.0,579118.0
2003.04.22,4550.0,70.0,4580.0,4680.0,4280.0,407400.0
2003.04.23,4590.0,40.0,4560.0,4940.0,4450.0,653038.0
2003.04.24,4640.0,50.0,4570.0,4830.0,4560.0,691332.0
2003.04.25,4090.0,550.0,4850.0,4850.0,4090.0,509381.0
2003.04.28,4050.0,40.0,3900.0,4280.0,3680.0,366133.0
2003.04.29,3840.0,210.0,3860.0,4190.0,3840.0,304229.0
2003.04.30,3940.0,100.0,3910.0,4100.0,3730.0,607637.0
2003.05.02,4300.0,360.0,3960.0,4390.0,3950.0,820849.0
2003.05.06,4330.0,30.0,4300.0,4410.0,4200.0,249216.0
2003.05.07,4520.0,190.0,4420.0,4570.0,4250.0,398387.0
2003.05.09,4480.0,40.0,4450.0,4540.0,4330.0,201543.0
2003.05.12,4360.0,120.0,4500.0,4510.0,4260.0,310773.0
2003.05.13,4120.0,240.0,4230.0,4360.0,4110.0,288726.0
2003.05.14,3850.0,270.0,4160.0,4210.0,3800.0,308245.0
2003.05.15,3850.0,0.0,3760.0,3970.0,3740.0,235920.0
2003.05.16,3700.0,150.0,3820.0,3920.0,3660.0,175398.0
2003.05.19,3480.0,220.0,3510.0,3700.0,3410.0,205113.0
2003.05.20,3510.0,30.0,3350.0,3620.0,3350.0,178085.0
2003.05.21,3600.0,90.0,3480.0,3650.0,3480.0,130586.0
2003.05.22,3410.0,190.0,3730.0,3730.0,3410.0,165293.0
2003.05.23,3420.0,10.0,3420.0,3550.0,3380.0,146384.0
2003.05.26,3650.0,230.0,3420.0,3780.0,3420.0,194690.0
2003.05.27,3650.0,0.0,3710.0,3790.0,3600.0,164223.0
2003.05.28,3610.0,40.0,3690.0,3790.0,3610.0,140756.0
2003.05.29,3490.0,120.0,3610.0,3680.0,3470.0,84695.0
2003.05.30,3670.0,180.0,3510.0,3800.0,3500.0,152589.0
2003.06.02,3700.0,30.0,3710.0,3740.0,3670.0,99261.0
2003.06.03,3860.0,160.0,3700.0,3990.0,3700.0,194453.0
2003.06.04,4000.0,140.0,4010.0,4150.0,3960.0,124600.0
2003.06.05,3770.0,230.0,3920.0,4100.0,3700.0,95832.0
2003.06.09,3850.0,80.0,3650.0,3990.0,3650.0,103389.0
2003.06.10,4150.0,300.0,3850.0,4150.0,3850.0,86328.0
2003.06.11,4200.0,50.0,4100.0,4350.0,4000.0,145026.0
2003.06.12,4150.0,50.0,4160.0,4270.0,4070.0,72886.0
2003.06.13,4070.0,80.0,4150.0,4260.0,4070.0,96098.0
2003.06.16,4030.0,40.0,4020.0,4150.0,4020.0,61896.0
2003.06.17,4100.0,70.0,4070.0,4320.0,3970.0,251165.0
2003.06.18,3950.0,150.0,4060.0,4160.0,3910.0,83670.0
2003.06.19,3920.0,30.0,3930.0,4040.0,3880.0,65760.0
2003.06.20,4000.0,80.0,3850.0,4020.0,3850.0,58487.0
2003.06.23,4160.0,160.0,4050.0,4270.0,4000.0,151935.0
2003.06.24,4270.0,110.0,4180.0,4420.0,4180.0,217986.0
2003.06.25,4780.0,510.0,4350.0,4780.0,4350.0,361304.0
2003.06.26,4210.0,570.0,4700.0,4850.0,4210.0,511212.0
2003.06.27,4200.0,10.0,4170.0,4350.0,4020.0,192337.0
2003.06.30,4060.0,140.0,4130.0,4320.0,4060.0,158507.0
2003.07.01,4060.0,0.0,4010.0,4120.0,4000.0,134081.0
2003.07.02,4200.0,140.0,4090.0,4260.0,4090.0,91705.0
2003.07.03,4300.0,100.0,4330.0,4350.0,4190.0,121690.0
2003.07.04,4490.0,190.0,4250.0,4490.0,4250.0,179924.0
2003.07.07,4490.0,0.0,4520.0,4600.0,4410.0,122550.0
2003.07.08,4580.0,90.0,4400.0,4700.0,4350.0,158459.0
2003.07.09,4640.0,60.0,4670.0,4760.0,4510.0,99478.0
2003.07.10,4430.0,210.0,4600.0,4690.0,4430.0,92432.0
2003.07.11,4700.0,270.0,4440.0,4880.0,4400.0,146477.0
2003.07.14,5260.0,560.0,4710.0,5260.0,4710.0,222307.0
2003.07.15,4630.0,630.0,5890.0,5890.0,4630.0,752201.0
2003.07.16,4250.0,380.0,4730.0,4900.0,4080.0,1388064.0
2003.07.18,4190.0,60.0,4160.0,4300.0,4090.0,197593.0
2003.07.21,4100.0,90.0,4100.0,4265.0,4100.0,269607.0
2003.07.22,3940.0,160.0,4050.0,4250.0,3770.0,429553.0
2003.07.23,3710.0,230.0,3950.0,4040.0,3670.0,251903.0
2003.07.24,3650.0,60.0,3650.0,3860.0,3650.0,191164.0
2003.07.25,3650.0,0.0,3640.0,3745.0,3610.0,130074.0
2003.07.28,3715.0,65.0,3690.0,3760.0,3675.0,146992.0
2003.07.29,3730.0,15.0,3775.0,3775.0,3665.0,126110.0
2003.07.30,3570.0,160.0,3670.0,3745.0,3560.0,112065.0
2003.07.31,3510.0,60.0,3550.0,3570.0,3510.0,87732.0
2003.08.01,3355.0,155.0,3470.0,3530.0,3300.0,132210.0
2003.08.04,3160.0,195.0,3300.0,3355.0,3100.0,88587.0
2003.08.05,3295.0,135.0,3130.0,3340.0,3130.0,59552.0
2003.08.06,3495.0,200.0,3300.0,3590.0,3210.0,83144.0
2003.08.07,3310.0,185.0,3500.0,3540.0,3285.0,81318.0
2003.08.08,3255.0,55.0,3330.0,3400.0,3255.0,50555.0
2003.08.11,3220.0,35.0,3240.0,3270.0,3180.0,46207.0
2003.08.12,3190.0,30.0,3225.0,3330.0,3190.0,58935.0
2003.08.13,3140.0,50.0,3190.0,3250.0,3140.0,53038.0
2003.08.14,3200.0,60.0,3110.0,3200.0,3045.0,74400.0
2003.08.18,3235.0,35.0,3205.0,3300.0,3160.0,66579.0
2003.08.19,3180.0,55.0,3240.0,3265.0,3180.0,64130.0
2003.08.20,3040.0,140.0,3165.0,3220.0,2990.0,76902.0
2003.08.21,3075.0,35.0,3020.0,3135.0,3000.0,80532.0
2003.08.22,3030.0,45.0,3100.0,3100.0,2990.0,73875.0
2003.08.25,2975.0,55.0,3000.0,3045.0,2930.0,107032.0
2003.08.26,2890.0,85.0,2860.0,2965.0,2860.0,53914.0
2003.08.27,2900.0,10.0,2850.0,2935.0,2850.0,80820.0
2003.08.28,3160.0,260.0,2900.0,3160.0,2900.0,56017.0
2003.08.29,3180.0,20.0,3160.0,3235.0,3115.0,74141.0
2003.09.01,3330.0,150.0,3135.0,3345.0,3135.0,59011.0
2003.09.02,3310.0,20.0,3350.0,3480.0,3310.0,49872.0
2003.09.03,3160.0,150.0,3255.0,3310.0,3145.0,36359.0
2003.09.04,3145.0,15.0,3240.0,3280.0,3145.0,34036.0
2003.09.05,3040.0,105.0,3150.0,3200.0,3035.0,19670.0
2003.09.08,3045.0,5.0,3180.0,3180.0,3040.0,29783.0
2003.09.09,3200.0,155.0,3060.0,3280.0,3060.0,45234.0
2003.09.15,3110.0,90.0,3145.0,3200.0,3105.0,17824.0
2003.09.16,3105.0,5.0,3060.0,3135.0,3060.0,21313.0
2003.09.17,3290.0,185.0,3200.0,3330.0,3125.0,60251.0
2003.09.18,3235.0,55.0,3345.0,3390.0,3200.0,44023.0
2003.09.19,3160.0,75.0,3270.0,3380.0,3150.0,50553.0
2003.09.22,2965.0,195.0,3160.0,3160.0,2965.0,83598.0
2003.09.23,2960.0,5.0,2900.0,3060.0,2860.0,54062.0
2003.09.24,2950.0,10.0,2990.0,3035.0,2920.0,40206.0
2003.09.25,2970.0,20.0,2825.0,2990.0,2825.0,33408.0
2003.09.26,2930.0,40.0,2970.0,3040.0,2910.0,20033.0
2003.09.29,2935.0,5.0,3030.0,3050.0,2920.0,18171.0
2003.09.30,2900.0,35.0,2935.0,3020.0,2895.0,22867.0
2003.10.01,2820.0,80.0,2855.0,2965.0,2815.0,22947.0
2003.10.02,2850.0,30.0,2840.0,2885.0,2800.0,21709.0
2003.10.06,2870.0,20.0,2890.0,2900.0,2850.0,17258.0
2003.10.07,2900.0,30.0,2840.0,2950.0,2840.0,25040.0
2003.10.08,2930.0,30.0,2920.0,2950.0,2900.0,10178.0
2003.10.09,3000.0,70.0,2930.0,3030.0,2870.0,29107.0
2003.10.10,3020.0,20.0,2930.0,3040.0,2930.0,27537.0
2003.10.13,3010.0,10.0,2980.0,3040.0,2960.0,21730.0
2003.10.14,2990.0,20.0,2980.0,3020.0,2975.0,21048.0
2003.10.15,2955.0,35.0,2950.0,3000.0,2905.0,23711.0
2003.10.16,2935.0,20.0,2910.0,3015.0,2890.0,17862.0
2003.10.17,2900.0,35.0,2880.0,2950.0,2860.0,18018.0
2003.10.20,2825.0,75.0,2850.0,2890.0,2820.0,15918.0
2003.10.21,2850.0,25.0,2820.0,2900.0,2820.0,26840.0
2003.10.22,2870.0,20.0,2810.0,2880.0,2810.0,18742.0
2003.10.23,2830.0,40.0,2805.0,2870.0,2805.0,27197.0
2003.10.24,2850.0,20.0,2915.0,2915.0,2830.0,15105.0
2003.10.27,2850.0,0.0,2900.0,2900.0,2830.0,18241.0
2003.10.28,2820.0,30.0,2850.0,2890.0,2800.0,37243.0
2003.10.29,2830.0,10.0,2800.0,2865.0,2800.0,23704.0
2003.10.30,2870.0,40.0,2890.0,2890.0,2840.0,27950.0
2003.10.31,2985.0,115.0,2855.0,2985.0,2855.0,17220.0
2003.11.03,3340.0,355.0,3005.0,3340.0,3005.0,216407.0
2003.11.04,3340.0,0.0,3450.0,3460.0,3170.0,113221.0
2003.11.05,3285.0,55.0,3345.0,3470.0,3210.0,123881.0
2003.11.06,3615.0,330.0,3260.0,3675.0,3240.0,392364.0
2003.11.07,3900.0,285.0,3790.0,4000.0,3660.0,605206.0
2003.11.10,3730.0,170.0,3950.0,3950.0,3640.0,188709.0
2003.11.11,3820.0,90.0,3730.0,4090.0,3450.0,613725.0
2003.11.12,4030.0,210.0,3985.0,4275.0,3950.0,715934.0
2003.11.13,4100.0,70.0,4080.0,4130.0,3900.0,345412.0
2003.11.14,4110.0,10.0,4030.0,4185.0,3965.0,238059.0
2003.11.17,3800.0,310.0,3825.0,4050.0,3800.0,186144.0
2003.11.18,3600.0,200.0,3750.0,3750.0,3510.0,245526.0
2003.11.19,3510.0,90.0,3650.0,3650.0,3455.0,149314.0
2003.11.20,3850.0,340.0,3550.0,3930.0,3520.0,335856.0
2003.11.21,3850.0,0.0,3870.0,3940.0,3720.0,132199.0
2003.11.24,3540.0,310.0,3800.0,3880.0,3400.0,188081.0
2003.11.25,3550.0,10.0,3550.0,3790.0,3500.0,119128.0
2003.11.26,3450.0,100.0,3400.0,3600.0,3360.0,136038.0
2003.11.27,3530.0,80.0,3400.0,3590.0,3400.0,254495.0
2003.11.28,3470.0,60.0,3540.0,3625.0,3465.0,80636.0
2003.12.01,3520.0,50.0,3500.0,3550.0,3370.0,128471.0
2003.12.02,3555.0,35.0,3505.0,3620.0,3495.0,125713.0
2003.12.03,3550.0,5.0,3575.0,3595.0,3460.0,108779.0
2003.12.04,3450.0,100.0,3560.0,3560.0,3405.0,65793.0
2003.12.05,3450.0,0.0,3420.0,3490.0,3320.0,121877.0
2003.12.08,3600.0,150.0,3475.0,3600.0,3450.0,138435.0
2003.12.09,3570.0,30.0,3685.0,3685.0,3570.0,86103.0
2003.12.10,3500.0,70.0,3530.0,3555.0,3430.0,70326.0
2003.12.11,3550.0,50.0,3450.0,3580.0,3450.0,57857.0
2003.12.12,3850.0,300.0,3560.0,3970.0,3540.0,252278.0
2003.12.15,4010.0,160.0,3900.0,4050.0,3750.0,191843.0
2003.12.16,3900.0,110.0,4060.0,4070.0,3800.0,115108.0
2003.12.17,3900.0,0.0,3950.0,3980.0,3830.0,75209.0
2003.12.18,3705.0,195.0,3900.0,3970.0,3705.0,112510.0
2003.12.19,3595.0,110.0,3670.0,3800.0,3450.0,93701.0
2003.12.22,3650.0,55.0,3540.0,3910.0,3540.0,133358.0
2003.12.23,3510.0,140.0,3730.0,3730.0,3510.0,71809.0
2003.12.24,3500.0,10.0,3510.0,3590.0,3405.0,112900.0
2003.12.26,3465.0,35.0,3500.0,3590.0,3460.0,64972.0
2003.12.29,3610.0,145.0,3870.0,3870.0,3510.0,57207.0
2003.12.30,3700.0,90.0,3570.0,3800.0,3570.0,89881.0
2004.01.02,3900.0,200.0,3780.0,3900.0,3650.0,86422.0
2004.01.05,3965.0,65.0,3855.0,4275.0,3850.0,487166.0
2004.01.06,3975.0,10.0,4000.0,4010.0,3820.0,146214.0
2004.01.07,3895.0,80.0,3970.0,4150.0,3895.0,150552.0
2004.01.08,3750.0,145.0,3895.0,4000.0,3740.0,137240.0
2004.01.09,3785.0,35.0,3850.0,3850.0,3700.0,139143.0
2004.01.12,3780.0,5.0,3885.0,3930.0,3750.0,113591.0
2004.01.13,3735.0,45.0,3890.0,3890.0,3520.0,170738.0
2004.01.14,3640.0,95.0,3605.0,3690.0,3585.0,103444.0
2004.01.15,3530.0,110.0,3640.0,3640.0,3530.0,83207.0
2004.01.16,3525.0,5.0,3470.0,3525.0,3350.0,158653.0
2004.01.19,3520.0,5.0,3520.0,3675.0,3460.0,127379.0
2004.01.20,3620.0,100.0,3630.0,3630.0,3520.0,26711.0
2004.01.26,3400.0,220.0,3590.0,3620.0,3400.0,92528.0
2004.01.27,3560.0,160.0,3400.0,3570.0,3400.0,65064.0
2004.01.28,3475.0,85.0,3630.0,3630.0,3455.0,30283.0
2004.01.29,3540.0,65.0,3400.0,3565.0,3355.0,142387.0
2004.01.30,3460.0,80.0,3540.0,3590.0,3420.0,41903.0
2004.02.02,3510.0,50.0,3500.0,3550.0,3410.0,106876.0
2004.02.03,3630.0,120.0,3545.0,3680.0,3510.0,185479.0
2004.02.04,3850.0,220.0,3680.0,3930.0,3580.0,349268.0
2004.02.05,3600.0,250.0,3870.0,4020.0,3465.0,326054.0
2004.02.06,3470.0,130.0,3530.0,3600.0,3440.0,157481.0
2004.02.09,3515.0,45.0,3500.0,3535.0,3435.0,133740.0
2004.02.10,3440.0,75.0,3455.0,3520.0,3430.0,109900.0
2004.02.11,3400.0,40.0,3400.0,3470.0,3400.0,72578.0
2004.02.12,3400.0,0.0,3420.0,3455.0,3400.0,80296.0
2004.02.13,3400.0,0.0,3330.0,3435.0,3330.0,65796.0
2004.02.16,3350.0,50.0,3360.0,3430.0,3350.0,65847.0
2004.02.17,3425.0,75.0,3360.0,3435.0,3360.0,77857.0
2004.02.18,3400.0,25.0,3410.0,3465.0,3375.0,38649.0
2004.02.19,3280.0,120.0,3360.0,3395.0,3230.0,115679.0
2004.02.20,3270.0,10.0,3300.0,3300.0,3260.0,43313.0
2004.02.23,3200.0,70.0,3250.0,3340.0,3190.0,59803.0
2004.02.24,3435.0,235.0,3200.0,3465.0,3200.0,115152.0
2004.02.25,3525.0,90.0,3510.0,3650.0,3435.0,377272.0
2004.02.26,3475.0,50.0,3610.0,3610.0,3200.0,108290.0
2004.02.27,3410.0,65.0,3475.0,3475.0,3320.0,114887.0
2004.03.02,3300.0,110.0,3430.0,3480.0,3300.0,113732.0
2004.03.03,3695.0,395.0,3300.0,3695.0,3300.0,251819.0
2004.03.04,3520.0,175.0,3815.0,4120.0,3500.0,523483.0
2004.03.05,3390.0,130.0,3510.0,3510.0,3360.0,89654.0
2004.03.08,3330.0,60.0,3400.0,3440.0,3310.0,101592.0
2004.03.09,3310.0,20.0,3265.0,3385.0,3265.0,68084.0
2004.03.10,3275.0,35.0,3270.0,3400.0,3270.0,60565.0
2004.03.11,3240.0,35.0,3345.0,3345.0,3210.0,51127.0
2004.03.12,3135.0,105.0,3215.0,3295.0,2855.0,111802.0
2004.03.15,3125.0,10.0,3050.0,3200.0,3050.0,41581.0
2004.03.16,3370.0,245.0,3110.0,3475.0,3090.0,186498.0
2004.03.17,3380.0,10.0,3450.0,3515.0,3370.0,155951.0
2004.03.18,3390.0,10.0,3470.0,3470.0,3370.0,45193.0
2004.03.19,3370.0,20.0,3375.0,3410.0,3300.0,29303.0
2004.03.22,3420.0,50.0,3390.0,3440.0,3335.0,54345.0
2004.03.23,3505.0,85.0,3375.0,3505.0,3375.0,62479.0
2004.03.24,3540.0,35.0,3455.0,3590.0,3450.0,107547.0
2004.03.25,3440.0,100.0,3530.0,3585.0,3440.0,34968.0
2004.03.26,3590.0,150.0,3420.0,3590.0,3400.0,116858.0
2004.03.29,4020.0,430.0,3685.0,4020.0,3685.0,373957.0
2004.03.30,4500.0,480.0,4500.0,4500.0,4340.0,1829967.0
2004.03.31,3960.0,540.0,4500.0,4585.0,3960.0,854795.0
2004.04.01,3925.0,35.0,4000.0,4010.0,3810.0,307408.0
2004.04.02,3845.0,80.0,3955.0,4065.0,3825.0,344288.0
2004.04.06,3990.0,145.0,3805.0,4035.0,3805.0,317158.0
2004.04.07,3760.0,230.0,4190.0,4410.0,3760.0,1255445.0
2004.04.08,3690.0,70.0,3805.0,3870.0,3645.0,196660.0
2004.04.09,3670.0,20.0,3665.0,3790.0,3610.0,231613.0
2004.04.12,3660.0,10.0,3740.0,3800.0,3660.0,174172.0
2004.04.13,3500.0,160.0,3700.0,3700.0,3500.0,171296.0
2004.04.14,3440.0,60.0,3430.0,3560.0,3430.0,124548.0
2004.04.16,3440.0,0.0,3455.0,3510.0,3440.0,94874.0
2004.04.19,3510.0,70.0,3370.0,3530.0,3355.0,162313.0
2004.04.20,3540.0,30.0,3530.0,3610.0,3470.0,125162.0
2004.04.21,3700.0,160.0,3580.0,3840.0,3570.0,287879.0
2004.04.22,3635.0,65.0,3670.0,3765.0,3635.0,118365.0
2004.04.23,3795.0,160.0,3760.0,3890.0,3705.0,230440.0
2004.04.26,4250.0,455.0,3980.0,4250.0,3850.0,463041.0
2004.04.27,3900.0,350.0,4300.0,4330.0,3900.0,263019.0
2004.04.28,3800.0,100.0,3850.0,4060.0,3705.0,119749.0
2004.04.29,3670.0,130.0,3715.0,3885.0,3645.0,154724.0
2004.04.30,4110.0,440.0,3610.0,4110.0,3610.0,270479.0
2004.05.03,4115.0,5.0,4450.0,4600.0,4065.0,610841.0
2004.05.04,4205.0,90.0,4130.0,4205.0,3980.0,300629.0
2004.05.06,4345.0,140.0,4600.0,4600.0,4000.0,565169.0
2004.05.07,4600.0,255.0,4345.0,4865.0,4110.0,547819.0
2004.05.10,4310.0,290.0,4340.0,4790.0,4250.0,490037.0
2004.05.11,4600.0,290.0,4260.0,4715.0,4260.0,333479.0
2004.05.12,4400.0,200.0,4670.0,5140.0,4400.0,1317753.0
2004.05.13,4275.0,125.0,4360.0,4440.0,4100.0,296061.0
2004.05.14,4000.0,275.0,4300.0,4350.0,3905.0,305879.0
2004.05.17,3540.0,460.0,3910.0,4035.0,3530.0,316419.0
2004.05.18,3600.0,60.0,3345.0,3645.0,3260.0,208646.0
2004.05.19,3645.0,45.0,3600.0,3780.0,3600.0,162794.0
2004.05.20,3480.0,165.0,3550.0,3720.0,3450.0,196845.0
2004.05.21,3575.0,95.0,3500.0,3625.0,3500.0,106720.0
2004.05.24,3975.0,400.0,3700.0,3975.0,3680.0,163490.0
2004.05.25,3940.0,35.0,3900.0,4160.0,3770.0,145334.0
2004.05.27,3870.0,70.0,4050.0,4100.0,3860.0,143818.0
2004.05.28,3840.0,30.0,3970.0,3995.0,3810.0,83922.0
2004.05.31,3990.0,150.0,3850.0,4060.0,3825.0,175345.0
2004.06.01,4060.0,70.0,4140.0,4230.0,4000.0,191324.0
2004.06.02,4060.0,0.0,4045.0,4150.0,4010.0,97095.0
2004.06.03,3870.0,190.0,4100.0,4190.0,3870.0,111093.0
2004.06.04,3910.0,40.0,3865.0,3960.0,3865.0,56224.0
2004.06.07,3910.0,0.0,3915.0,4000.0,3860.0,67647.0
2004.06.08,3950.0,40.0,3930.0,3990.0,3875.0,61579.0
2004.06.09,4000.0,50.0,3930.0,4130.0,3920.0,150621.0
2004.06.10,4090.0,90.0,3960.0,4195.0,3960.0,138487.0
2004.06.11,4120.0,30.0,4100.0,4150.0,4015.0,112733.0
2004.06.14,4265.0,145.0,4160.0,4485.0,4070.0,294412.0
2004.06.15,4430.0,165.0,4240.0,4480.0,4180.0,242039.0
2004.06.16,4325.0,105.0,4485.0,4500.0,4315.0,150333.0
2004.06.17,4190.0,135.0,4300.0,4390.0,4190.0,137903.0
2004.06.18,4100.0,90.0,4130.0,4275.0,4090.0,70185.0
2004.06.21,4020.0,80.0,4110.0,4180.0,4020.0,89130.0
2004.06.22,4040.0,20.0,3950.0,4080.0,3875.0,131144.0
2004.06.23,3920.0,120.0,4090.0,4100.0,3910.0,62108.0
2004.06.24,3940.0,20.0,3925.0,4025.0,3925.0,86208.0
2004.06.25,4035.0,95.0,3915.0,4035.0,3910.0,69932.0
2004.06.28,4030.0,5.0,4090.0,4100.0,4000.0,50779.0
2004.06.29,4075.0,45.0,4000.0,4150.0,4000.0,55096.0
2004.06.30,4130.0,55.0,4055.0,4145.0,4000.0,132097.0
2004.07.01,4100.0,30.0,4130.0,4190.0,4080.0,120085.0
2004.07.02,4030.0,70.0,4100.0,4130.0,3990.0,90099.0
2004.07.05,4115.0,85.0,4005.0,4115.0,4000.0,73711.0
2004.07.06,4390.0,275.0,4250.0,4605.0,4240.0,624297.0
2004.07.07,4475.0,85.0,4400.0,4475.0,4270.0,148655.0
2004.07.08,4315.0,160.0,4510.0,4560.0,4310.0,159310.0
2004.07.09,4370.0,55.0,4260.0,4400.0,4215.0,79722.0
2004.07.12,4305.0,65.0,4395.0,4690.0,4305.0,236648.0
2004.07.13,4320.0,15.0,4230.0,4350.0,4230.0,103578.0
2004.07.14,4280.0,40.0,4300.0,4470.0,4250.0,84836.0
2004.07.15,4265.0,15.0,4280.0,4390.0,4255.0,83291.0
2004.07.16,4345.0,80.0,4210.0,4400.0,4205.0,61121.0
2004.07.19,4400.0,55.0,4345.0,4560.0,4290.0,107628.0
2004.07.20,4390.0,10.0,4360.0,4450.0,4300.0,91055.0
2004.07.21,4430.0,40.0,4500.0,4520.0,4390.0,86313.0
2004.07.22,4600.0,170.0,4410.0,4810.0,4410.0,295566.0
2004.07.23,4790.0,190.0,4615.0,4800.0,4565.0,200575.0
2004.07.26,4395.0,395.0,4805.0,5100.0,4395.0,373014.0
2004.07.27,4465.0,70.0,4435.0,4485.0,4355.0,127587.0
2004.07.28,4500.0,35.0,4600.0,4685.0,4500.0,131424.0
2004.07.29,4390.0,110.0,4450.0,4590.0,4100.0,147721.0
2004.07.30,4300.0,90.0,4220.0,4380.0,4210.0,142329.0
2004.08.02,4000.0,300.0,4230.0,4340.0,3960.0,135351.0
2004.08.03,3980.0,20.0,3965.0,4150.0,3880.0,81571.0
2004.08.04,4040.0,60.0,3910.0,4050.0,3905.0,57584.0
2004.08.05,4195.0,155.0,4010.0,4200.0,4010.0,56391.0
2004.08.06,4125.0,70.0,4115.0,4200.0,4110.0,51535.0
2004.08.09,4040.0,85.0,4100.0,4145.0,3995.0,55935.0
2004.08.10,4115.0,75.0,4010.0,4255.0,4010.0,118307.0
2004.08.11,4200.0,85.0,4140.0,4255.0,4130.0,78785.0
2004.08.12,4315.0,115.0,4280.0,4315.0,4200.0,63477.0
2004.08.13,4310.0,5.0,4360.0,4360.0,4225.0,40966.0
2004.08.16,4165.0,145.0,4240.0,4300.0,4095.0,105525.0
2004.08.17,4100.0,65.0,4160.0,4230.0,4070.0,60188.0
2004.08.18,4150.0,50.0,4050.0,4180.0,4050.0,52186.0
2004.08.19,4155.0,5.0,4150.0,4180.0,4100.0,67775.0
2004.08.20,4320.0,165.0,4135.0,4375.0,4130.0,162618.0
2004.08.23,4270.0,50.0,4350.0,4370.0,4250.0,48416.0
2004.08.24,4150.0,120.0,4310.0,4310.0,4150.0,79245.0
2004.08.25,4205.0,55.0,4130.0,4205.0,4090.0,77493.0
2004.08.26,4130.0,75.0,4205.0,4300.0,4130.0,56327.0
2004.08.27,4110.0,20.0,4100.0,4170.0,4090.0,62804.0
2004.08.30,4110.0,0.0,4090.0,4130.0,4090.0,45247.0
2004.08.31,4240.0,130.0,4090.0,4300.0,4090.0,114066.0
2004.09.01,4200.0,40.0,4250.0,4250.0,4160.0,55576.0
2004.09.02,4280.0,80.0,4205.0,4345.0,4205.0,109242.0
2004.09.03,4180.0,100.0,4280.0,4310.0,4150.0,56274.0
2004.09.06,4110.0,70.0,4180.0,4235.0,4100.0,76363.0
2004.09.07,4135.0,25.0,4120.0,4165.0,4110.0,22673.0
2004.09.08,4140.0,5.0,4130.0,4195.0,4100.0,44651.0
2004.09.09,4130.0,10.0,4105.0,4185.0,4060.0,42792.0
2004.09.10,4155.0,25.0,4150.0,4200.0,4130.0,41852.0
2004.09.13,4245.0,90.0,4175.0,4310.0,4175.0,65272.0
2004.09.14,4180.0,65.0,4290.0,4290.0,4180.0,51561.0
2004.09.15,4160.0,20.0,4145.0,4200.0,4120.0,45062.0
2004.09.16,4210.0,50.0,4130.0,4275.0,4130.0,61703.0
2004.09.17,4310.0,100.0,4230.0,4330.0,4165.0,181045.0
2004.09.20,3795.0,515.0,4460.0,4650.0,3795.0,974483.0
2004.09.21,4195.0,400.0,3760.0,4250.0,3605.0,590112.0
2004.09.22,3895.0,300.0,4250.0,4295.0,3820.0,173986.0
2004.09.23,3900.0,5.0,3760.0,4050.0,3760.0,125314.0
2004.09.24,3915.0,15.0,3895.0,3990.0,3855.0,51275.0
2004.09.30,3835.0,80.0,3860.0,4000.0,3820.0,60971.0
2004.10.01,3750.0,85.0,3795.0,3870.0,3750.0,62226.0
2004.10.04,3770.0,20.0,3740.0,3820.0,3730.0,51686.0
2004.10.05,3820.0,50.0,3770.0,3845.0,3730.0,47742.0
2004.10.06,3720.0,100.0,3830.0,3850.0,3720.0,50926.0
2004.10.07,3725.0,5.0,3695.0,3745.0,3675.0,50601.0
2004.10.08,3600.0,125.0,3740.0,3745.0,3580.0,58266.0
2004.10.11,3570.0,30.0,3565.0,3680.0,3565.0,37708.0
2004.10.12,3580.0,10.0,3590.0,3645.0,3550.0,38527.0
2004.10.13,3630.0,50.0,3565.0,3660.0,3560.0,32909.0
2004.10.14,3660.0,30.0,3620.0,3710.0,3615.0,30132.0
2004.10.15,3680.0,20.0,3650.0,3750.0,3650.0,41104.0
2004.10.18,3690.0,10.0,3680.0,3790.0,3650.0,17537.0
2004.10.19,3585.0,105.0,3630.0,3695.0,3585.0,37899.0
2004.10.20,3460.0,125.0,3560.0,3640.0,3440.0,43734.0
2004.10.21,3575.0,115.0,3455.0,3610.0,3410.0,39944.0
2004.10.22,3510.0,65.0,3680.0,3680.0,3500.0,20648.0
2004.10.25,3355.0,155.0,3575.0,3575.0,3320.0,20749.0
2004.10.26,3335.0,20.0,3470.0,3470.0,3335.0,24627.0
2004.10.27,3395.0,60.0,3335.0,3420.0,3335.0,15613.0
2004.10.28,3440.0,45.0,3405.0,3470.0,3360.0,18537.0
2004.10.29,3440.0,0.0,3380.0,3445.0,3380.0,10238.0
2004.11.01,3395.0,45.0,3355.0,3440.0,3355.0,8044.0
2004.11.02,3540.0,145.0,3490.0,3550.0,3420.0,17590.0
2004.11.03,3640.0,100.0,3490.0,3640.0,3490.0,23434.0
2004.11.04,3685.0,45.0,3630.0,3700.0,3560.0,37346.0
2004.11.05,3560.0,125.0,3615.0,3685.0,3550.0,12907.0
2004.11.08,3600.0,40.0,3550.0,3680.0,3550.0,43744.0
2004.11.09,3550.0,50.0,3600.0,3635.0,3550.0,9520.0
2004.11.10,3610.0,60.0,3540.0,3630.0,3540.0,15091.0
2004.11.11,3600.0,10.0,3560.0,3620.0,3560.0,10163.0
2004.11.12,3595.0,5.0,3570.0,3610.0,3550.0,15791.0
2004.11.15,3720.0,125.0,3600.0,3750.0,3600.0,31607.0
2004.11.16,3605.0,115.0,3695.0,3820.0,3595.0,61319.0
2004.11.17,3620.0,15.0,3620.0,3690.0,3600.0,27843.0
2004.11.18,3595.0,25.0,3585.0,3670.0,3550.0,20057.0
2004.11.19,3595.0,0.0,3595.0,3695.0,3545.0,8587.0
2004.11.22,3695.0,100.0,3530.0,3730.0,3530.0,35251.0
2004.11.23,3710.0,15.0,3650.0,3740.0,3650.0,25401.0
2004.11.24,3700.0,10.0,3680.0,3770.0,3680.0,41223.0
2004.11.25,3790.0,90.0,3755.0,3850.0,3695.0,36327.0
2004.11.26,3830.0,40.0,3740.0,3980.0,3740.0,67757.0
2004.11.29,3930.0,100.0,3810.0,3950.0,3780.0,62180.0
2004.11.30,4000.0,70.0,3950.0,4015.0,3930.0,99577.0
2004.12.01,4280.0,280.0,3995.0,4450.0,3960.0,174760.0
2004.12.02,4175.0,105.0,4340.0,4375.0,4130.0,82117.0
2004.12.03,3940.0,235.0,4090.0,4170.0,3900.0,107886.0
2004.12.06,4085.0,145.0,3905.0,4290.0,3900.0,117977.0
2004.12.07,4310.0,225.0,4190.0,4540.0,4140.0,595725.0
2004.12.08,3950.0,360.0,4320.0,4320.0,3795.0,256682.0
2004.12.09,4000.0,50.0,4040.0,4045.0,3925.0,87017.0
2004.12.10,4165.0,165.0,3900.0,4230.0,3900.0,155473.0
2004.12.13,4200.0,35.0,4200.0,4450.0,4185.0,268059.0
2004.12.14,4080.0,120.0,4280.0,4440.0,4025.0,430830.0
2004.12.15,4175.0,95.0,4145.0,4380.0,4110.0,230365.0
2004.12.16,4235.0,60.0,4150.0,4280.0,4120.0,151505.0
2004.12.17,4740.0,505.0,4450.0,4740.0,4410.0,250183.0
2004.12.20,5300.0,560.0,5300.0,5300.0,5300.0,56169.0
2004.12.21,5930.0,630.0,5930.0,5930.0,5450.0,1151161.0
2004.12.22,6640.0,710.0,6540.0,6640.0,6400.0,331778.0
2004.12.23,5850.0,790.0,6900.0,6900.0,5850.0,1239152.0
2004.12.24,5750.0,100.0,5700.0,5850.0,5160.0,704764.0
2004.12.27,5500.0,250.0,5960.0,6070.0,5440.0,388988.0
2004.12.28,4840.0,660.0,5230.0,5500.0,4840.0,468058.0
2004.12.29,5010.0,170.0,4860.0,5170.0,4820.0,348260.0
2004.12.30,4950.0,60.0,5150.0,5180.0,4860.0,217885.0
2005.01.03,5540.0,590.0,5130.0,5540.0,5020.0,217456.0
2005.01.04,6200.0,660.0,5800.0,6200.0,5700.0,258995.0
2005.01.05,6940.0,740.0,6450.0,6940.0,6310.0,264436.0
2005.01.06,6700.0,240.0,7640.0,7770.0,6110.0,492318.0
2005.01.07,6200.0,500.0,6750.0,6800.0,5900.0,765427.0
2005.01.10,6360.0,160.0,6240.0,6490.0,6110.0,489257.0
2005.01.11,6170.0,190.0,6390.0,6460.0,6000.0,340474.0
2005.01.12,6360.0,190.0,6200.0,6730.0,6170.0,765609.0
2005.01.13,7120.0,760.0,6590.0,7120.0,6370.0,563952.0
2005.01.14,7970.0,850.0,7600.0,7970.0,7500.0,290157.0
2005.01.17,7800.0,170.0,8500.0,8920.0,7530.0,1713566.0
2005.01.18,8730.0,930.0,7800.0,8730.0,7560.0,897863.0
2005.01.19,9770.0,1040.0,9200.0,9770.0,9000.0,827171.0
2005.01.20,9820.0,50.0,9770.0,10850.0,9010.0,1144287.0
2005.01.21,9900.0,80.0,9700.0,10250.0,9310.0,596576.0
2005.01.24,9730.0,170.0,9910.0,10250.0,9510.0,515494.0
2005.01.25,10850.0,1120.0,9600.0,10850.0,8820.0,764491.0
2005.01.26,9820.0,1030.0,11200.0,11450.0,9700.0,530699.0
2005.01.27,9000.0,820.0,9820.0,10050.0,8900.0,401618.0
2005.01.28,9410.0,410.0,8910.0,9950.0,8820.0,426660.0
2005.01.31,10500.0,1090.0,9500.0,10500.0,9500.0,606977.0
2005.02.01,11650.0,1150.0,10700.0,11750.0,9930.0,785378.0
2005.02.02,11350.0,300.0,11100.0,12850.0,10750.0,829683.0
2005.02.03,12000.0,650.0,11550.0,12700.0,11200.0,584412.0
2005.02.04,13400.0,1400.0,11800.0,13400.0,11800.0,517044.0
2005.02.07,15000.0,1600.0,14100.0,15000.0,14100.0,93698.0
2005.02.11,16800.0,1800.0,15900.0,16800.0,15500.0,226309.0
2005.02.14,18800.0,2000.0,18800.0,18800.0,18050.0,459141.0
2005.02.15,21050.0,2250.0,18500.0,21050.0,17600.0,971235.0
2005.02.16,21000.0,50.0,21100.0,22400.0,19500.0,741754.0
2005.02.17,20800.0,200.0,20600.0,22000.0,20400.0,489634.0
2005.02.18,23250.0,2450.0,20300.0,23250.0,20050.0,493066.0
2005.02.21,26000.0,2750.0,25000.0,26000.0,24700.0,64712.0
2005.02.22,23100.0,2900.0,28550.0,28750.0,22900.0,893277.0
2005.02.23,25850.0,2750.0,22100.0,25850.0,22100.0,613502.0
2005.02.24,22750.0,3100.0,26300.0,28950.0,22750.0,1814410.0
2005.02.25,20050.0,2700.0,21800.0,22750.0,20050.0,819714.0
2005.02.28,21000.0,950.0,18800.0,21150.0,17650.0,2577985.0
2005.03.02,18500.0,2500.0,20000.0,21300.0,18500.0,805264.0
2005.03.03,17800.0,700.0,17300.0,18200.0,16300.0,1609355.0
2005.03.04,17250.0,550.0,18000.0,18550.0,16800.0,816755.0
2005.03.07,16800.0,450.0,17500.0,19000.0,15650.0,1440001.0
2005.03.08,14800.0,2000.0,17000.0,17150.0,14800.0,730246.0
2005.03.09,13050.0,1750.0,13800.0,14000.0,13050.0,1305565.0
2005.03.10,14500.0,1450.0,13150.0,14600.0,12500.0,2205700.0
2005.03.11,12800.0,1700.0,14550.0,14950.0,12800.0,992096.0
2005.03.14,13900.0,1100.0,13400.0,14300.0,12700.0,1568473.0
2005.03.15,12950.0,950.0,14100.0,14500.0,12950.0,1293856.0
2005.03.16,11750.0,1200.0,12350.0,12700.0,11400.0,1122211.0
2005.03.17,13150.0,1400.0,12150.0,13150.0,11950.0,647031.0
2005.03.18,13400.0,250.0,13450.0,14600.0,12650.0,1732235.0
2005.03.21,15000.0,1600.0,13950.0,15000.0,13450.0,1167518.0
2005.03.22,14000.0,1000.0,15300.0,15500.0,13200.0,1324039.0
2005.03.23,14800.0,800.0,13750.0,15000.0,13150.0,1071865.0
2005.03.24,15100.0,300.0,15100.0,15450.0,14100.0,822961.0
2005.03.25,16150.0,1050.0,16000.0,16900.0,15600.0,2026238.0
2005.03.28,13750.0,2400.0,16250.0,16250.0,13750.0,778855.0
2005.03.29,13900.0,150.0,13500.0,15050.0,12850.0,1092882.0
2005.03.30,13300.0,600.0,13500.0,14150.0,13150.0,448205.0
2005.03.31,11500.0,1800.0,13300.0,13850.0,11500.0,764560.0
2005.04.01,11800.0,300.0,11500.0,12300.0,10750.0,557443.0
2005.04.04,11400.0,400.0,12250.0,12600.0,11400.0,454012.0
2005.04.06,11100.0,300.0,11350.0,11600.0,10950.0,394160.0
2005.04.07,12000.0,900.0,11400.0,12250.0,11100.0,653362.0
2005.04.08,11300.0,700.0,12000.0,12100.0,11200.0,341576.0
2005.04.11,11600.0,300.0,10950.0,11650.0,10850.0,309274.0
2005.04.12,12100.0,500.0,11600.0,12250.0,11600.0,510393.0
2005.04.13,13100.0,1000.0,12400.0,13700.0,12000.0,1203559.0
2005.04.14,12500.0,600.0,12850.0,13500.0,12450.0,520015.0
2005.04.15,11700.0,800.0,12450.0,12750.0,11600.0,399871.0
2005.04.18,10850.0,850.0,11300.0,12150.0,10300.0,406211.0
2005.04.19,11050.0,200.0,11000.0,11400.0,10900.0,262638.0
2005.04.20,11650.0,600.0,11200.0,12000.0,11200.0,369988.0
2005.04.21,11250.0,400.0,11700.0,12150.0,11000.0,438782.0
2005.04.22,11750.0,500.0,11550.0,11750.0,11250.0,259507.0
2005.04.25,13500.0,1750.0,11950.0,13500.0,11900.0,674305.0
2005.04.26,13350.0,150.0,14500.0,14700.0,13150.0,876453.0
2005.04.27,14100.0,750.0,13550.0,14850.0,13200.0,927420.0
2005.04.28,14400.0,300.0,14600.0,16200.0,13900.0,1221603.0
2005.04.29,16550.0,2150.0,14000.0,16550.0,13950.0,1329968.0
2005.05.02,19000.0,2450.0,17750.0,19000.0,17700.0,330295.0
2005.05.03,21850.0,2850.0,21000.0,21850.0,20700.0,205310.0
2005.05.04,19200.0,2650.0,21350.0,22000.0,18600.0,3331255.0
2005.05.06,20000.0,800.0,19700.0,22050.0,19500.0,2922055.0
2005.05.09,18300.0,1700.0,20500.0,21900.0,17450.0,1847908.0
2005.05.10,19000.0,700.0,18300.0,20350.0,17200.0,1996240.0
2005.05.11,19350.0,350.0,18800.0,20100.0,17900.0,1477440.0
2005.05.12,20700.0,1350.0,19750.0,22000.0,19700.0,2166229.0
2005.05.13,21300.0,600.0,20500.0,22700.0,20000.0,2082663.0
2005.05.16,21800.0,500.0,22200.0,23400.0,21400.0,1238406.0
2005.05.17,20700.0,1100.0,22300.0,22750.0,20200.0,839253.0
2005.05.18,18950.0,1750.0,20500.0,21200.0,18850.0,937662.0
2005.05.19,19900.0,950.0,19300.0,20600.0,18900.0,1362512.0
2005.05.20,18500.0,1400.0,20500.0,21400.0,18150.0,823447.0
2005.05.23,19900.0,1400.0,19050.0,20150.0,18250.0,1175460.0
2005.05.24,18800.0,1100.0,20100.0,20250.0,17800.0,1006631.0
2005.05.25,17850.0,950.0,18800.0,19100.0,17750.0,475819.0
2005.05.26,17800.0,50.0,17850.0,19200.0,17300.0,884044.0
2005.05.27,17600.0,200.0,17700.0,18400.0,17350.0,402550.0
2005.05.30,18650.0,1050.0,17650.0,18950.0,17650.0,714150.0
2005.05.31,19400.0,750.0,18500.0,19450.0,18050.0,858336.0
2005.06.01,19800.0,400.0,19400.0,21100.0,19300.0,1007496.0
2005.06.02,19950.0,150.0,20300.0,20500.0,19600.0,594345.0
2005.06.03,19050.0,900.0,20550.0,20600.0,18900.0,822563.0
2005.06.07,20850.0,1800.0,19150.0,21150.0,18300.0,1111357.0
2005.06.08,17750.0,3100.0,20700.0,20950.0,17750.0,1160990.0
2005.06.09,17400.0,350.0,17800.0,18900.0,17250.0,762333.0
2005.06.10,16350.0,1050.0,17500.0,17850.0,15550.0,541160.0
2005.06.13,16750.0,400.0,16400.0,17050.0,16150.0,332737.0
2005.06.14,16200.0,550.0,16550.0,17150.0,16150.0,396230.0
2005.06.15,17150.0,950.0,16400.0,17600.0,16400.0,633937.0
2005.06.16,17150.0,0.0,17350.0,17500.0,16700.0,272762.0
2005.06.17,17000.0,150.0,17350.0,17450.0,16600.0,292319.0
2005.06.20,16500.0,500.0,16750.0,17050.0,16100.0,229428.0
2005.06.21,15850.0,650.0,16500.0,16750.0,15050.0,338974.0
2005.06.22,16200.0,350.0,15750.0,16850.0,15750.0,518471.0
2005.06.23,16300.0,100.0,16100.0,17150.0,15800.0,549241.0
2005.06.24,16950.0,650.0,16400.0,17000.0,16050.0,397396.0
2005.06.27,18300.0,1350.0,17100.0,18500.0,16800.0,1007758.0
2005.06.28,16800.0,1500.0,18500.0,18550.0,16800.0,494641.0
2005.06.29,16450.0,350.0,17200.0,17300.0,16050.0,453096.0
2005.06.30,17100.0,650.0,16500.0,17400.0,16500.0,470139.0
2005.07.01,16600.0,500.0,16900.0,17100.0,16300.0,242588.0
2005.07.04,17300.0,700.0,16500.0,17300.0,16400.0,344321.0
2005.07.05,16900.0,400.0,17500.0,17800.0,16900.0,315435.0
2005.07.06,19400.0,2500.0,17000.0,19400.0,16500.0,1218755.0
2005.07.07,19000.0,400.0,19250.0,20300.0,18650.0,1084838.0
2005.07.08,20500.0,1500.0,19250.0,21750.0,19100.0,1551336.0
2005.07.11,21600.0,1100.0,21600.0,22950.0,20900.0,1400962.0
2005.07.12,22000.0,400.0,21800.0,22100.0,20400.0,863684.0
2005.07.13,20500.0,1500.0,21700.0,22300.0,19600.0,705477.0
2005.07.14,20000.0,500.0,20100.0,20600.0,19400.0,561307.0
2005.07.15,17000.0,3000.0,20000.0,20200.0,17000.0,1289710.0
2005.07.18,16600.0,400.0,15750.0,17150.0,15050.0,1782458.0
2005.07.19,16600.0,0.0,17100.0,17400.0,16400.0,621491.0
2005.07.20,15500.0,1100.0,16600.0,17200.0,14300.0,758162.0
2005.07.21,15950.0,450.0,15550.0,17450.0,15200.0,1500425.0
2005.07.22,16000.0,50.0,15600.0,16550.0,15500.0,485497.0
2005.07.25,16300.0,300.0,16050.0,17500.0,16050.0,936211.0
2005.07.26,15850.0,450.0,16050.0,16300.0,15700.0,354853.0
2005.07.27,16100.0,250.0,16000.0,16250.0,15900.0,270441.0
2005.07.28,16500.0,400.0,16150.0,17150.0,16100.0,610842.0
2005.07.29,15850.0,650.0,16500.0,16650.0,15500.0,314718.0
2005.08.01,15550.0,300.0,15650.0,16100.0,15450.0,181998.0
2005.08.02,15500.0,50.0,15500.0,16000.0,15450.0,219401.0
2005.08.03,15050.0,450.0,15500.0,15700.0,14600.0,232159.0
2005.08.04,14200.0,850.0,15300.0,15500.0,14000.0,272713.0
2005.08.05,12850.0,1350.0,13950.0,13950.0,12600.0,249748.0
2005.08.08,13200.0,350.0,12400.0,13650.0,12150.0,379567.0
2005.08.09,13500.0,300.0,12950.0,13600.0,12950.0,187116.0
2005.08.10,13500.0,0.0,13550.0,14050.0,13400.0,141996.0
2005.08.11,14050.0,550.0,14000.0,14900.0,13900.0,194496.0
2005.08.12,14700.0,650.0,14300.0,14900.0,14050.0,196870.0
2005.08.16,14250.0,450.0,14600.0,14900.0,14250.0,106664.0
2005.08.17,14300.0,50.0,14000.0,15500.0,13800.0,575128.0
2005.08.18,13300.0,1000.0,14200.0,14600.0,13150.0,173859.0
2005.08.19,13100.0,200.0,13300.0,13500.0,13000.0,92021.0
2005.08.22,13400.0,300.0,13000.0,13500.0,13000.0,84754.0
2005.08.23,13750.0,350.0,13400.0,14000.0,13400.0,100325.0
2005.08.24,13700.0,50.0,14000.0,14050.0,13500.0,86398.0
2005.08.25,13600.0,100.0,13900.0,13900.0,13500.0,61984.0
2005.08.26,12850.0,750.0,13700.0,13900.0,12550.0,109010.0
2005.08.29,12050.0,800.0,12500.0,13000.0,12050.0,67934.0
2005.08.30,12150.0,100.0,12200.0,12450.0,12050.0,71002.0
2005.08.31,12350.0,200.0,11900.0,12700.0,11900.0,139292.0
2005.09.01,12500.0,150.0,12400.0,12900.0,12350.0,108947.0
2005.09.02,12550.0,50.0,12250.0,12800.0,12150.0,136672.0
2005.09.05,14400.0,1850.0,12950.0,14400.0,12600.0,376987.0
2005.09.06,14600.0,200.0,14700.0,14750.0,13850.0,414157.0
2005.09.07,14400.0,200.0,14950.0,14950.0,14350.0,153180.0
2005.09.08,15000.0,600.0,14450.0,15200.0,14200.0,371398.0
2005.09.09,15550.0,550.0,15000.0,15750.0,14700.0,778352.0
2005.09.12,15450.0,100.0,16000.0,16100.0,15350.0,249533.0
2005.09.13,14300.0,1150.0,15450.0,15500.0,14300.0,282265.0
2005.09.14,14100.0,200.0,14000.0,14550.0,14000.0,137918.0
2005.09.15,14400.0,300.0,14050.0,14700.0,14050.0,164289.0
2005.09.16,14900.0,500.0,14400.0,14900.0,14250.0,184419.0
2005.09.20,14300.0,400.0,14700.0,14700.0,14100.0,96933.0
2005.09.21,14400.0,100.0,14200.0,14900.0,14150.0,113289.0
2005.09.22,14150.0,250.0,14500.0,14650.0,13800.0,98461.0
2005.09.23,15400.0,1250.0,14300.0,16150.0,14300.0,366110.0
2005.09.26,16100.0,700.0,16000.0,17150.0,16000.0,317297.0
2005.09.27,15850.0,250.0,16550.0,16550.0,15400.0,146808.0
2005.09.28,16250.0,400.0,16250.0,16650.0,16150.0,261379.0
2005.09.29,16650.0,400.0,16300.0,17400.0,16300.0,269788.0
2005.09.30,16350.0,300.0,16600.0,17000.0,16300.0,194512.0
2005.10.04,17150.0,800.0,16300.0,17350.0,16300.0,253854.0
2005.10.05,17950.0,800.0,17300.0,17950.0,16950.0,259861.0
2005.10.06,17400.0,550.0,18200.0,18800.0,17000.0,364546.0
2005.10.07,17300.0,100.0,17100.0,17700.0,16800.0,189288.0
2005.10.10,17800.0,500.0,17350.0,18200.0,17350.0,219610.0
2005.10.11,17900.0,100.0,17800.0,18050.0,17500.0,169954.0
2005.10.12,18550.0,650.0,18200.0,19950.0,18200.0,1115997.0
2005.10.13,17800.0,750.0,18600.0,18700.0,17300.0,349610.0
2005.10.14,17200.0,600.0,18000.0,18000.0,16700.0,232076.0
2005.10.17,17000.0,200.0,17050.0,17200.0,16650.0,305721.0
2005.10.18,16100.0,900.0,16900.0,17200.0,16050.0,241078.0
2005.10.19,16500.0,400.0,16500.0,16800.0,15350.0,281782.0
2005.10.20,17000.0,500.0,17400.0,17800.0,16800.0,428280.0
2005.10.21,17500.0,500.0,16450.0,17650.0,16450.0,203984.0
2005.10.24,17350.0,150.0,17600.0,17800.0,17250.0,189255.0
2005.10.25,17350.0,0.0,17350.0,17600.0,17050.0,145639.0
2005.10.26,18900.0,1550.0,17350.0,19850.0,17350.0,810600.0
2005.10.27,18200.0,700.0,18800.0,19100.0,17950.0,225438.0
2005.10.28,17200.0,1000.0,17850.0,18100.0,16550.0,270630.0
2005.10.31,18200.0,1000.0,17400.0,18350.0,17400.0,266860.0
2005.11.01,18400.0,200.0,18300.0,19550.0,18250.0,715590.0
2005.11.02,19150.0,750.0,18500.0,19250.0,18200.0,286944.0
2005.11.03,20700.0,1550.0,19550.0,21950.0,19050.0,991849.0
2005.11.04,21400.0,700.0,20500.0,21850.0,20050.0,554153.0
2005.11.07,24600.0,3200.0,22150.0,24600.0,21700.0,895988.0
2005.11.08,25150.0,550.0,25950.0,26900.0,23850.0,839461.0
2005.11.09,27400.0,2250.0,25000.0,28500.0,23900.0,897280.0
2005.11.10,26100.0,1300.0,27600.0,29250.0,26050.0,913138.0
2005.11.11,23050.0,3050.0,24400.0,25100.0,22750.0,840044.0
2005.11.14,23000.0,50.0,22500.0,24250.0,21500.0,575448.0
2005.11.15,25900.0,2900.0,22600.0,26450.0,22500.0,1185836.0
2005.11.16,26050.0,150.0,25500.0,28350.0,25500.0,585823.0
2005.11.17,27500.0,1450.0,26100.0,27500.0,25500.0,541825.0
2005.11.18,27400.0,100.0,28000.0,29300.0,27050.0,557001.0
2005.11.21,27200.0,200.0,27400.0,27900.0,26350.0,652009.0
2005.11.22,27050.0,150.0,27600.0,28250.0,25500.0,430363.0
2005.11.23,28500.0,1450.0,27150.0,28500.0,26700.0,530128.0
2005.11.24,28900.0,400.0,29100.0,30800.0,28750.0,771081.0
2005.11.25,27900.0,1000.0,28350.0,29150.0,27800.0,331293.0
2005.11.28,26000.0,1900.0,27900.0,28500.0,25800.0,355573.0
2005.11.29,24650.0,1350.0,25050.0,26300.0,23300.0,606591.0
2005.11.30,25700.0,1050.0,24650.0,26000.0,24400.0,325261.0
2005.12.01,25000.0,700.0,25500.0,26600.0,25000.0,305024.0
2005.12.02,23500.0,1500.0,24500.0,25500.0,23350.0,419224.0
2005.12.05,24650.0,1150.0,24400.0,25200.0,24100.0,301796.0
2005.12.06,23700.0,950.0,24300.0,24650.0,23450.0,231363.0
2005.12.07,21750.0,1950.0,23300.0,23600.0,21700.0,284743.0
2005.12.08,22600.0,850.0,21550.0,22950.0,21400.0,267940.0
2005.12.09,22100.0,500.0,22050.0,22800.0,21900.0,199105.0
2005.12.12,22100.0,0.0,21900.0,22900.0,21850.0,158209.0
2005.12.13,24800.0,2700.0,22300.0,24900.0,22300.0,398823.0
2005.12.14,25000.0,200.0,24300.0,25250.0,23600.0,302266.0
2005.12.15,24200.0,800.0,24700.0,25400.0,24100.0,196979.0
2005.12.16,20600.0,3600.0,20600.0,20600.0,20600.0,42755.0
2005.12.19,17550.0,3050.0,17550.0,17750.0,17550.0,258893.0
2005.12.20,15000.0,2550.0,16150.0,17400.0,14950.0,981369.0
2005.12.21,17150.0,2150.0,16300.0,17250.0,16000.0,1199708.0
2005.12.22,15050.0,2100.0,17000.0,17350.0,14600.0,775164.0
2005.12.23,15700.0,650.0,14500.0,16500.0,13200.0,740274.0
2005.12.26,17400.0,1700.0,15800.0,17600.0,15750.0,701816.0
2005.12.27,16400.0,1000.0,17500.0,17900.0,16400.0,480390.0
2005.12.28,16650.0,250.0,16500.0,17000.0,16000.0,213721.0
2005.12.29,15900.0,750.0,16600.0,16900.0,15800.0,222694.0
2006.01.02,15300.0,600.0,15650.0,15900.0,14900.0,245594.0
2006.01.03,15400.0,100.0,15350.0,15900.0,15150.0,266145.0
2006.01.04,16200.0,800.0,15700.0,16700.0,15550.0,371760.0
2006.01.05,16500.0,300.0,16550.0,17150.0,15950.0,328279.0
2006.01.06,17500.0,1000.0,16450.0,18350.0,16450.0,544985.0
2006.01.09,18050.0,550.0,17600.0,18400.0,17150.0,277702.0
2006.01.10,17900.0,150.0,18000.0,19200.0,17650.0,484043.0
2006.01.11,17150.0,750.0,18200.0,18300.0,17100.0,193594.0
2006.01.12,17000.0,150.0,17300.0,17900.0,17000.0,261671.0
2006.01.13,16500.0,500.0,16800.0,17400.0,16350.0,129105.0
2006.01.16,16500.0,0.0,16350.0,16850.0,16050.0,182698.0
2006.01.17,15900.0,600.0,16500.0,16750.0,15900.0,169659.0
2006.01.18,14500.0,1400.0,15800.0,16100.0,13550.0,311517.0
2006.01.19,13950.0,550.0,14600.0,14800.0,13800.0,166014.0
2006.01.20,14250.0,300.0,14050.0,14700.0,13600.0,252391.0
2006.01.23,12150.0,2100.0,13300.0,13950.0,12150.0,241903.0
2006.01.24,12400.0,250.0,12000.0,12600.0,10800.0,212091.0
2006.01.25,14250.0,1850.0,12600.0,14250.0,12600.0,362456.0
2006.01.26,14100.0,150.0,14800.0,15600.0,13800.0,529094.0
2006.01.27,14800.0,700.0,14500.0,14950.0,14150.0,285375.0
2006.01.31,15500.0,700.0,15150.0,16250.0,14750.0,321225.0
2006.02.01,14500.0,1000.0,15700.0,15800.0,14150.0,268972.0
2006.02.02,14700.0,200.0,14800.0,15000.0,14100.0,155044.0
2006.02.03,13800.0,900.0,14100.0,14350.0,13650.0,165247.0
2006.02.06,14250.0,450.0,13350.0,14250.0,12950.0,172484.0
2006.02.07,14050.0,200.0,14100.0,14550.0,13950.0,137348.0
2006.02.08,14250.0,200.0,13800.0,14600.0,13800.0,208069.0
2006.02.09,15250.0,1000.0,14600.0,15800.0,14250.0,380280.0
2006.02.10,17200.0,1950.0,15900.0,17450.0,15800.0,567923.0
2006.02.13,16200.0,1000.0,17350.0,18450.0,16050.0,547438.0
2006.02.14,15850.0,350.0,16100.0,16200.0,15350.0,214560.0
2006.02.15,16200.0,350.0,16100.0,16900.0,15700.0,284257.0
2006.02.16,16400.0,200.0,16100.0,17050.0,16100.0,250117.0
2006.02.17,16900.0,500.0,16500.0,17050.0,16400.0,232012.0
2006.02.20,17050.0,150.0,17100.0,17700.0,17000.0,232783.0
2006.02.21,16900.0,150.0,17000.0,17300.0,16700.0,138332.0
2006.02.22,16800.0,100.0,16750.0,17300.0,16750.0,237217.0
2006.02.23,17400.0,600.0,17350.0,18300.0,17200.0,447348.0
2006.02.24,17800.0,400.0,17950.0,18250.0,17350.0,221738.0
2006.02.27,18000.0,200.0,18000.0,18000.0,17450.0,203069.0
2006.02.28,17200.0,800.0,17750.0,18000.0,17100.0,166463.0
2006.03.02,17150.0,50.0,17150.0,17600.0,16850.0,155412.0
2006.03.03,16200.0,950.0,17000.0,17250.0,16200.0,186381.0
2006.03.06,16250.0,50.0,16100.0,16400.0,15650.0,231115.0
2006.03.07,15800.0,450.0,15950.0,16600.0,15750.0,216195.0
2006.03.08,15000.0,800.0,15950.0,16250.0,13900.0,466847.0
2006.03.09,15300.0,300.0,14900.0,16050.0,14900.0,363141.0
2006.03.10,15250.0,50.0,15600.0,15900.0,15250.0,198545.0
2006.03.13,15300.0,50.0,15300.0,15600.0,15150.0,175206.0
2006.03.14,15400.0,100.0,15350.0,15550.0,15200.0,157316.0
2006.03.15,16250.0,850.0,15550.0,16750.0,15400.0,361531.0
2006.03.16,18650.0,2400.0,16400.0,18650.0,16150.0,548248.0
2006.03.17,18150.0,500.0,19550.0,20650.0,17750.0,1391189.0
2006.03.20,20100.0,1950.0,18250.0,20250.0,18100.0,1145588.0
2006.03.21,19850.0,250.0,20900.0,21700.0,19800.0,793036.0
2006.03.22,20500.0,650.0,19500.0,21000.0,19500.0,768055.0
2006.03.23,19700.0,800.0,20900.0,21400.0,19700.0,655076.0
2006.03.24,18300.0,1400.0,19500.0,19950.0,18100.0,449610.0
2006.03.27,17750.0,550.0,18400.0,18650.0,17750.0,335174.0
2006.03.28,18150.0,400.0,17850.0,18300.0,17550.0,421834.0
2006.03.29,19400.0,1250.0,17900.0,19650.0,17900.0,659388.0
2006.03.30,19700.0,300.0,19400.0,19850.0,18950.0,382379.0
2006.03.31,19200.0,500.0,20000.0,20450.0,19200.0,421764.0
2006.04.03,19700.0,500.0,19300.0,19950.0,19200.0,345535.0
2006.04.04,18850.0,850.0,19850.0,20150.0,18850.0,353470.0
2006.04.05,18800.0,50.0,19000.0,19650.0,18700.0,319663.0
2006.04.06,18800.0,0.0,19200.0,19350.0,18800.0,242402.0
2006.04.07,19500.0,700.0,18750.0,19500.0,18650.0,296451.0
2006.04.10,21500.0,2000.0,19650.0,21500.0,19350.0,706220.0
2006.04.11,21700.0,200.0,21500.0,21950.0,20700.0,505336.0
2006.04.12,21950.0,250.0,21400.0,22950.0,21050.0,524887.0
2006.04.13,20650.0,1300.0,21800.0,22150.0,20600.0,383096.0
2006.04.14,20800.0,150.0,20650.0,21200.0,20400.0,287181.0
2006.04.17,20950.0,150.0,21100.0,21500.0,20600.0,232826.0
2006.04.18,21950.0,1000.0,20900.0,22450.0,20850.0,507096.0
2006.04.19,20800.0,1150.0,22400.0,22550.0,20800.0,401144.0
2006.04.20,19900.0,900.0,20750.0,20950.0,19800.0,326178.0
2006.04.21,19900.0,0.0,19850.0,20450.0,19750.0,210146.0
2006.04.24,18850.0,1050.0,19550.0,19950.0,18850.0,269242.0
2006.04.25,18500.0,350.0,18700.0,19500.0,18500.0,255025.0
2006.04.26,19300.0,800.0,18800.0,19450.0,18500.0,328031.0
2006.04.27,18950.0,350.0,19500.0,19650.0,18800.0,193696.0
2006.04.28,18400.0,550.0,18950.0,19150.0,17850.0,205543.0
2006.05.02,17450.0,950.0,18000.0,18500.0,17350.0,224110.0
2006.05.03,17000.0,450.0,17450.0,18000.0,17000.0,235541.0
2006.05.04,17400.0,400.0,17000.0,17400.0,16800.0,242762.0
2006.05.08,17900.0,500.0,17650.0,18100.0,17150.0,200736.0
2006.05.09,17650.0,250.0,17800.0,18350.0,17650.0,147381.0
2006.05.10,16750.0,900.0,17600.0,18000.0,16700.0,141622.0
2006.05.11,17350.0,600.0,16750.0,17500.0,16500.0,144515.0
2006.05.12,17450.0,100.0,17000.0,17600.0,16950.0,116131.0
2006.05.15,17400.0,50.0,17350.0,17450.0,17000.0,72329.0
2006.05.16,18000.0,600.0,17600.0,18400.0,17450.0,268802.0
2006.05.17,18400.0,400.0,18250.0,18600.0,17750.0,179690.0
2006.05.18,17000.0,1400.0,17600.0,17900.0,16100.0,200581.0
2006.05.19,16850.0,150.0,16600.0,17000.0,16250.0,110861.0
2006.05.22,15700.0,1150.0,16950.0,17000.0,15650.0,105700.0
2006.05.23,16100.0,400.0,15350.0,16350.0,15250.0,118241.0
2006.05.24,15300.0,800.0,16200.0,16200.0,15050.0,107413.0
2006.05.25,14000.0,1300.0,15400.0,15600.0,14000.0,134441.0
2006.05.26,16100.0,2100.0,14500.0,16100.0,14300.0,182375.0
2006.05.29,16750.0,650.0,17100.0,17800.0,16050.0,314232.0
2006.05.30,16300.0,450.0,16750.0,16750.0,15800.0,111118.0
2006.06.01,15600.0,700.0,16000.0,16800.0,15400.0,114071.0
2006.06.02,15350.0,250.0,15850.0,16000.0,14600.0,116326.0
2006.06.05,14900.0,450.0,15150.0,15350.0,14400.0,103843.0
2006.06.07,13700.0,1200.0,14300.0,14300.0,13000.0,129474.0
2006.06.08,13350.0,350.0,13300.0,13800.0,13050.0,82557.0
2006.06.09,14300.0,950.0,13800.0,14350.0,13750.0,133705.0
2006.06.12,14100.0,200.0,14300.0,14350.0,13850.0,49753.0
2006.06.13,13750.0,350.0,13800.0,13950.0,13500.0,56586.0
2006.06.14,14400.0,650.0,13400.0,14400.0,13400.0,71549.0
2006.06.15,14500.0,100.0,14850.0,15000.0,14400.0,69676.0
2006.06.16,15100.0,600.0,15100.0,15300.0,14750.0,107249.0
2006.06.19,15250.0,150.0,14900.0,15700.0,14700.0,158727.0
2006.06.20,14750.0,500.0,15000.0,15550.0,14350.0,75629.0
2006.06.21,14850.0,100.0,14800.0,15450.0,14650.0,97919.0
2006.06.22,15000.0,150.0,15100.0,15250.0,14750.0,72461.0
2006.06.23,15900.0,900.0,14900.0,15900.0,14800.0,105451.0
2006.06.26,15750.0,150.0,15750.0,16100.0,15400.0,84601.0
2006.06.27,16000.0,250.0,15800.0,16000.0,15550.0,73866.0
2006.06.28,15450.0,550.0,15500.0,15700.0,15300.0,71122.0
2006.06.29,15800.0,350.0,15500.0,16100.0,15450.0,121341.0
2006.06.30,15900.0,100.0,16100.0,16350.0,15900.0,89080.0
2006.07.03,15600.0,300.0,15900.0,16050.0,15600.0,53033.0
2006.07.04,15700.0,100.0,15850.0,15850.0,15200.0,71646.0
2006.07.05,14950.0,750.0,15200.0,15300.0,14800.0,83999.0
2006.07.06,14900.0,50.0,14850.0,15200.0,14700.0,53089.0
2006.07.07,14750.0,150.0,15050.0,15150.0,14750.0,37829.0
2006.07.10,14700.0,50.0,14500.0,14900.0,14350.0,36903.0
2006.07.11,15100.0,400.0,15000.0,15150.0,14800.0,41516.0
2006.07.12,15600.0,500.0,15400.0,16100.0,15250.0,78310.0
2006.07.13,15400.0,200.0,15800.0,15800.0,15150.0,49475.0
2006.07.14,14750.0,650.0,15000.0,15000.0,14550.0,45150.0
2006.07.18,13850.0,900.0,14700.0,14700.0,13850.0,66255.0
2006.07.19,13700.0,150.0,13950.0,14300.0,13700.0,54633.0
2006.07.20,14050.0,350.0,14150.0,14250.0,13900.0,37102.0
2006.07.21,13850.0,200.0,13900.0,14150.0,13750.0,32722.0
2006.07.24,13800.0,50.0,13750.0,13950.0,13550.0,46966.0
2006.07.25,14350.0,550.0,14000.0,14600.0,14000.0,54121.0
2006.07.26,15200.0,850.0,14300.0,16400.0,14050.0,380900.0
2006.07.27,14650.0,550.0,15300.0,15350.0,14600.0,73609.0
2006.07.28,14650.0,0.0,14600.0,15000.0,14450.0,62923.0
2006.07.31,14850.0,200.0,14850.0,15050.0,14650.0,54784.0
2006.08.01,14450.0,400.0,14700.0,14950.0,14250.0,43317.0
2006.08.02,14550.0,100.0,14500.0,14950.0,14250.0,40489.0
2006.08.03,14350.0,200.0,14650.0,14750.0,14300.0,39208.0
2006.08.04,14450.0,100.0,14500.0,14500.0,14300.0,22979.0
2006.08.07,14250.0,200.0,14450.0,14650.0,14250.0,40215.0
2006.08.08,14100.0,150.0,14250.0,14400.0,14000.0,42451.0
2006.08.09,14550.0,450.0,14250.0,14750.0,14100.0,58694.0
2006.08.10,14950.0,400.0,14450.0,15300.0,14300.0,130289.0
2006.08.11,14850.0,100.0,15200.0,15200.0,14850.0,48067.0
2006.08.14,15200.0,350.0,14850.0,15400.0,14600.0,70487.0
2006.08.16,15200.0,0.0,15400.0,15600.0,15150.0,72489.0
2006.08.17,15450.0,250.0,15350.0,15500.0,15050.0,56120.0
2006.08.18,15600.0,150.0,15450.0,15650.0,15300.0,71547.0
2006.08.21,15200.0,400.0,15650.0,15650.0,15150.0,60107.0
2006.08.22,15200.0,0.0,15150.0,15400.0,15150.0,47690.0
2006.08.23,15500.0,300.0,15100.0,15750.0,15100.0,77496.0
2006.08.24,16000.0,500.0,15700.0,16200.0,15600.0,107763.0
2006.08.25,16600.0,600.0,16000.0,16600.0,15950.0,151513.0
2006.08.28,16300.0,300.0,16700.0,16700.0,16250.0,65038.0
2006.08.29,16350.0,50.0,16400.0,16650.0,16200.0,93156.0
2006.08.30,16500.0,150.0,16250.0,16800.0,16250.0,63987.0
2006.08.31,16700.0,200.0,16650.0,17200.0,16600.0,109952.0
2006.09.01,17000.0,300.0,16750.0,17050.0,16450.0,68306.0
2006.09.04,16850.0,150.0,17150.0,17350.0,16650.0,60975.0
2006.09.05,17000.0,150.0,16950.0,17100.0,16800.0,44047.0
2006.09.06,16850.0,150.0,17000.0,17200.0,16600.0,59931.0
2006.09.07,17100.0,250.0,16550.0,17100.0,16400.0,72897.0
2006.09.08,17500.0,400.0,17200.0,17750.0,16900.0,108648.0
2006.09.11,16800.0,700.0,17350.0,17500.0,16800.0,65157.0
2006.09.12,16750.0,50.0,16800.0,18600.0,16550.0,510314.0
2006.09.13,16150.0,600.0,16850.0,17000.0,16150.0,131042.0
2006.09.14,16050.0,100.0,16100.0,16600.0,15800.0,132320.0
2006.09.15,16200.0,150.0,16150.0,16300.0,16000.0,71641.0
2006.09.18,16650.0,450.0,16200.0,16700.0,16200.0,118873.0
2006.09.19,16500.0,150.0,16700.0,16850.0,16350.0,62480.0
2006.09.20,16350.0,150.0,16500.0,16800.0,16300.0,81915.0
2006.09.21,16450.0,100.0,16450.0,16650.0,16350.0,66474.0
2006.09.22,16600.0,150.0,16500.0,17450.0,16450.0,151112.0
2006.09.25,17100.0,500.0,16700.0,17100.0,16650.0,74897.0
2006.09.26,17450.0,350.0,17250.0,17850.0,16950.0,167273.0
2006.09.27,17450.0,0.0,17700.0,18500.0,16950.0,637091.0
2006.09.28,17600.0,150.0,17300.0,17750.0,17300.0,132279.0
2006.09.29,16600.0,1000.0,17800.0,19300.0,16600.0,770942.0
2006.10.02,16600.0,0.0,16600.0,17250.0,16450.0,162515.0
2006.10.04,15900.0,700.0,16550.0,16600.0,15800.0,128555.0
2006.10.09,13550.0,2350.0,15750.0,16100.0,13550.0,200113.0
2006.10.10,14700.0,1150.0,13500.0,15000.0,13400.0,159983.0
2006.10.11,14800.0,100.0,14300.0,14900.0,13850.0,74170.0
2006.10.12,15150.0,350.0,14700.0,15400.0,14700.0,65747.0
2006.10.13,15100.0,50.0,15250.0,15350.0,14950.0,60320.0
2006.10.16,15300.0,200.0,15200.0,15550.0,14900.0,69555.0
2006.10.17,14800.0,500.0,15350.0,15350.0,14500.0,85850.0
2006.10.18,15100.0,300.0,14700.0,15100.0,14600.0,63632.0
2006.10.19,14900.0,200.0,15300.0,15300.0,14600.0,59166.0
2006.10.20,15100.0,200.0,14900.0,15250.0,14900.0,65280.0
2006.10.23,15700.0,600.0,15250.0,17350.0,15100.0,895678.0
2006.10.24,15600.0,100.0,15800.0,15800.0,15450.0,154670.0
2006.10.25,15700.0,100.0,15750.0,16200.0,15550.0,167257.0
2006.10.26,16000.0,300.0,15800.0,16000.0,15500.0,100578.0
2006.10.27,15600.0,400.0,16100.0,16400.0,15600.0,109395.0
2006.10.30,15200.0,400.0,15250.0,15700.0,15200.0,67118.0
2006.10.31,15500.0,300.0,15250.0,15650.0,15250.0,62519.0
2006.11.01,15550.0,50.0,15650.0,15800.0,15450.0,83588.0
2006.11.02,15650.0,100.0,15500.0,15750.0,15400.0,69891.0
2006.11.03,16350.0,700.0,15750.0,16350.0,15600.0,93380.0
2006.11.06,16350.0,0.0,16100.0,16500.0,16000.0,71494.0
2006.11.07,16400.0,50.0,16400.0,16500.0,16200.0,70757.0
2006.11.08,15800.0,600.0,16400.0,16500.0,15800.0,60222.0
2006.11.09,15850.0,50.0,15950.0,16150.0,15800.0,53247.0
2006.11.10,16400.0,550.0,15700.0,16400.0,15700.0,65756.0
2006.11.13,16500.0,100.0,16450.0,16800.0,16350.0,164670.0
2006.11.14,16500.0,0.0,16500.0,16700.0,16350.0,90332.0
2006.11.15,16700.0,200.0,16550.0,16750.0,16350.0,84566.0
2006.11.16,16500.0,200.0,16800.0,16950.0,16500.0,89365.0
2006.11.17,16500.0,0.0,16500.0,16750.0,16300.0,50948.0
2006.11.20,16150.0,350.0,16500.0,16650.0,16100.0,53659.0
2006.11.21,16350.0,200.0,16150.0,16350.0,16100.0,64066.0
2006.11.22,16300.0,50.0,16450.0,16600.0,16200.0,51882.0
2006.11.23,16400.0,100.0,16400.0,16700.0,16250.0,107558.0
2006.11.24,17100.0,700.0,16500.0,17100.0,16400.0,214533.0
2006.11.27,17450.0,350.0,17200.0,17700.0,16900.0,164168.0
2006.11.28,16900.0,550.0,17300.0,17300.0,16500.0,117837.0
2006.11.29,17300.0,400.0,16950.0,17550.0,16950.0,112265.0
2006.11.30,16550.0,750.0,17400.0,18500.0,16200.0,657542.0
2006.12.01,16100.0,450.0,16700.0,16700.0,16100.0,123767.0
2006.12.04,15550.0,550.0,16150.0,16250.0,15550.0,133515.0
2006.12.05,15550.0,0.0,15550.0,15800.0,15500.0,71824.0
2006.12.06,15600.0,50.0,15500.0,15700.0,15400.0,82733.0
2006.12.07,15600.0,0.0,15550.0,16200.0,15550.0,109251.0
2006.12.08,15300.0,300.0,15600.0,15750.0,15250.0,66150.0
2006.12.11,14950.0,350.0,15300.0,15350.0,14850.0,73206.0
2006.12.12,15000.0,50.0,15250.0,15250.0,14700.0,57196.0
2006.12.13,15150.0,150.0,14950.0,15300.0,14800.0,49372.0
2006.12.14,15100.0,50.0,15050.0,15300.0,15050.0,34052.0
2006.12.15,15500.0,400.0,15100.0,15700.0,15100.0,63032.0
2006.12.18,15550.0,50.0,15500.0,15900.0,15400.0,35476.0
2006.12.19,15300.0,250.0,15400.0,15700.0,15300.0,31537.0
2006.12.20,15000.0,300.0,15300.0,15350.0,14850.0,76781.0
2006.12.21,14650.0,350.0,14950.0,15000.0,14650.0,57734.0
2006.12.22,14300.0,350.0,14600.0,14800.0,14200.0,95861.0
2006.12.26,14350.0,50.0,14300.0,14600.0,14250.0,57286.0
2006.12.27,14300.0,50.0,14400.0,14550.0,14200.0,39400.0
2006.12.28,14800.0,500.0,14400.0,14800.0,14300.0,41749.0
2007.01.02,14700.0,100.0,14800.0,15000.0,14650.0,52833.0
2007.01.03,14700.0,0.0,14700.0,14800.0,14500.0,31234.0
2007.01.04,14300.0,400.0,14800.0,14800.0,14250.0,55537.0
2007.01.05,14050.0,250.0,14250.0,14350.0,13600.0,75914.0
2007.01.08,13750.0,300.0,13800.0,14000.0,13700.0,34540.0
2007.01.09,13750.0,0.0,13800.0,13900.0,13650.0,45467.0
2007.01.10,13400.0,350.0,13750.0,13750.0,13050.0,73358.0
2007.01.11,13400.0,0.0,13350.0,13650.0,13300.0,48943.0
2007.01.12,13550.0,150.0,13550.0,13800.0,13500.0,43862.0
2007.01.15,13300.0,250.0,13500.0,13750.0,13300.0,53000.0
2007.01.16,13350.0,50.0,13200.0,13400.0,13050.0,61288.0
2007.01.17,13200.0,150.0,13200.0,13900.0,12900.0,171437.0
2007.01.18,13350.0,150.0,13200.0,13700.0,13150.0,54437.0
2007.01.19,12650.0,700.0,13350.0,13350.0,12650.0,77465.0
2007.01.22,11800.0,850.0,12600.0,12850.0,11500.0,130017.0
2007.01.23,11700.0,100.0,11750.0,12850.0,11350.0,463900.0
2007.01.24,11900.0,200.0,11750.0,12650.0,11650.0,354287.0
2007.01.25,11900.0,0.0,12100.0,12200.0,11900.0,124615.0
2007.01.26,11600.0,300.0,11750.0,11850.0,11550.0,80366.0
2007.01.29,11550.0,50.0,11600.0,11750.0,11450.0,52426.0
2007.01.30,11250.0,300.0,11450.0,11550.0,11100.0,77642.0
2007.01.31,11000.0,250.0,11200.0,11250.0,10900.0,84676.0
2007.02.01,10900.0,100.0,11100.0,11250.0,10900.0,55663.0
2007.02.02,11250.0,350.0,10950.0,11400.0,10950.0,84680.0
2007.02.05,11900.0,650.0,11400.0,12000.0,11400.0,72098.0
2007.02.06,11950.0,50.0,12050.0,12700.0,11650.0,274300.0
2007.02.07,11800.0,150.0,11900.0,12100.0,11750.0,64725.0
2007.02.08,12100.0,300.0,11950.0,12350.0,11700.0,108170.0
2007.02.09,12400.0,300.0,12200.0,12600.0,12050.0,80329.0
2007.02.12,12500.0,100.0,12400.0,12550.0,12200.0,52416.0
2007.02.13,12300.0,200.0,12400.0,12550.0,12300.0,39980.0
2007.02.14,12300.0,0.0,12350.0,12450.0,12050.0,65368.0
2007.02.15,12100.0,200.0,12350.0,12400.0,12100.0,41006.0
2007.02.16,12250.0,150.0,12150.0,12250.0,11850.0,64748.0
2007.02.20,12300.0,50.0,12250.0,12350.0,12150.0,35030.0
2007.02.21,12200.0,100.0,12400.0,12450.0,12100.0,57049.0
2007.02.22,12100.0,100.0,12300.0,12350.0,12050.0,41843.0
2007.02.23,12100.0,0.0,12050.0,12200.0,12000.0,51858.0
2007.02.26,11950.0,150.0,12100.0,12300.0,11900.0,55865.0
2007.02.27,12250.0,300.0,11950.0,12900.0,11750.0,241768.0
2007.02.28,12100.0,150.0,11800.0,12250.0,11600.0,77649.0
2007.03.02,12700.0,600.0,11900.0,13000.0,11850.0,148215.0
2007.03.05,12700.0,0.0,12900.0,12900.0,12550.0,68673.0
2007.03.06,13200.0,500.0,12600.0,13400.0,12600.0,136695.0
2007.03.07,12550.0,650.0,13350.0,13450.0,12550.0,135097.0
2007.03.08,12750.0,200.0,12700.0,13000.0,12650.0,84903.0
2007.03.09,13050.0,300.0,12800.0,13200.0,12550.0,79472.0
2007.03.12,13100.0,50.0,13100.0,13400.0,12950.0,48247.0
2007.03.13,12800.0,300.0,12900.0,13150.0,12800.0,39357.0
2007.03.14,12450.0,350.0,12750.0,12750.0,12450.0,51889.0
2007.03.15,12800.0,350.0,12700.0,12950.0,12550.0,54309.0
2007.03.16,12850.0,50.0,12800.0,13050.0,12650.0,56549.0
2007.03.19,13300.0,450.0,12850.0,13400.0,12850.0,115895.0
2007.03.20,13750.0,450.0,13700.0,14250.0,13450.0,199617.0
2007.03.21,13700.0,50.0,13800.0,14000.0,13400.0,69889.0
2007.03.22,13950.0,250.0,14200.0,14300.0,13900.0,82337.0
2007.03.23,14400.0,450.0,13850.0,14500.0,13850.0,154720.0
2007.03.26,14400.0,0.0,14300.0,14700.0,14150.0,77245.0
2007.03.27,13800.0,600.0,14300.0,14500.0,13800.0,68909.0
2007.03.28,13650.0,150.0,13700.0,14050.0,13450.0,73533.0
2007.03.29,13500.0,150.0,13700.0,13800.0,13500.0,36881.0
2007.03.30,14000.0,500.0,13400.0,14000.0,13400.0,71817.0
2007.04.02,13800.0,200.0,14000.0,14200.0,13800.0,55404.0
2007.04.03,13050.0,750.0,13700.0,13750.0,12800.0,115043.0
2007.04.04,13200.0,150.0,13500.0,13600.0,13000.0,91071.0
2007.04.05,13900.0,700.0,13550.0,14300.0,13350.0,168508.0
2007.04.06,13950.0,50.0,14350.0,14400.0,13800.0,71000.0
2007.04.09,13500.0,450.0,13950.0,13950.0,13450.0,56618.0
2007.04.10,13550.0,50.0,13700.0,13700.0,13450.0,32843.0
2007.04.11,13500.0,50.0,13700.0,13700.0,13250.0,53269.0
2007.04.12,13700.0,200.0,13650.0,14050.0,13500.0,86139.0
2007.04.13,13550.0,150.0,13650.0,13800.0,13400.0,57247.0
2007.04.16,13650.0,100.0,13600.0,13650.0,13300.0,73066.0
2007.04.17,13400.0,250.0,13650.0,13650.0,13400.0,65727.0
2007.04.18,13650.0,250.0,13500.0,13750.0,13500.0,52012.0
2007.04.19,13400.0,250.0,13750.0,13750.0,13400.0,47240.0
2007.04.20,13400.0,0.0,13450.0,13600.0,13350.0,42033.0
2007.04.23,13400.0,0.0,13600.0,13650.0,13350.0,45006.0
2007.04.24,13050.0,350.0,13400.0,13450.0,13050.0,48654.0
2007.04.25,12800.0,250.0,13050.0,13200.0,12600.0,74003.0
2007.04.26,12850.0,50.0,12950.0,13100.0,12700.0,48058.0
2007.04.27,12700.0,150.0,12700.0,12900.0,12600.0,52327.0
2007.04.30,12450.0,250.0,12600.0,12800.0,12450.0,44730.0
2007.05.02,12500.0,50.0,12600.0,12700.0,12450.0,43676.0
2007.05.03,12700.0,200.0,12700.0,12800.0,12600.0,27191.0
2007.05.04,13350.0,650.0,12700.0,13350.0,12650.0,57581.0
2007.05.07,13350.0,0.0,13350.0,13650.0,13150.0,86040.0
2007.05.08,13150.0,200.0,13450.0,13450.0,13050.0,43185.0
2007.05.09,13850.0,700.0,13200.0,13900.0,13100.0,99418.0
2007.05.10,14500.0,650.0,13950.0,14850.0,13750.0,197515.0
2007.05.11,15750.0,1250.0,14300.0,16550.0,14200.0,610691.0
2007.05.14,14700.0,1050.0,16500.0,16800.0,14700.0,263272.0
2007.05.15,15100.0,400.0,14900.0,16200.0,14750.0,237043.0
2007.05.16,15650.0,550.0,15200.0,15650.0,14850.0,93174.0
2007.05.17,15200.0,450.0,15900.0,16100.0,15000.0,129648.0
2007.05.18,15150.0,50.0,15200.0,15300.0,14750.0,75894.0
2007.05.21,14700.0,450.0,15400.0,15400.0,14700.0,70803.0
2007.05.22,14950.0,250.0,14800.0,15300.0,14450.0,105064.0
2007.05.23,15000.0,50.0,15100.0,15450.0,14500.0,169239.0
2007.05.25,15400.0,400.0,15100.0,15450.0,14800.0,113967.0
2007.05.28,15250.0,150.0,15750.0,15750.0,15200.0,77637.0
2007.05.29,14950.0,300.0,15200.0,15350.0,14700.0,94749.0
2007.05.30,14650.0,300.0,15050.0,15050.0,14500.0,68156.0
2007.05.31,15350.0,700.0,14900.0,15400.0,14800.0,124280.0
2007.06.01,15200.0,150.0,15300.0,16300.0,14950.0,401427.0
2007.06.04,14750.0,450.0,15350.0,15350.0,14700.0,86953.0
2007.06.05,14350.0,400.0,14850.0,14900.0,14350.0,110034.0
2007.06.07,15100.0,750.0,14350.0,15100.0,14200.0,96875.0
2007.06.08,14900.0,200.0,14800.0,15150.0,14600.0,57349.0
2007.06.11,15100.0,200.0,14950.0,15350.0,14750.0,88829.0
2007.06.12,15000.0,100.0,15150.0,15250.0,14800.0,54366.0
2007.06.13,15100.0,100.0,14900.0,15250.0,14800.0,50864.0
2007.06.14,15650.0,550.0,15200.0,15800.0,15100.0,125398.0
2007.06.15,16150.0,500.0,15900.0,16200.0,15350.0,178206.0
2007.06.18,16500.0,350.0,16600.0,16800.0,16250.0,235123.0
2007.06.19,15850.0,650.0,16300.0,16350.0,15750.0,147197.0
2007.06.20,16950.0,1100.0,16000.0,17950.0,15750.0,471430.0
2007.06.21,16850.0,100.0,16650.0,17350.0,16350.0,200459.0
2007.06.22,14400.0,2450.0,14750.0,15800.0,14350.0,643242.0
2007.06.25,14400.0,0.0,14300.0,15150.0,14000.0,174219.0
2007.06.26,13650.0,750.0,14450.0,14550.0,13550.0,176951.0
2007.06.27,13900.0,250.0,13550.0,13900.0,13250.0,80194.0
2007.06.28,14500.0,600.0,14000.0,15500.0,13900.0,435160.0
2007.06.29,14550.0,50.0,14550.0,14600.0,14300.0,63019.0
2007.07.02,14800.0,250.0,14800.0,15000.0,14500.0,67449.0
2007.07.03,14600.0,200.0,14700.0,14900.0,14500.0,66725.0
2007.07.04,15500.0,900.0,14600.0,15500.0,14550.0,175736.0
2007.07.05,15450.0,50.0,15450.0,15650.0,15150.0,69820.0
2007.07.06,15950.0,500.0,15550.0,16000.0,15300.0,118047.0
2007.07.09,15950.0,0.0,16100.0,16500.0,15550.0,104133.0
2007.07.10,16150.0,200.0,15950.0,16250.0,15700.0,100754.0
2007.07.11,16050.0,100.0,16050.0,16050.0,15750.0,41498.0
2007.07.12,15100.0,950.0,16100.0,16600.0,15100.0,401803.0
2007.07.13,15150.0,50.0,15450.0,15600.0,15000.0,99593.0
2007.07.16,14500.0,650.0,15300.0,15300.0,14450.0,103913.0
2007.07.18,14750.0,250.0,14550.0,15200.0,14500.0,73873.0
2007.07.19,15000.0,250.0,15000.0,15100.0,14750.0,39520.0
2007.07.20,14950.0,50.0,15050.0,15150.0,14750.0,55580.0
2007.07.23,14400.0,550.0,14700.0,14900.0,14300.0,116881.0
2007.07.24,14150.0,250.0,14200.0,14350.0,14000.0,110328.0
2007.07.25,14400.0,250.0,14000.0,14550.0,14000.0,39905.0
2007.07.26,14400.0,0.0,14300.0,14600.0,14300.0,41814.0
2007.07.27,13650.0,750.0,14300.0,14350.0,13550.0,106518.0
2007.07.30,13750.0,100.0,13700.0,14100.0,13350.0,41890.0
2007.07.31,14000.0,250.0,13700.0,14100.0,13700.0,33933.0
2007.08.01,13550.0,450.0,14000.0,14000.0,13400.0,48692.0
2007.08.02,13250.0,300.0,13750.0,13750.0,13250.0,38626.0
2007.08.03,13400.0,150.0,13600.0,13600.0,13350.0,30100.0
2007.08.06,13350.0,50.0,13150.0,13400.0,13100.0,33239.0
2007.08.07,14000.0,650.0,13650.0,14300.0,13400.0,104887.0
2007.08.08,13750.0,250.0,14200.0,14350.0,13650.0,52953.0
2007.08.09,13550.0,200.0,13900.0,13900.0,13500.0,37866.0
2007.08.10,13300.0,250.0,13450.0,13450.0,12850.0,58758.0
2007.08.13,13150.0,150.0,13300.0,13300.0,12900.0,42314.0
2007.08.14,12750.0,400.0,13050.0,13150.0,12600.0,60190.0
2007.08.16,10850.0,1900.0,12100.0,12100.0,10850.0,120878.0
2007.08.17,10100.0,750.0,10800.0,11100.0,10100.0,120735.0
2007.08.20,11150.0,1050.0,10700.0,11450.0,10600.0,85878.0
2007.08.21,11400.0,250.0,11500.0,11600.0,11000.0,40666.0
2007.08.22,11650.0,250.0,11750.0,12200.0,11550.0,67498.0
2007.08.23,11500.0,150.0,12000.0,12000.0,11500.0,42935.0
2007.08.24,11750.0,250.0,11400.0,11750.0,11300.0,40332.0
2007.08.27,11950.0,200.0,11800.0,12350.0,11800.0,56199.0
2007.08.28,11950.0,0.0,11950.0,12050.0,11750.0,20339.0
2007.08.29,11550.0,400.0,11000.0,11600.0,11000.0,40900.0
2007.08.30,11700.0,150.0,11900.0,11900.0,11550.0,30341.0
2007.08.31,11900.0,200.0,11850.0,12000.0,11600.0,29525.0
2007.09.03,12150.0,250.0,12100.0,12300.0,11900.0,35603.0
2007.09.04,12000.0,150.0,12300.0,12300.0,11900.0,23989.0
2007.09.05,11800.0,200.0,12000.0,12200.0,11800.0,36587.0
2007.09.06,12000.0,200.0,11700.0,12000.0,11600.0,24192.0
2007.09.07,11900.0,100.0,12100.0,12100.0,11800.0,30036.0
2007.09.10,12300.0,400.0,11750.0,13450.0,11350.0,552050.0
2007.09.11,12150.0,150.0,12550.0,12700.0,11950.0,88698.0
2007.09.12,11500.0,650.0,12150.0,12250.0,11500.0,76022.0
2007.09.13,11600.0,100.0,11400.0,11700.0,11300.0,35407.0
2007.09.14,11600.0,0.0,11850.0,11950.0,11150.0,31719.0
2007.09.17,11950.0,350.0,11700.0,12100.0,11500.0,63769.0
2007.09.18,11400.0,550.0,11950.0,12100.0,11400.0,79568.0
2007.09.19,11400.0,0.0,11600.0,11750.0,11400.0,62209.0
2007.09.20,11350.0,50.0,11500.0,11500.0,11300.0,38790.0
2007.09.21,11350.0,0.0,11300.0,11550.0,11300.0,26400.0
2007.09.27,11450.0,100.0,11350.0,11550.0,11250.0,60106.0
2007.09.28,11850.0,400.0,11450.0,11900.0,11450.0,46167.0
2007.10.01,11900.0,50.0,11850.0,12200.0,11700.0,35678.0
2007.10.02,11900.0,0.0,12100.0,12200.0,11800.0,50100.0
2007.10.04,11600.0,300.0,11750.0,12000.0,11500.0,34709.0
2007.10.05,11450.0,150.0,11650.0,11650.0,11300.0,52675.0
2007.10.08,11600.0,150.0,11550.0,11800.0,11450.0,38848.0
2007.10.09,11450.0,150.0,11650.0,11650.0,11300.0,45385.0
2007.10.10,11750.0,300.0,11500.0,11750.0,11250.0,73205.0
2007.10.11,11550.0,200.0,11750.0,11800.0,11450.0,39062.0
2007.10.12,11350.0,200.0,11500.0,11600.0,11200.0,51379.0
2007.10.15,11150.0,200.0,11250.0,11400.0,10950.0,42177.0
2007.10.16,10750.0,400.0,11200.0,11200.0,10550.0,42900.0
2007.10.17,10550.0,200.0,10500.0,10750.0,10150.0,65274.0
2007.10.18,10650.0,100.0,10300.0,10750.0,10300.0,26199.0
2007.10.19,10650.0,0.0,10400.0,10650.0,10400.0,29598.0
2007.10.22,10400.0,250.0,10200.0,10450.0,9900.0,55475.0
2007.10.23,10550.0,150.0,10400.0,10650.0,10400.0,23920.0
2007.10.24,10450.0,100.0,10700.0,10700.0,10400.0,42619.0
2007.10.25,10450.0,0.0,10500.0,10650.0,10200.0,28935.0
2007.10.26,10500.0,50.0,10650.0,10650.0,10400.0,28047.0
2007.10.29,10600.0,100.0,10900.0,10900.0,10500.0,23066.0
2007.10.30,10550.0,50.0,10600.0,10750.0,10350.0,26454.0
2007.10.31,10450.0,100.0,10600.0,10600.0,10400.0,25979.0
2007.11.01,10250.0,200.0,10500.0,10600.0,10050.0,28449.0
2007.11.02,9970.0,280.0,10000.0,10100.0,9930.0,38348.0
2007.11.05,9830.0,140.0,10000.0,10100.0,9810.0,30901.0
2007.11.06,10000.0,170.0,9710.0,10800.0,9710.0,81768.0
2007.11.07,9760.0,240.0,10000.0,10250.0,9720.0,45977.0
2007.11.08,9400.0,360.0,9330.0,9800.0,9330.0,51483.0
2007.11.09,9200.0,200.0,9350.0,9580.0,9170.0,52539.0
2007.11.12,9000.0,200.0,8860.0,9150.0,8850.0,46387.0
2007.11.13,9030.0,30.0,8890.0,9480.0,8890.0,66211.0
2007.11.14,9000.0,30.0,9060.0,9130.0,8930.0,65095.0
2007.11.15,9310.0,310.0,9400.0,9450.0,9110.0,43078.0
2007.11.16,9080.0,230.0,9180.0,9280.0,9060.0,37022.0
2007.11.19,9550.0,470.0,9030.0,9690.0,9030.0,57964.0
2007.11.20,9610.0,60.0,9460.0,9820.0,9300.0,35792.0
2007.11.21,9480.0,130.0,9510.0,9730.0,9470.0,30840.0
2007.11.22,9600.0,120.0,9580.0,9600.0,9250.0,29638.0
2007.11.23,10150.0,550.0,9650.0,10550.0,9450.0,252031.0
2007.11.26,9850.0,300.0,10350.0,10350.0,9800.0,82728.0
2007.11.27,9310.0,540.0,9980.0,9980.0,9310.0,52515.0
2007.11.28,9670.0,360.0,9330.0,10000.0,9300.0,96157.0
2007.11.29,9600.0,70.0,9800.0,9880.0,9100.0,32577.0
2007.11.30,9760.0,160.0,9600.0,10050.0,9510.0,103561.0
2007.12.03,9560.0,200.0,9960.0,9960.0,9560.0,29192.0
2007.12.04,9480.0,80.0,9850.0,9850.0,9480.0,49087.0
2007.12.05,9430.0,50.0,9600.0,9600.0,9410.0,29034.0
2007.12.06,9500.0,70.0,9590.0,9700.0,9370.0,39935.0
2007.12.07,10200.0,700.0,9700.0,10850.0,9500.0,169537.0
2007.12.10,10550.0,350.0,10150.0,11200.0,10150.0,181301.0
2007.12.11,10250.0,300.0,10500.0,11000.0,10200.0,95428.0
2007.12.12,10200.0,50.0,10100.0,10450.0,9970.0,45985.0
2007.12.13,10350.0,150.0,10250.0,10700.0,10100.0,41443.0
2007.12.14,10500.0,150.0,10400.0,11200.0,10200.0,116792.0
2007.12.17,10550.0,50.0,10650.0,10850.0,10400.0,70123.0
2007.12.18,11400.0,850.0,10350.0,11650.0,10350.0,222540.0
2007.12.20,10800.0,600.0,11600.0,12600.0,10700.0,308745.0
2007.12.21,11900.0,1100.0,11050.0,11900.0,10800.0,142163.0
2007.12.24,11300.0,600.0,12000.0,12000.0,11300.0,157563.0
2007.12.26,11550.0,250.0,11550.0,11750.0,11050.0,99528.0
2007.12.27,11000.0,550.0,11450.0,11750.0,11000.0,84163.0
2007.12.28,11200.0,200.0,11000.0,11600.0,10950.0,67963.0
2008.01.02,11500.0,300.0,11400.0,11750.0,11200.0,75235.0
2008.01.03,11500.0,0.0,11450.0,11650.0,11350.0,30668.0
2008.01.04,11800.0,300.0,11600.0,12350.0,11600.0,110810.0
2008.01.07,11700.0,100.0,11500.0,12300.0,11500.0,137990.0
2008.01.08,11550.0,150.0,11850.0,11950.0,11500.0,50944.0
2008.01.09,11100.0,450.0,11500.0,12100.0,11100.0,145315.0
2008.01.10,10850.0,250.0,11300.0,11550.0,10850.0,37373.0
2008.01.11,10800.0,50.0,10950.0,11150.0,10600.0,39893.0
2008.01.14,10250.0,550.0,10600.0,10900.0,10250.0,29961.0
2008.01.15,10450.0,200.0,10450.0,10600.0,10200.0,28939.0
2008.01.16,10000.0,450.0,10150.0,10600.0,9830.0,34811.0
2008.01.17,11000.0,1000.0,9990.0,11450.0,9990.0,257883.0
2008.01.18,10650.0,350.0,11200.0,11300.0,10500.0,99379.0
2008.01.21,10350.0,300.0,10600.0,10950.0,10200.0,52836.0
2008.01.22,9600.0,750.0,10300.0,10300.0,9510.0,54157.0
2008.01.23,11000.0,1400.0,9800.0,11000.0,9700.0,99536.0
2008.01.24,11500.0,500.0,11150.0,11900.0,11000.0,140271.0
2008.01.25,11750.0,250.0,11650.0,12100.0,11600.0,123929.0
2008.01.28,10600.0,1150.0,11750.0,11750.0,10500.0,82783.0
2008.01.29,10300.0,300.0,10650.0,11100.0,10250.0,45540.0
2008.01.30,10000.0,300.0,10300.0,10400.0,9960.0,58202.0
2008.01.31,10000.0,0.0,9610.0,10450.0,9610.0,31445.0
2008.02.01,10100.0,100.0,10000.0,10450.0,10000.0,45516.0
2008.02.04,10300.0,200.0,10200.0,10700.0,10200.0,75972.0
2008.02.05,10200.0,100.0,10150.0,10350.0,10050.0,37787.0
2008.02.11,9950.0,250.0,10050.0,10150.0,9810.0,32317.0
2008.02.12,10150.0,200.0,10150.0,10400.0,9950.0,43730.0
2008.02.13,10200.0,50.0,10300.0,10300.0,9980.0,31640.0
2008.02.14,10250.0,50.0,10400.0,10550.0,10100.0,53468.0
2008.02.15,10050.0,200.0,10200.0,10250.0,9960.0,34976.0
2008.02.18,10200.0,150.0,10200.0,10350.0,10100.0,37246.0
2008.02.19,10200.0,0.0,10400.0,10400.0,10100.0,60159.0
2008.02.20,10150.0,50.0,10300.0,10350.0,9920.0,46493.0
2008.02.21,10000.0,150.0,10200.0,10200.0,9980.0,26536.0
2008.02.22,9900.0,100.0,9910.0,10100.0,9870.0,38683.0
2008.02.25,9940.0,40.0,10000.0,10100.0,9900.0,29947.0
2008.02.26,9830.0,110.0,10100.0,10100.0,9830.0,34293.0
2008.02.27,9720.0,110.0,9840.0,9900.0,9710.0,39931.0
2008.02.28,9860.0,140.0,9720.0,9980.0,9700.0,24959.0
2008.02.29,9800.0,60.0,9800.0,9940.0,9780.0,15183.0
2008.03.03,9750.0,50.0,9690.0,10400.0,9600.0,50102.0
2008.03.04,9750.0,0.0,9760.0,9880.0,9670.0,15359.0
2008.03.05,9700.0,50.0,9730.0,9810.0,9550.0,34712.0
2008.03.06,9750.0,50.0,9700.0,9800.0,9630.0,19076.0
2008.03.07,9600.0,150.0,9740.0,9750.0,9570.0,19970.0
2008.03.10,8960.0,640.0,9590.0,9590.0,8960.0,48548.0
2008.03.11,9010.0,50.0,8820.0,9100.0,8610.0,38213.0
2008.03.12,9170.0,160.0,9190.0,9390.0,9120.0,29673.0
2008.03.13,8920.0,250.0,9230.0,9270.0,8910.0,20738.0
2008.03.14,8850.0,70.0,8940.0,9190.0,8850.0,23858.0
2008.03.17,8420.0,430.0,9000.0,9000.0,8290.0,41968.0
2008.03.18,8410.0,10.0,8350.0,8590.0,8310.0,37750.0
2008.03.19,8500.0,90.0,8580.0,8610.0,8480.0,26387.0
2008.03.20,8560.0,60.0,8500.0,8700.0,8400.0,26957.0
2008.03.21,8920.0,360.0,8620.0,9040.0,8620.0,33721.0
2008.03.24,9320.0,400.0,9020.0,9500.0,9000.0,44706.0
2008.03.25,9300.0,20.0,9360.0,9480.0,9100.0,54520.0
2008.03.26,9110.0,190.0,9280.0,9450.0,9100.0,39579.0
2008.03.27,8790.0,320.0,8930.0,9110.0,8750.0,78207.0
2008.03.28,9060.0,270.0,8870.0,9090.0,8730.0,27864.0
2008.03.31,8930.0,130.0,9200.0,9200.0,8910.0,12121.0
2008.04.01,9050.0,120.0,8990.0,9080.0,8930.0,17311.0
2008.04.02,9120.0,70.0,9120.0,9270.0,9020.0,24473.0
2008.04.03,9760.0,640.0,9150.0,9800.0,9120.0,90854.0
2008.04.04,9550.0,210.0,9710.0,9740.0,9450.0,33084.0
2008.04.07,9230.0,320.0,9550.0,9750.0,9230.0,37863.0
2008.04.08,9230.0,0.0,9250.0,9440.0,9200.0,58917.0
2008.04.10,9320.0,90.0,9340.0,9370.0,9150.0,43840.0
2008.04.11,9390.0,70.0,9320.0,9430.0,9320.0,29685.0
2008.04.14,9290.0,100.0,9200.0,9410.0,9200.0,26704.0
2008.04.15,9480.0,190.0,9320.0,9540.0,9290.0,43582.0
2008.04.16,9530.0,50.0,9550.0,9550.0,9430.0,21325.0
2008.04.17,9450.0,80.0,9560.0,9570.0,9440.0,25581.0
2008.04.18,9460.0,10.0,9450.0,9540.0,9360.0,15158.0
2008.04.21,9370.0,90.0,9430.0,9550.0,9370.0,30377.0
2008.04.22,9400.0,30.0,9450.0,9470.0,9360.0,18593.0
2008.04.23,9400.0,0.0,9470.0,9470.0,9350.0,21021.0
2008.04.24,9210.0,190.0,9400.0,9450.0,9200.0,50459.0
2008.04.25,9220.0,10.0,9300.0,9300.0,9170.0,26810.0
2008.04.28,9320.0,100.0,9210.0,9370.0,9180.0,22320.0
2008.04.29,9360.0,40.0,9210.0,9370.0,9210.0,12244.0
2008.04.30,9450.0,90.0,9360.0,9620.0,9300.0,48399.0
2008.05.02,9400.0,50.0,9510.0,9600.0,9390.0,26906.0
2008.05.06,9400.0,0.0,9530.0,9530.0,9400.0,20151.0
2008.05.07,9540.0,140.0,9400.0,9590.0,9400.0,42377.0
2008.05.08,10150.0,610.0,9520.0,10500.0,9400.0,96378.0
2008.05.09,10300.0,150.0,10400.0,10900.0,10100.0,223344.0
2008.05.13,10200.0,100.0,10350.0,10450.0,9930.0,92068.0
2008.05.14,9830.0,370.0,10100.0,10500.0,9800.0,65393.0
2008.05.15,9950.0,120.0,9910.0,10100.0,9800.0,44890.0
2008.05.16,9900.0,50.0,10200.0,10200.0,9840.0,43769.0
2008.05.19,9820.0,80.0,9830.0,10100.0,9800.0,62458.0
2008.05.20,9820.0,0.0,9970.0,9970.0,9740.0,31537.0
2008.05.21,9800.0,20.0,9830.0,10150.0,9660.0,46143.0
2008.05.22,9740.0,60.0,9990.0,10150.0,9670.0,53721.0
2008.05.23,9800.0,60.0,9800.0,9940.0,9710.0,18940.0
2008.05.26,9490.0,310.0,9750.0,9880.0,9430.0,31266.0
2008.05.27,9610.0,120.0,9490.0,9780.0,9460.0,19461.0
2008.05.28,9500.0,110.0,9610.0,9610.0,9440.0,33577.0
2008.05.29,9420.0,80.0,9450.0,9590.0,9400.0,30297.0
2008.05.30,9390.0,30.0,9420.0,9560.0,9390.0,23258.0
2008.06.02,9390.0,0.0,9400.0,9480.0,9310.0,24651.0
2008.06.03,9290.0,100.0,9300.0,9400.0,9200.0,31923.0
2008.06.04,9490.0,200.0,9350.0,9520.0,9210.0,17901.0
2008.06.05,9300.0,190.0,9350.0,9580.0,9260.0,27184.0
2008.06.09,9310.0,10.0,9150.0,9310.0,9130.0,30074.0
2008.06.10,9420.0,110.0,9500.0,9600.0,9380.0,47227.0
2008.06.11,9530.0,110.0,9450.0,9560.0,9380.0,13722.0
2008.06.12,9390.0,140.0,9490.0,9570.0,9390.0,14935.0
2008.06.13,9240.0,150.0,9350.0,9480.0,9240.0,19679.0
2008.06.16,9050.0,190.0,9240.0,9480.0,9050.0,26900.0
2008.06.17,9000.0,50.0,9300.0,9300.0,8920.0,17992.0
2008.06.18,8970.0,30.0,8910.0,9130.0,8910.0,13495.0
2008.06.19,8600.0,370.0,8900.0,8950.0,8580.0,42607.0
2008.06.20,8570.0,30.0,8690.0,8690.0,8450.0,18681.0
2008.06.23,8600.0,30.0,8640.0,8640.0,8450.0,10136.0
2008.06.24,8540.0,60.0,8570.0,8660.0,8540.0,11056.0
2008.06.25,8670.0,130.0,8600.0,8670.0,8510.0,9021.0
2008.06.26,8520.0,150.0,8670.0,8750.0,8490.0,17375.0
2008.06.27,8320.0,200.0,8540.0,8540.0,8250.0,20160.0
2008.06.30,8070.0,250.0,8320.0,8330.0,7980.0,21219.0
2008.07.01,7650.0,420.0,7900.0,8030.0,7500.0,53373.0
2008.07.02,7210.0,440.0,7800.0,7800.0,7210.0,31330.0
2008.07.03,7300.0,90.0,7000.0,7490.0,6850.0,35256.0
2008.07.04,7110.0,190.0,7200.0,7300.0,7050.0,13440.0
2008.07.07,7070.0,40.0,7010.0,7300.0,6990.0,16308.0
2008.07.08,6940.0,130.0,7070.0,7100.0,6600.0,26410.0
2008.07.09,7050.0,110.0,6940.0,7090.0,6900.0,18717.0
2008.07.10,7200.0,150.0,6950.0,7230.0,6900.0,21220.0
2008.07.11,8280.0,1080.0,8200.0,8280.0,8000.0,50694.0
2008.07.14,7910.0,370.0,8690.0,9180.0,7910.0,189414.0
2008.07.15,7460.0,450.0,8000.0,8050.0,7450.0,45276.0
2008.07.16,7310.0,150.0,7750.0,7750.0,7310.0,19002.0
2008.07.17,7330.0,20.0,7330.0,7450.0,7300.0,20813.0
2008.07.18,7230.0,100.0,7370.0,7850.0,7230.0,58755.0
2008.07.21,7390.0,160.0,7200.0,7510.0,7200.0,36388.0
2008.07.22,7300.0,90.0,7400.0,7400.0,7270.0,13423.0
2008.07.23,7420.0,120.0,7300.0,7570.0,7260.0,43757.0
2008.07.24,7530.0,110.0,7430.0,7550.0,7380.0,29100.0
2008.07.25,7570.0,40.0,7460.0,7590.0,7400.0,29580.0
2008.07.28,8210.0,640.0,7670.0,8460.0,7670.0,167898.0
2008.07.29,7750.0,460.0,8030.0,8170.0,7500.0,87688.0
2008.07.30,7750.0,0.0,7800.0,8210.0,7600.0,112874.0
2008.07.31,7430.0,320.0,7650.0,7900.0,7430.0,37495.0
2008.08.01,7250.0,180.0,7350.0,7560.0,7150.0,22576.0
2008.08.04,7030.0,220.0,7190.0,7290.0,6960.0,21662.0
2008.08.05,6850.0,180.0,6990.0,7150.0,6750.0,23251.0
2008.08.06,6930.0,80.0,6990.0,7080.0,6800.0,24490.0
2008.08.07,6880.0,50.0,6950.0,7000.0,6820.0,13344.0
2008.08.08,7130.0,250.0,6880.0,7330.0,6850.0,25467.0
2008.08.11,7110.0,20.0,7170.0,7380.0,7090.0,5234.0
2008.08.12,7170.0,60.0,7070.0,7300.0,7070.0,24463.0
2008.08.13,7090.0,80.0,7110.0,7240.0,6930.0,12492.0
2008.08.14,7080.0,10.0,7140.0,7140.0,7000.0,10793.0
2008.08.18,7050.0,30.0,7400.0,7400.0,6970.0,28147.0
2008.08.19,6840.0,210.0,6960.0,7080.0,6790.0,21434.0
2008.08.20,6770.0,70.0,6790.0,6870.0,6750.0,14784.0
2008.08.21,6750.0,20.0,6900.0,6980.0,6750.0,15497.0
2008.08.22,6510.0,240.0,6840.0,6840.0,6480.0,23454.0
2008.08.25,6680.0,170.0,6780.0,7170.0,6560.0,94291.0
2008.08.26,6670.0,10.0,6550.0,6670.0,6490.0,19670.0
2008.08.27,6930.0,260.0,6670.0,6930.0,6650.0,13126.0
2008.08.28,6880.0,50.0,7170.0,7170.0,6780.0,5271.0
2008.08.29,6880.0,0.0,6960.0,6980.0,6760.0,11730.0
2008.09.01,6500.0,380.0,6800.0,7080.0,6200.0,20821.0
2008.09.02,5970.0,530.0,6110.0,6440.0,5720.0,36978.0
2008.09.03,5910.0,60.0,6030.0,6250.0,5700.0,21110.0
2008.09.04,6190.0,280.0,5990.0,6250.0,5910.0,13300.0
2008.09.05,6100.0,90.0,6060.0,6150.0,6000.0,11968.0
2008.09.08,6650.0,550.0,6110.0,6690.0,6110.0,20727.0
2008.09.09,6700.0,50.0,6670.0,7520.0,6160.0,293433.0
2008.09.10,7460.0,760.0,6900.0,7500.0,6420.0,91950.0
2008.09.11,7430.0,30.0,7600.0,7670.0,7370.0,28732.0
2008.09.12,7760.0,330.0,7640.0,7760.0,7500.0,46690.0
2008.09.16,7250.0,510.0,7300.0,7330.0,6900.0,32503.0
2008.09.17,7430.0,180.0,7370.0,7460.0,7320.0,25229.0
2008.09.18,7340.0,90.0,7200.0,7600.0,7100.0,16766.0
2008.09.19,7500.0,160.0,7600.0,7670.0,7380.0,27656.0
2008.09.22,7310.0,190.0,7550.0,7880.0,7310.0,28620.0
2008.09.23,7360.0,50.0,7270.0,7400.0,7200.0,21950.0
2008.09.24,7560.0,200.0,7430.0,7800.0,7360.0,28586.0
2008.09.25,7600.0,40.0,7600.0,7600.0,7430.0,11998.0
2008.09.26,7480.0,120.0,7560.0,7770.0,7270.0,13935.0
2008.09.29,7350.0,130.0,7480.0,7580.0,7100.0,30820.0
2008.09.30,7050.0,300.0,6760.0,7280.0,6640.0,58335.0
2008.10.01,6800.0,250.0,7100.0,7200.0,6650.0,45576.0
2008.10.02,7170.0,370.0,6760.0,7200.0,6700.0,42528.0
2008.10.06,7120.0,50.0,7170.0,7230.0,6980.0,25412.0
2008.10.07,7080.0,40.0,6900.0,7120.0,6800.0,22995.0
2008.10.08,7000.0,80.0,7210.0,7210.0,6810.0,24220.0
2008.10.09,7000.0,0.0,6900.0,7100.0,6740.0,27817.0
2008.10.10,6500.0,500.0,6940.0,6940.0,6020.0,22573.0
2008.10.13,6790.0,290.0,6690.0,6900.0,6520.0,20749.0
2008.10.14,7180.0,390.0,6840.0,7180.0,6840.0,33499.0
2008.10.15,7190.0,10.0,7080.0,7240.0,7000.0,22323.0
2008.10.16,6670.0,520.0,7010.0,7040.0,6500.0,20123.0
2008.10.17,6590.0,80.0,6890.0,6890.0,6000.0,24255.0
2008.10.20,6600.0,10.0,7030.0,7030.0,6250.0,19051.0
2008.10.21,6600.0,0.0,6600.0,6870.0,6400.0,20533.0
2008.10.22,6540.0,60.0,6840.0,6840.0,6150.0,23058.0
2008.10.23,6050.0,490.0,6100.0,6370.0,5910.0,48053.0
2008.10.24,5150.0,900.0,6060.0,6100.0,5150.0,41578.0
2008.10.27,4380.0,770.0,4440.0,5190.0,4380.0,81929.0
2008.10.28,4240.0,140.0,3725.0,4280.0,3725.0,183412.0
2008.10.29,3750.0,490.0,4360.0,4660.0,3605.0,147492.0
2008.10.30,4290.0,540.0,3750.0,4310.0,3515.0,149851.0
2008.10.31,4390.0,100.0,4205.0,4595.0,4105.0,53794.0
2008.11.03,5040.0,650.0,4595.0,5040.0,4350.0,74178.0
2008.11.04,5760.0,720.0,5450.0,5760.0,5000.0,74669.0
2008.11.05,6120.0,360.0,5800.0,6610.0,5700.0,78896.0
2008.11.06,5670.0,450.0,5680.0,5890.0,5460.0,31942.0
2008.11.07,6000.0,330.0,5470.0,6000.0,5250.0,53108.0
2008.11.10,6670.0,670.0,6350.0,6800.0,6120.0,58987.0
2008.11.11,6120.0,550.0,6500.0,6670.0,6100.0,53112.0
2008.11.12,6020.0,100.0,6080.0,6180.0,5750.0,49489.0
2008.11.13,5940.0,80.0,5550.0,5960.0,5500.0,24141.0
2008.11.14,6090.0,150.0,6180.0,6380.0,5050.0,39161.0
2008.11.17,6000.0,90.0,5880.0,6050.0,5800.0,12729.0
2008.11.18,5950.0,50.0,6020.0,6280.0,5850.0,23471.0
2008.11.19,5860.0,90.0,5810.0,6050.0,5500.0,14475.0
2008.11.20,5140.0,720.0,5600.0,5640.0,4990.0,45286.0
2008.11.21,5300.0,160.0,4980.0,5360.0,4700.0,23855.0
2008.11.24,5130.0,170.0,5390.0,5500.0,5040.0,12819.0
2008.11.25,5350.0,220.0,5180.0,5480.0,5180.0,24905.0
2008.11.26,6150.0,800.0,6140.0,6150.0,6130.0,62350.0
2008.11.27,6170.0,20.0,6500.0,6600.0,6100.0,122485.0
2008.11.28,5900.0,270.0,6090.0,6200.0,5830.0,41683.0
2008.12.01,5750.0,150.0,5950.0,5970.0,5740.0,24433.0
2008.12.02,5580.0,170.0,5430.0,5640.0,5300.0,28568.0
2008.12.03,5560.0,20.0,5690.0,5690.0,5400.0,29646.0
2008.12.04,5400.0,160.0,5700.0,5770.0,5370.0,13391.0
2008.12.05,5310.0,90.0,5480.0,5480.0,5150.0,49367.0
2008.12.08,5500.0,190.0,5320.0,5570.0,5310.0,38746.0
2008.12.09,5600.0,100.0,5640.0,5680.0,5490.0,38909.0
2008.12.10,5820.0,220.0,5670.0,5900.0,5600.0,52679.0
2008.12.11,6090.0,270.0,5830.0,6100.0,5700.0,57319.0
2008.12.12,5700.0,390.0,6000.0,6000.0,5600.0,45810.0
2008.12.15,5960.0,260.0,5760.0,6090.0,5760.0,34913.0
2008.12.16,5920.0,40.0,5900.0,5950.0,5820.0,13321.0
2008.12.17,5940.0,20.0,6100.0,6100.0,5850.0,32383.0
2008.12.18,5550.0,390.0,5940.0,5990.0,5550.0,56469.0
2008.12.19,5410.0,140.0,5590.0,5730.0,5400.0,56717.0
2008.12.22,5450.0,40.0,5450.0,5590.0,5360.0,29711.0
2008.12.23,5300.0,150.0,5500.0,5590.0,5300.0,19875.0
2008.12.24,5500.0,200.0,5300.0,5500.0,5190.0,35551.0
2008.12.26,5470.0,30.0,5650.0,5650.0,5410.0,26145.0
2008.12.29,5290.0,180.0,5550.0,5550.0,5240.0,13602.0
2008.12.30,5270.0,20.0,5400.0,5400.0,5260.0,19123.0
2009.01.02,5370.0,100.0,5300.0,5390.0,5260.0,13579.0
2009.01.05,5350.0,20.0,5480.0,5480.0,5300.0,17576.0
2009.01.06,5440.0,90.0,5390.0,5470.0,5310.0,32653.0
2009.01.07,5550.0,110.0,5460.0,5600.0,5400.0,49317.0
2009.01.08,5520.0,30.0,5490.0,5540.0,5450.0,13092.0
2009.01.09,5650.0,130.0,5640.0,5760.0,5530.0,35105.0
2009.01.12,5410.0,240.0,5600.0,5600.0,5350.0,22865.0
2009.01.13,5380.0,30.0,5300.0,5400.0,5280.0,16695.0
2009.01.14,5450.0,70.0,5460.0,5460.0,5300.0,42686.0
2009.01.15,5080.0,370.0,5260.0,5450.0,5080.0,39421.0
2009.01.16,5190.0,110.0,5230.0,5230.0,5050.0,21285.0
2009.01.19,5250.0,60.0,5290.0,5320.0,5210.0,29513.0
2009.01.20,5050.0,200.0,5290.0,5290.0,5030.0,27296.0
2009.01.21,4980.0,70.0,4900.0,5000.0,4870.0,29499.0
2009.01.22,5240.0,260.0,5120.0,5240.0,5010.0,50901.0
2009.01.23,5050.0,190.0,5200.0,5200.0,5000.0,25484.0
2009.01.28,5050.0,0.0,5160.0,5160.0,5050.0,18533.0
2009.01.29,5060.0,10.0,5100.0,5150.0,4980.0,30929.0
2009.01.30,4970.0,90.0,5000.0,5090.0,4950.0,47452.0
2009.02.02,5200.0,230.0,4905.0,5350.0,4905.0,46506.0
2009.02.03,5200.0,0.0,5160.0,5250.0,5140.0,14486.0
2009.02.04,5500.0,300.0,5230.0,5500.0,5220.0,65653.0
2009.02.05,5650.0,150.0,5400.0,5680.0,5400.0,77743.0
2009.02.06,5590.0,60.0,5650.0,5700.0,5460.0,33647.0
2009.02.09,5500.0,90.0,5680.0,5680.0,5500.0,14235.0
2009.02.10,5580.0,80.0,5630.0,5640.0,5510.0,16027.0
2009.02.11,5640.0,60.0,5500.0,5640.0,5480.0,17932.0
2009.02.12,5610.0,30.0,5740.0,5790.0,5590.0,30132.0
2009.02.13,6250.0,640.0,5710.0,6370.0,5610.0,126768.0
2009.02.16,6150.0,100.0,6300.0,6450.0,6130.0,56245.0
2009.02.17,6000.0,150.0,6250.0,6290.0,5810.0,38563.0
2009.02.18,6360.0,360.0,6000.0,6540.0,5710.0,76366.0
2009.02.19,6170.0,190.0,6400.0,6700.0,6000.0,93860.0
2009.02.20,5800.0,370.0,6020.0,6220.0,5670.0,77909.0
2009.02.23,5980.0,180.0,5780.0,5980.0,5700.0,16206.0
2009.02.24,6150.0,170.0,5740.0,6150.0,5740.0,25622.0
2009.02.25,6150.0,0.0,6110.0,6290.0,5950.0,26040.0
2009.02.26,5810.0,340.0,6250.0,6350.0,5760.0,40856.0
2009.02.27,6140.0,330.0,5990.0,6200.0,5800.0,31219.0
2009.03.02,5990.0,150.0,6150.0,6150.0,5810.0,20378.0
2009.03.03,5870.0,120.0,5710.0,5950.0,5650.0,23696.0
2009.03.04,6200.0,330.0,5870.0,6250.0,5870.0,47230.0
2009.03.05,6250.0,50.0,6200.0,6300.0,6030.0,58769.0
2009.03.06,6500.0,250.0,6080.0,6790.0,6080.0,59465.0
2009.03.09,7250.0,750.0,6710.0,7270.0,6710.0,142143.0
2009.03.10,7030.0,220.0,7050.0,7190.0,6900.0,84513.0
2009.03.11,6980.0,50.0,7090.0,7290.0,6810.0,41653.0
2009.03.12,7300.0,320.0,7090.0,7500.0,6980.0,55869.0
2009.03.13,7250.0,50.0,7270.0,7390.0,7150.0,23160.0
2009.03.16,7090.0,160.0,7120.0,7250.0,7000.0,41123.0
2009.03.17,7400.0,310.0,7050.0,7420.0,7050.0,61518.0
2009.03.18,7600.0,200.0,7490.0,7680.0,7380.0,43320.0
2009.03.19,7370.0,230.0,7600.0,7930.0,7300.0,72082.0
2009.03.20,7630.0,260.0,7520.0,7750.0,7400.0,27669.0
2009.03.23,7680.0,50.0,7650.0,7750.0,7450.0,21138.0
2009.03.24,8030.0,350.0,7680.0,8030.0,7600.0,49834.0
2009.03.25,8260.0,230.0,8040.0,8500.0,7800.0,76245.0
2009.03.26,8270.0,10.0,8230.0,8450.0,8200.0,25683.0
2009.03.27,8250.0,20.0,8390.0,8400.0,8030.0,36081.0
2009.03.30,8050.0,200.0,8300.0,8350.0,8030.0,21052.0
2009.03.31,8280.0,230.0,8050.0,8300.0,8050.0,22435.0
2009.04.01,8300.0,20.0,8380.0,8470.0,8070.0,37952.0
2009.04.02,8330.0,30.0,8230.0,8450.0,8160.0,52556.0
2009.04.03,8240.0,90.0,8430.0,8430.0,8100.0,34089.0
2009.04.06,8500.0,260.0,8170.0,8580.0,8100.0,126074.0
2009.04.07,9150.0,650.0,8360.0,9250.0,8360.0,87360.0
2009.04.08,9520.0,370.0,9000.0,9860.0,9000.0,66891.0
2009.04.09,9740.0,220.0,9600.0,9850.0,9600.0,36500.0
2009.04.10,9480.0,260.0,9790.0,9790.0,9330.0,86544.0
2009.04.13,9500.0,20.0,9360.0,9790.0,9330.0,41021.0
2009.04.14,9250.0,250.0,9670.0,9750.0,9250.0,30829.0
2009.04.15,9030.0,220.0,9250.0,9400.0,9020.0,35472.0
2009.04.16,8610.0,420.0,9290.0,9340.0,8610.0,58300.0
2009.04.17,8430.0,180.0,8890.0,8890.0,8400.0,39691.0
2009.04.20,8540.0,110.0,8440.0,8640.0,8220.0,51703.0
2009.04.21,8700.0,160.0,8400.0,8740.0,8340.0,21868.0
2009.04.22,8720.0,20.0,8950.0,9000.0,8720.0,26378.0
2009.04.23,8800.0,80.0,8650.0,8940.0,8650.0,18858.0
2009.04.24,8500.0,300.0,8800.0,8840.0,8500.0,41654.0
2009.04.27,9000.0,500.0,8880.0,9250.0,8660.0,92222.0
2009.04.28,8310.0,690.0,9290.0,9290.0,8300.0,70035.0
2009.04.29,8640.0,330.0,8190.0,8650.0,8190.0,30100.0
2009.04.30,8630.0,10.0,8790.0,8880.0,8600.0,18045.0
2009.05.04,9190.0,560.0,8700.0,9190.0,8700.0,47037.0
2009.05.06,9250.0,60.0,9240.0,9570.0,9090.0,34835.0
2009.05.07,9300.0,50.0,9300.0,9400.0,9110.0,27474.0
2009.05.08,9200.0,100.0,9300.0,9300.0,8920.0,31502.0
2009.05.11,8950.0,250.0,9200.0,9200.0,8770.0,42916.0
2009.05.12,8800.0,150.0,8760.0,9050.0,8670.0,31265.0
2009.05.13,8800.0,0.0,8670.0,8920.0,8540.0,33550.0
2009.05.14,8970.0,170.0,8710.0,9000.0,8640.0,17589.0
2009.05.15,9240.0,270.0,9000.0,10250.0,8950.0,200923.0
2009.05.18,9900.0,660.0,9290.0,10000.0,8950.0,109915.0
2009.05.19,9930.0,30.0,10000.0,10300.0,9760.0,71111.0
2009.05.20,10400.0,470.0,10100.0,10500.0,9900.0,45031.0
2009.05.21,10300.0,100.0,10450.0,10500.0,10100.0,37494.0
2009.05.22,9980.0,320.0,10200.0,10450.0,9900.0,46083.0
2009.05.25,9550.0,430.0,9730.0,9920.0,8510.0,56109.0
2009.05.26,9330.0,220.0,9550.0,9560.0,9170.0,21664.0
2009.05.27,9260.0,70.0,9330.0,9690.0,9260.0,25994.0
2009.05.28,9840.0,580.0,9100.0,9980.0,9100.0,60890.0
2009.05.29,10100.0,260.0,9980.0,10200.0,9840.0,47578.0
2009.06.01,10300.0,200.0,10200.0,10350.0,9820.0,25640.0
2009.06.02,10100.0,200.0,10300.0,10450.0,9900.0,33019.0
2009.06.03,10200.0,100.0,10100.0,10250.0,9870.0,16420.0
2009.06.04,10150.0,50.0,10050.0,10250.0,9850.0,18833.0
2009.06.05,10100.0,50.0,10150.0,10200.0,9900.0,29308.0
2009.06.08,11400.0,1300.0,10250.0,11600.0,10200.0,120430.0
2009.06.09,11450.0,50.0,11400.0,11550.0,10850.0,56097.0
2009.06.10,11650.0,200.0,11450.0,12000.0,11250.0,58603.0
2009.06.11,11250.0,400.0,11650.0,11900.0,11250.0,27003.0
2009.06.12,11350.0,100.0,11250.0,11400.0,10950.0,17339.0
2009.06.15,11300.0,50.0,11300.0,11450.0,10850.0,34728.0
2009.06.16,11450.0,150.0,11000.0,11450.0,11000.0,15166.0
2009.06.17,11300.0,150.0,11200.0,11450.0,11000.0,21285.0
2009.06.18,11700.0,400.0,11550.0,12400.0,11500.0,120728.0
2009.06.19,11800.0,100.0,11900.0,12100.0,11300.0,63448.0
2009.06.22,11550.0,250.0,11800.0,11800.0,11400.0,26725.0
2009.06.23,10850.0,700.0,11200.0,11300.0,10400.0,52856.0
2009.06.24,10800.0,50.0,10850.0,11050.0,10300.0,31360.0
2009.06.25,10500.0,300.0,11000.0,11000.0,10400.0,42217.0
2009.06.26,10650.0,150.0,10400.0,10850.0,10400.0,16883.0
2009.06.29,9700.0,950.0,10800.0,10900.0,9700.0,63083.0
2009.06.30,9060.0,640.0,9800.0,9900.0,8850.0,89395.0
2009.07.01,9590.0,530.0,9150.0,9700.0,9120.0,35027.0
2009.07.02,9860.0,270.0,9780.0,9980.0,9500.0,15020.0
2009.07.03,11300.0,1440.0,9900.0,11300.0,9590.0,51537.0
2009.07.06,12950.0,1650.0,12950.0,12950.0,12950.0,83211.0
2009.07.07,12800.0,150.0,13500.0,14300.0,12650.0,660490.0
2009.07.08,14250.0,1450.0,12900.0,14700.0,12900.0,1279922.0
2009.07.09,14000.0,250.0,14350.0,15100.0,13700.0,474197.0
2009.07.10,15400.0,1400.0,14200.0,16100.0,14000.0,980353.0
2009.07.13,15300.0,100.0,15800.0,16300.0,14050.0,647489.0
2009.07.14,16000.0,700.0,15700.0,16150.0,14900.0,346543.0
2009.07.15,15900.0,100.0,15800.0,16350.0,15300.0,282158.0
2009.07.16,18250.0,2350.0,16000.0,18250.0,16000.0,494911.0
2009.07.17,19100.0,850.0,19500.0,19750.0,18400.0,753966.0
2009.07.20,20400.0,1300.0,18900.0,20750.0,18650.0,457018.0
2009.07.21,17350.0,3050.0,20000.0,20200.0,17350.0,676856.0
2009.07.22,16500.0,850.0,17500.0,18400.0,16050.0,996184.0
2009.07.23,17100.0,600.0,16000.0,17450.0,16000.0,680629.0
2009.07.24,17950.0,850.0,17600.0,17950.0,17300.0,276765.0
2009.07.27,17650.0,300.0,17900.0,18900.0,17650.0,260361.0
2009.07.28,16950.0,700.0,17800.0,17800.0,16700.0,184751.0
2009.07.29,18800.0,1850.0,16950.0,19450.0,16900.0,558397.0
2009.07.30,19200.0,400.0,18700.0,19550.0,18000.0,278748.0
2009.07.31,19000.0,200.0,19250.0,19800.0,18700.0,195464.0
2009.08.03,19250.0,250.0,19000.0,19250.0,18600.0,89384.0
2009.08.04,19250.0,0.0,19300.0,19550.0,19000.0,161865.0
2009.08.05,21850.0,2600.0,19300.0,22100.0,19250.0,675432.0
2009.08.06,20000.0,1850.0,21100.0,21400.0,19000.0,538808.0
2009.08.07,19150.0,1050.0,19150.0,20250.0,19050.0,242007.0
2009.08.10,19600.0,450.0,19300.0,19950.0,18800.0,109951.0
2009.08.11,22500.0,2900.0,19600.0,22500.0,19550.0,501667.0
2009.08.12,24000.0,1500.0,22600.0,24750.0,22600.0,583299.0
2009.08.13,26900.0,2900.0,25800.0,27600.0,24150.0,1748978.0
2009.08.14,25700.0,1200.0,27000.0,29300.0,25650.0,1110978.0
2009.08.17,21850.0,3850.0,25650.0,29000.0,21850.0,2716496.0
2009.08.18,22500.0,650.0,21000.0,24100.0,20800.0,894517.0
2009.08.19,22550.0,50.0,23000.0,23400.0,21950.0,355517.0
2009.08.20,23350.0,800.0,22200.0,23800.0,22200.0,285696.0
2009.08.21,25250.0,1900.0,23500.0,25900.0,23400.0,398482.0
2009.08.24,24900.0,350.0,25700.0,26550.0,24900.0,209729.0
2009.08.25,24250.0,650.0,24850.0,25150.0,22800.0,170557.0
2009.08.26,24300.0,50.0,24400.0,25550.0,24000.0,203429.0
2009.08.27,23150.0,1150.0,24250.0,24600.0,23000.0,172850.0
2009.08.28,19700.0,3450.0,22850.0,23200.0,19700.0,761198.0
2009.08.31,18850.0,850.0,20000.0,20050.0,18150.0,457564.0
2009.09.01,19850.0,1000.0,18750.0,20850.0,18550.0,301626.0
2009.09.02,19600.0,250.0,19450.0,20500.0,19450.0,114522.0
2009.09.03,20000.0,400.0,20000.0,20750.0,19500.0,122909.0
2009.09.04,20200.0,200.0,20150.0,21100.0,19950.0,109714.0
2009.09.07,23200.0,3000.0,20750.0,23200.0,20500.0,256059.0
2009.09.08,22500.0,700.0,23800.0,24750.0,21150.0,290293.0
2009.09.09,21300.0,1200.0,22500.0,22700.0,19750.0,252038.0
2009.09.10,21000.0,300.0,21650.0,21850.0,20400.0,81355.0
2009.09.11,20550.0,450.0,21150.0,21900.0,20400.0,78692.0
2009.09.14,22500.0,1950.0,20900.0,22900.0,20700.0,201081.0
2009.09.15,19400.0,3100.0,22700.0,22900.0,19150.0,322341.0
2009.09.16,20250.0,850.0,19700.0,20350.0,17000.0,261297.0
2009.09.17,18800.0,1450.0,20300.0,20300.0,18750.0,104789.0
2009.09.18,18900.0,100.0,17800.0,19200.0,17500.0,234798.0
2009.09.21,20150.0,1250.0,18600.0,21600.0,18600.0,343462.0
2009.09.22,21150.0,1000.0,19500.0,21350.0,19150.0,330604.0
2009.09.23,21550.0,400.0,21150.0,21850.0,20650.0,195476.0
2009.09.24,21200.0,350.0,22100.0,23200.0,21200.0,330447.0
2009.09.25,20350.0,850.0,21000.0,21550.0,20150.0,123832.0
2009.09.28,19950.0,400.0,20400.0,20950.0,19900.0,88244.0
2009.09.29,19900.0,50.0,20200.0,20350.0,19550.0,54753.0
2009.09.30,19600.0,300.0,20200.0,20650.0,19600.0,85396.0
2009.10.01,19000.0,600.0,20150.0,20150.0,18600.0,100412.0
2009.10.05,19250.0,250.0,18900.0,19500.0,18000.0,41049.0
2009.10.06,18650.0,600.0,19750.0,19750.0,18500.0,54450.0
2009.10.07,19500.0,850.0,19000.0,20450.0,18800.0,121724.0
2009.10.08,19300.0,200.0,20100.0,20450.0,19200.0,58376.0
2009.10.09,20000.0,700.0,19650.0,20000.0,19150.0,53228.0
2009.10.12,20950.0,950.0,20400.0,21200.0,20000.0,122747.0
2009.10.13,21700.0,750.0,20800.0,22100.0,20800.0,160331.0
2009.10.14,21900.0,200.0,21800.0,21950.0,21250.0,72308.0
2009.10.15,21850.0,50.0,21800.0,22300.0,21550.0,62397.0
2009.10.16,23000.0,1150.0,21850.0,23700.0,21850.0,231849.0
2009.10.19,22750.0,250.0,23050.0,23450.0,22450.0,122497.0
2009.10.20,22700.0,50.0,23000.0,23000.0,22350.0,110559.0
2009.10.21,21650.0,1050.0,22700.0,23000.0,21450.0,104837.0
2009.10.22,21800.0,150.0,21200.0,21950.0,20850.0,111099.0
2009.10.23,21900.0,100.0,21900.0,22150.0,21650.0,44801.0
2009.10.26,21900.0,0.0,22000.0,22400.0,21600.0,44008.0
2009.10.27,22600.0,700.0,21900.0,22800.0,21750.0,57032.0
2009.10.28,22700.0,100.0,22900.0,23250.0,22150.0,98171.0
2009.10.29,22050.0,650.0,22450.0,22900.0,21650.0,87557.0
2009.10.30,22000.0,50.0,22050.0,22400.0,21700.0,46777.0
2009.11.02,20250.0,1750.0,21300.0,21900.0,20250.0,82626.0
2009.11.03,20400.0,150.0,20650.0,20800.0,19700.0,74950.0
2009.11.04,20400.0,0.0,20700.0,20700.0,20000.0,38316.0
2009.11.05,21200.0,800.0,20500.0,21400.0,20400.0,48097.0
2009.11.06,22000.0,800.0,21600.0,22500.0,21500.0,70213.0
2009.11.09,22450.0,450.0,22500.0,22700.0,22000.0,46956.0
2009.11.10,21850.0,600.0,22450.0,22550.0,21850.0,49165.0
2009.11.11,22900.0,1050.0,21950.0,23150.0,21950.0,147499.0
2009.11.12,19850.0,3050.0,22900.0,23400.0,19600.0,446616.0
2009.11.13,20150.0,300.0,19800.0,20650.0,19700.0,118248.0
2009.11.16,17150.0,3000.0,20000.0,20300.0,17150.0,488979.0
2009.11.17,17400.0,250.0,17300.0,17650.0,16200.0,153433.0
2009.11.18,18900.0,1500.0,17400.0,18900.0,17400.0,128788.0
2009.11.19,19100.0,200.0,18700.0,19500.0,18700.0,81748.0
2009.11.20,19000.0,100.0,18700.0,19500.0,18700.0,39769.0
2009.11.23,19100.0,100.0,19000.0,19500.0,18800.0,39105.0
2009.11.24,18400.0,700.0,18850.0,19050.0,18150.0,83429.0
2009.11.25,18300.0,100.0,18300.0,18500.0,16900.0,166845.0
2009.11.26,17900.0,400.0,18100.0,18800.0,17900.0,73655.0
2009.11.27,16500.0,1400.0,17400.0,17900.0,16500.0,91886.0
2009.11.30,17700.0,1200.0,17000.0,18200.0,16500.0,120996.0
2009.12.01,17800.0,100.0,17800.0,18300.0,17500.0,53861.0
2009.12.02,17950.0,150.0,17800.0,18150.0,17700.0,33635.0
2009.12.03,18400.0,450.0,18050.0,18500.0,17950.0,44054.0
2009.12.04,18100.0,300.0,18400.0,18400.0,17900.0,28672.0
2009.12.07,17300.0,800.0,18100.0,18100.0,17100.0,56903.0
2009.12.08,17150.0,150.0,17500.0,17650.0,16800.0,51154.0
2009.12.09,17550.0,400.0,17000.0,17600.0,16550.0,62414.0
2009.12.10,17400.0,150.0,17300.0,17650.0,17050.0,24448.0
2009.12.11,17500.0,100.0,17150.0,17700.0,17150.0,42337.0
2009.12.14,17050.0,450.0,17800.0,17800.0,17000.0,85565.0
2009.12.15,17100.0,50.0,17150.0,17650.0,16900.0,53763.0
2009.12.16,17000.0,100.0,17000.0,17250.0,16850.0,49034.0
2009.12.17,17250.0,250.0,17000.0,17750.0,16900.0,97143.0
2009.12.18,17050.0,200.0,17200.0,17350.0,17000.0,39108.0
2009.12.21,17200.0,150.0,17100.0,17500.0,17050.0,50923.0
2009.12.22,16350.0,850.0,17300.0,17550.0,15650.0,165341.0
2009.12.23,13900.0,2450.0,16400.0,16400.0,13900.0,656406.0
2009.12.24,14100.0,200.0,13750.0,14300.0,13750.0,208299.0
2009.12.28,12800.0,1300.0,14200.0,14500.0,12550.0,253010.0
2009.12.29,14700.0,1900.0,13050.0,14700.0,13000.0,242610.0
2009.12.30,16900.0,2200.0,15200.0,16900.0,15100.0,506297.0
2010.01.04,17700.0,800.0,17450.0,18700.0,17400.0,361984.0
2010.01.05,18000.0,300.0,17550.0,18000.0,17300.0,114649.0
2010.01.06,18700.0,700.0,18000.0,19200.0,17800.0,288302.0
2010.01.07,18850.0,150.0,18850.0,19300.0,18500.0,165911.0
2010.01.08,19500.0,650.0,19800.0,19800.0,18700.0,132377.0
2010.01.11,18100.0,1400.0,19500.0,19550.0,17700.0,230813.0
2010.01.12,18300.0,200.0,18000.0,18550.0,17500.0,131284.0
2010.01.13,16950.0,1350.0,18150.0,18500.0,16750.0,237909.0
2010.01.14,17000.0,50.0,17250.0,17700.0,16750.0,143824.0
2010.01.15,17650.0,650.0,17000.0,18000.0,16900.0,225056.0
2010.01.18,17750.0,100.0,17850.0,18500.0,17450.0,180438.0
2010.01.19,17000.0,750.0,18050.0,18100.0,16950.0,153703.0
2010.01.20,17450.0,450.0,17350.0,18300.0,17200.0,261479.0
2010.01.21,17000.0,450.0,17400.0,17650.0,14850.0,102705.0
2010.01.22,16550.0,450.0,16650.0,17000.0,16000.0,99085.0
2010.01.25,15500.0,1050.0,16000.0,16300.0,15400.0,126686.0
2010.01.26,15000.0,500.0,15650.0,15900.0,14800.0,95960.0
2010.01.27,15600.0,600.0,15400.0,16300.0,15100.0,113883.0
2010.01.28,15550.0,50.0,15650.0,15900.0,15200.0,58306.0
2010.01.29,15050.0,500.0,15300.0,15550.0,14700.0,48761.0
2010.02.01,15150.0,100.0,15600.0,15600.0,14850.0,24327.0
2010.02.02,15200.0,50.0,15200.0,15450.0,14800.0,35002.0
2010.02.03,15650.0,450.0,15400.0,15800.0,15150.0,56121.0
2010.02.04,17650.0,2000.0,15900.0,17950.0,15800.0,671703.0
2010.02.05,16950.0,700.0,16600.0,17300.0,16550.0,183548.0
2010.02.08,15500.0,1450.0,17400.0,17700.0,15500.0,172162.0
2010.02.09,15600.0,100.0,15300.0,15850.0,15150.0,50284.0
2010.02.10,15300.0,300.0,16000.0,16000.0,15200.0,61308.0
2010.02.11,15300.0,0.0,15500.0,15600.0,15000.0,45148.0
2010.02.12,15700.0,400.0,15350.0,15850.0,15200.0,36285.0
2010.02.16,15550.0,150.0,15800.0,16000.0,15500.0,40902.0
2010.02.17,16000.0,450.0,15700.0,16100.0,15300.0,76646.0
2010.02.18,15900.0,100.0,15850.0,16250.0,15800.0,47752.0
2010.02.19,16000.0,100.0,16050.0,17150.0,15700.0,158653.0
2010.02.22,15850.0,150.0,16100.0,16350.0,15500.0,98542.0
2010.02.23,15700.0,150.0,15700.0,15900.0,15500.0,39298.0
2010.02.24,15150.0,550.0,15450.0,15600.0,14950.0,71965.0
2010.02.25,14800.0,350.0,15350.0,15450.0,14700.0,84619.0
2010.02.26,14750.0,50.0,14900.0,15150.0,14700.0,29251.0
2010.03.02,14250.0,500.0,14800.0,15000.0,14250.0,45384.0
2010.03.03,14200.0,50.0,14200.0,14650.0,14150.0,50261.0
2010.03.04,14050.0,150.0,14100.0,14450.0,13400.0,101412.0
2010.03.05,14500.0,450.0,14100.0,14650.0,13850.0,90401.0
2010.03.08,14500.0,0.0,14350.0,14700.0,14250.0,71971.0
2010.03.09,13900.0,600.0,14500.0,14650.0,13900.0,83686.0
2010.03.10,14100.0,200.0,13950.0,14200.0,13750.0,46554.0
2010.03.11,13850.0,250.0,14000.0,14100.0,13850.0,26191.0
2010.03.12,13700.0,150.0,13750.0,14000.0,13700.0,29716.0
2010.03.15,13100.0,600.0,13600.0,13650.0,12900.0,81012.0
2010.03.16,13550.0,450.0,13250.0,13800.0,13200.0,59281.0
2010.03.17,13800.0,250.0,13550.0,14000.0,13150.0,74744.0
2010.03.18,13750.0,50.0,13900.0,13900.0,13550.0,46833.0
2010.03.19,13400.0,350.0,13650.0,13650.0,13350.0,46993.0
2010.03.22,13400.0,0.0,13300.0,13400.0,13100.0,40242.0
2010.03.23,13300.0,100.0,13500.0,13600.0,13300.0,29425.0
2010.03.24,12400.0,900.0,13450.0,13550.0,11350.0,79931.0
2010.03.25,12000.0,400.0,12400.0,12650.0,11500.0,66327.0
2010.03.26,12550.0,550.0,11600.0,12750.0,11600.0,89409.0
2010.03.29,11950.0,600.0,12550.0,12550.0,11850.0,75258.0
2010.03.30,12100.0,150.0,11950.0,12200.0,11950.0,24222.0
2010.03.31,12050.0,50.0,12150.0,12200.0,11850.0,32205.0
2010.04.01,11950.0,100.0,12000.0,12250.0,11650.0,37089.0
2010.04.02,11250.0,700.0,11800.0,11950.0,11150.0,68142.0
2010.04.05,9950.0,1300.0,11300.0,11300.0,9890.0,171172.0
2010.04.06,10400.0,450.0,9960.0,10450.0,9950.0,117232.0
2010.04.07,10500.0,100.0,10400.0,10700.0,10200.0,63275.0
2010.04.08,10900.0,400.0,10500.0,11400.0,10500.0,91882.0
2010.04.09,11100.0,200.0,10950.0,11200.0,10800.0,37133.0
2010.04.12,11650.0,550.0,11250.0,12000.0,11100.0,106216.0
2010.04.13,11250.0,400.0,11650.0,11750.0,11250.0,34298.0
2010.04.14,11400.0,150.0,11250.0,11600.0,11200.0,26692.0
2010.04.15,11100.0,300.0,11250.0,11450.0,10850.0,64333.0
2010.04.16,11150.0,50.0,11000.0,11350.0,10750.0,56833.0
2010.04.19,11150.0,0.0,10750.0,11500.0,10750.0,56903.0
2010.04.20,11500.0,350.0,11400.0,11500.0,10950.0,70521.0
2010.04.21,11800.0,300.0,11500.0,12400.0,11300.0,238802.0
2010.04.22,11850.0,50.0,11800.0,12150.0,11800.0,74503.0
2010.04.23,11950.0,100.0,12000.0,12200.0,11800.0,34880.0
2010.04.26,12000.0,50.0,11850.0,12100.0,11600.0,45267.0
2010.04.27,12050.0,50.0,12000.0,12200.0,11650.0,52901.0
2010.04.28,11900.0,150.0,11850.0,12200.0,11800.0,48737.0
2010.04.29,11900.0,0.0,11900.0,12450.0,11900.0,56616.0
2010.04.30,12150.0,250.0,12100.0,12550.0,12100.0,70944.0
2010.05.03,11800.0,350.0,12150.0,12300.0,11600.0,40009.0
2010.05.04,11450.0,350.0,12200.0,12200.0,11250.0,41218.0
2010.05.06,10900.0,550.0,11000.0,11400.0,10500.0,64053.0
2010.05.07,10050.0,850.0,10200.0,10550.0,10000.0,76990.0
2010.05.10,10550.0,500.0,10100.0,10850.0,10000.0,44292.0
2010.05.11,12100.0,1550.0,10800.0,12100.0,10700.0,233333.0
2010.05.12,11500.0,600.0,12300.0,12700.0,11500.0,204613.0
2010.05.13,10800.0,700.0,11700.0,11750.0,10500.0,130309.0
2010.05.14,10500.0,300.0,10700.0,10900.0,10400.0,87388.0
2010.05.17,9990.0,510.0,10500.0,10650.0,9970.0,115141.0
2010.05.18,10250.0,260.0,10150.0,10400.0,10050.0,56762.0
2010.05.19,9990.0,260.0,10150.0,10200.0,9930.0,58996.0
2010.05.20,9200.0,790.0,10000.0,10100.0,8500.0,115227.0
2010.05.24,10000.0,800.0,9060.0,10500.0,8900.0,117315.0
2010.05.25,9700.0,300.0,9900.0,9900.0,9100.0,46529.0
2010.05.26,10400.0,700.0,9550.0,10600.0,9550.0,69280.0
2010.05.27,10550.0,150.0,10400.0,10650.0,10150.0,37262.0
2010.05.28,10450.0,100.0,10700.0,10750.0,10350.0,22941.0
2010.05.31,10300.0,150.0,10450.0,10500.0,10200.0,30593.0
2010.06.01,10450.0,150.0,10450.0,10800.0,10350.0,53940.0
2010.06.03,10750.0,300.0,10500.0,11300.0,10500.0,75884.0
2010.06.04,11150.0,400.0,10850.0,11450.0,10600.0,60582.0
2010.06.07,11000.0,150.0,10850.0,11300.0,10500.0,60677.0
2010.06.08,12100.0,1100.0,11300.0,12500.0,11150.0,219202.0
2010.06.09,11850.0,250.0,12300.0,12350.0,11650.0,90011.0
2010.06.10,11750.0,100.0,12050.0,12200.0,11650.0,51544.0
2010.06.11,11850.0,100.0,11950.0,12300.0,11700.0,75724.0
2010.06.14,11850.0,0.0,12000.0,12150.0,11600.0,44059.0
2010.06.15,12450.0,600.0,12000.0,13400.0,11950.0,759019.0
2010.06.16,13600.0,1150.0,14300.0,14300.0,12850.0,1270063.0
2010.06.17,12400.0,1200.0,14200.0,15300.0,12250.0,3137614.0
2010.06.18,11500.0,900.0,12400.0,12500.0,11300.0,413272.0
2010.06.21,11500.0,0.0,11500.0,11850.0,11350.0,191738.0
2010.06.22,11200.0,300.0,11400.0,11650.0,11200.0,107605.0
2010.06.23,11000.0,200.0,11200.0,11450.0,11000.0,107863.0
2010.06.24,11100.0,100.0,11050.0,11350.0,11000.0,54708.0
2010.06.25,11000.0,100.0,11250.0,11300.0,10900.0,38576.0
2010.06.28,10850.0,150.0,11000.0,11000.0,10650.0,74676.0
2010.06.29,10600.0,250.0,10800.0,11200.0,10550.0,49774.0
2010.06.30,10600.0,0.0,10350.0,10750.0,10100.0,49797.0
2010.07.01,10750.0,150.0,10750.0,11100.0,10450.0,65804.0
2010.07.02,10650.0,100.0,10650.0,11000.0,10650.0,28000.0
2010.07.05,10600.0,50.0,10550.0,10900.0,10500.0,23240.0
2010.07.06,10450.0,150.0,10650.0,10700.0,10350.0,33536.0
2010.07.07,10750.0,300.0,10500.0,10950.0,10450.0,37709.0
2010.07.08,10850.0,100.0,10950.0,11050.0,10750.0,42506.0
2010.07.09,10800.0,50.0,10750.0,11000.0,10750.0,21713.0
2010.07.12,10850.0,50.0,10800.0,11050.0,10750.0,35206.0
2010.07.13,10800.0,50.0,10950.0,11050.0,10650.0,44436.0
2010.07.14,10550.0,250.0,10800.0,10900.0,10550.0,53323.0
2010.07.15,10600.0,50.0,10550.0,10800.0,10500.0,26209.0
2010.07.16,10300.0,300.0,10500.0,10700.0,10250.0,54287.0
2010.07.19,10300.0,0.0,10100.0,10550.0,10100.0,49754.0
2010.07.20,10350.0,50.0,10200.0,10450.0,10200.0,44186.0
2010.07.21,10400.0,50.0,10650.0,11900.0,10400.0,862516.0
2010.07.22,11100.0,700.0,10600.0,11400.0,10550.0,323049.0
2010.07.23,10800.0,300.0,11300.0,11300.0,10650.0,109285.0
2010.07.26,10700.0,100.0,10850.0,10900.0,10600.0,45175.0
2010.07.27,10500.0,200.0,10900.0,10900.0,10500.0,56599.0
2010.07.28,10500.0,0.0,10600.0,10700.0,10500.0,26195.0
2010.07.29,10650.0,150.0,10450.0,10650.0,10400.0,30125.0
2010.07.30,10600.0,50.0,10550.0,10850.0,10500.0,30456.0
2010.08.02,10550.0,50.0,10600.0,10850.0,10500.0,58193.0
2010.08.03,10500.0,50.0,10550.0,10600.0,10400.0,44124.0
2010.08.04,10450.0,50.0,10500.0,10650.0,10450.0,37733.0
2010.08.05,10550.0,100.0,10450.0,10600.0,10350.0,45661.0
2010.08.06,11000.0,450.0,10500.0,11050.0,10500.0,131217.0
2010.08.09,11800.0,800.0,11000.0,11850.0,10950.0,210470.0
2010.08.10,11300.0,500.0,11700.0,11700.0,11100.0,95687.0
2010.08.11,11500.0,200.0,11150.0,11700.0,11150.0,77799.0
2010.08.12,11950.0,450.0,11250.0,12300.0,11050.0,214093.0
2010.08.13,11900.0,50.0,11900.0,12300.0,11700.0,99363.0
2010.08.16,11300.0,600.0,11900.0,11900.0,11300.0,70887.0
2010.08.17,11500.0,200.0,11450.0,11750.0,11250.0,46247.0
2010.08.18,12100.0,600.0,11550.0,12550.0,11550.0,233031.0
2010.08.19,11750.0,350.0,12000.0,12400.0,11700.0,107140.0
2010.08.20,11950.0,200.0,11900.0,11950.0,11600.0,47786.0
2010.08.23,11400.0,550.0,11900.0,12100.0,11400.0,98174.0
2010.08.24,11500.0,100.0,11600.0,11800.0,11250.0,48981.0
2010.08.25,11800.0,300.0,11300.0,11800.0,11300.0,60998.0
2010.08.26,10800.0,1000.0,11900.0,12600.0,10250.0,345670.0
2010.08.27,10750.0,50.0,10800.0,11150.0,10700.0,70858.0
2010.08.30,11300.0,550.0,11100.0,11300.0,10850.0,58235.0
2010.08.31,11600.0,300.0,11350.0,11600.0,11100.0,32266.0
2010.09.01,11450.0,150.0,11700.0,11700.0,11350.0,44692.0
2010.09.02,11550.0,100.0,11500.0,12350.0,11500.0,194386.0
2010.09.03,11400.0,150.0,11650.0,11750.0,11350.0,40829.0
2010.09.06,11550.0,150.0,11600.0,11950.0,11300.0,141579.0
2010.09.07,11300.0,250.0,11600.0,11650.0,11300.0,49610.0
2010.09.08,11250.0,50.0,11200.0,11400.0,11100.0,23720.0
2010.09.09,11350.0,100.0,11250.0,11500.0,11250.0,40204.0
2010.09.10,11300.0,50.0,11300.0,11400.0,11100.0,51061.0
2010.09.13,10950.0,350.0,11300.0,11300.0,10900.0,60508.0
2010.09.14,11050.0,100.0,11000.0,11150.0,10900.0,26352.0
2010.09.15,10800.0,250.0,10950.0,11150.0,10800.0,39495.0
2010.09.16,10800.0,0.0,10600.0,10950.0,10600.0,22706.0
2010.09.17,10900.0,100.0,10700.0,11150.0,10650.0,46074.0
2010.09.20,10850.0,50.0,10850.0,11000.0,10700.0,20630.0
2010.09.24,10800.0,50.0,10850.0,11150.0,10750.0,26254.0
2010.09.27,10700.0,100.0,10800.0,11000.0,10700.0,47099.0
2010.09.28,11050.0,350.0,10900.0,11500.0,10750.0,244949.0
2010.09.29,11150.0,100.0,11300.0,11300.0,10950.0,54605.0
2010.09.30,11100.0,50.0,11100.0,11500.0,11100.0,33805.0
2010.10.01,11100.0,0.0,11050.0,11250.0,11000.0,39369.0
2010.10.04,11000.0,100.0,11150.0,11200.0,10850.0,64388.0
2010.10.05,10900.0,100.0,10900.0,10950.0,10750.0,41849.0
2010.10.06,10600.0,300.0,10900.0,11050.0,10500.0,80872.0
2010.10.07,10500.0,100.0,10750.0,10800.0,10450.0,66744.0
2010.10.08,10500.0,0.0,10600.0,10650.0,10450.0,26752.0
2010.10.11,10500.0,0.0,10750.0,10750.0,10500.0,36533.0
2010.10.12,10500.0,0.0,10550.0,10750.0,10400.0,47677.0
2010.10.13,10600.0,100.0,10600.0,10700.0,10500.0,46726.0
2010.10.14,10700.0,100.0,10650.0,10750.0,10550.0,45696.0
2010.10.15,10700.0,0.0,10750.0,10800.0,10600.0,45598.0
2010.10.18,10750.0,50.0,10650.0,10850.0,10650.0,42525.0
2010.10.19,10750.0,0.0,10800.0,10950.0,10700.0,38266.0
2010.10.20,10900.0,150.0,10800.0,11150.0,10750.0,102746.0
2010.10.21,10800.0,100.0,11150.0,11150.0,10750.0,63195.0
2010.10.22,10450.0,350.0,10800.0,10950.0,10450.0,59364.0
2010.10.25,10800.0,350.0,10500.0,10900.0,10350.0,66754.0
2010.10.26,10550.0,250.0,10850.0,10850.0,10500.0,36141.0
2010.10.27,10450.0,100.0,10650.0,10700.0,10400.0,58103.0
2010.10.28,10550.0,100.0,10500.0,10650.0,10400.0,39466.0
2010.10.29,10250.0,300.0,10500.0,10650.0,10200.0,77484.0
2010.11.01,10350.0,100.0,10450.0,10600.0,10250.0,60745.0
2010.11.02,10250.0,100.0,10400.0,10500.0,10250.0,36981.0
2010.11.03,10250.0,0.0,10250.0,10500.0,10250.0,26834.0
2010.11.04,10400.0,150.0,10300.0,10550.0,10200.0,57028.0
2010.11.05,10500.0,100.0,10400.0,10500.0,10350.0,30791.0
2010.11.08,10600.0,100.0,10600.0,10900.0,10500.0,106626.0
2010.11.09,10600.0,0.0,10500.0,10950.0,10450.0,111086.0
2010.11.10,10850.0,250.0,10550.0,11050.0,10550.0,129324.0
2010.11.11,10750.0,100.0,11000.0,11050.0,10750.0,77841.0
2010.11.12,10100.0,650.0,10750.0,10850.0,9320.0,142728.0
2010.11.15,9900.0,200.0,10250.0,10250.0,9810.0,82246.0
2010.11.16,10100.0,200.0,9990.0,10150.0,9880.0,26793.0
2010.11.17,10150.0,50.0,10050.0,10150.0,9800.0,23911.0
2010.11.18,10150.0,0.0,10250.0,10250.0,9990.0,40262.0
2010.11.19,10000.0,150.0,10150.0,10150.0,9980.0,32463.0
2010.11.22,10050.0,50.0,10000.0,10100.0,9990.0,26913.0
2010.11.23,10000.0,50.0,10000.0,10450.0,9930.0,40858.0
2010.11.24,9900.0,100.0,9350.0,9900.0,9000.0,76926.0
2010.11.25,9800.0,100.0,9980.0,10100.0,9790.0,42388.0
2010.11.26,9550.0,250.0,9800.0,9990.0,9430.0,49396.0
2010.11.29,9230.0,320.0,9400.0,9650.0,9110.0,47333.0
2010.11.30,9330.0,100.0,9390.0,9540.0,9250.0,26509.0
2010.12.01,9350.0,20.0,9300.0,9530.0,9250.0,16397.0
2010.12.02,9350.0,0.0,9480.0,9510.0,9270.0,22338.0
2010.12.03,9340.0,10.0,9430.0,9430.0,9270.0,19558.0
2010.12.06,9090.0,250.0,9450.0,9450.0,9030.0,50675.0
2010.12.07,8960.0,130.0,9010.0,9130.0,8900.0,27199.0
2010.12.08,9170.0,210.0,9000.0,9650.0,9000.0,17246.0
2010.12.09,9030.0,140.0,9230.0,9230.0,8980.0,64495.0
2010.12.10,9020.0,10.0,9040.0,9100.0,8850.0,42914.0
2010.12.13,8990.0,30.0,9020.0,9020.0,8910.0,24276.0
2010.12.14,9040.0,50.0,9010.0,9270.0,9010.0,35584.0
2010.12.15,9160.0,120.0,9080.0,9280.0,9050.0,33350.0
2010.12.16,9580.0,420.0,9260.0,10450.0,9180.0,377216.0
2010.12.17,11000.0,1420.0,10850.0,11000.0,10700.0,168374.0
2010.12.20,12650.0,1650.0,11800.0,12650.0,11450.0,1842044.0
2010.12.21,13850.0,1200.0,13700.0,14500.0,13300.0,2946038.0
2010.12.22,13400.0,450.0,14200.0,14300.0,13100.0,1855825.0
2010.12.23,12450.0,950.0,13000.0,13150.0,12000.0,1760853.0
2010.12.24,12100.0,350.0,12500.0,12750.0,12000.0,1070434.0
2010.12.27,12350.0,250.0,12200.0,12450.0,11850.0,888096.0
2010.12.28,11000.0,1350.0,12300.0,12450.0,10700.0,1248087.0
2010.12.29,11200.0,200.0,11100.0,11350.0,10850.0,523905.0
2010.12.30,10950.0,250.0,11250.0,11350.0,10750.0,442391.0
2011.01.03,11450.0,500.0,11100.0,11500.0,10950.0,598779.0
2011.01.04,11200.0,250.0,11500.0,11650.0,11150.0,381144.0
2011.01.05,10900.0,300.0,11300.0,11850.0,10900.0,684435.0
2011.01.06,11000.0,100.0,10900.0,11300.0,10800.0,387805.0
2011.01.07,11350.0,350.0,11050.0,11700.0,11000.0,457491.0
2011.01.10,11700.0,350.0,11500.0,12050.0,11350.0,507409.0
2011.01.11,11950.0,250.0,11750.0,12000.0,11500.0,264372.0
2011.01.12,11700.0,250.0,11950.0,12000.0,11700.0,169751.0
2011.01.13,11400.0,300.0,11800.0,11800.0,11050.0,239107.0
2011.01.14,11200.0,200.0,11500.0,11550.0,11000.0,143115.0
2011.01.17,11400.0,200.0,11200.0,11750.0,11150.0,264968.0
2011.01.18,11050.0,350.0,11500.0,11550.0,11000.0,166219.0
2011.01.19,12100.0,1050.0,11000.0,12700.0,10850.0,986984.0
2011.01.20,12300.0,200.0,12200.0,12900.0,11900.0,520316.0
2011.01.21,12300.0,0.0,12500.0,12550.0,11950.0,276028.0
2011.01.24,11250.0,1050.0,12250.0,12400.0,11250.0,283005.0
2011.01.25,11450.0,200.0,11250.0,11450.0,11000.0,224731.0
2011.01.26,11700.0,250.0,11450.0,11750.0,11150.0,121310.0
2011.01.27,11400.0,300.0,11700.0,11800.0,11300.0,96138.0
2011.01.28,11250.0,150.0,11400.0,11650.0,11050.0,105461.0
2011.01.31,11100.0,150.0,10900.0,11600.0,10850.0,164830.0
2011.02.01,11000.0,100.0,11200.0,11250.0,10900.0,86108.0
2011.02.07,11000.0,0.0,11050.0,11350.0,11000.0,98906.0
2011.02.08,10750.0,250.0,11050.0,11350.0,10700.0,138927.0
2011.02.09,10250.0,500.0,10950.0,10950.0,10100.0,172124.0
2011.02.10,10050.0,200.0,10350.0,10450.0,9980.0,89102.0
2011.02.11,10050.0,0.0,10000.0,10200.0,9910.0,73361.0
2011.02.14,9990.0,60.0,10100.0,10300.0,9820.0,95392.0
2011.02.15,9880.0,110.0,9910.0,10150.0,9810.0,51152.0
2011.02.16,10300.0,420.0,9790.0,10650.0,9780.0,153890.0
2011.02.17,11800.0,1500.0,10650.0,11800.0,10650.0,1252276.0
2011.02.18,11150.0,650.0,11550.0,11550.0,10500.0,676837.0
2011.02.21,12800.0,1650.0,11350.0,12800.0,11300.0,1604130.0
2011.02.22,13000.0,200.0,12550.0,13450.0,12300.0,1216489.0
2011.02.23,11600.0,1400.0,12800.0,13100.0,11500.0,767508.0
2011.02.24,12250.0,650.0,11600.0,12600.0,11300.0,675058.0
2011.02.25,12200.0,50.0,13900.0,14050.0,12100.0,3714655.0
2011.02.28,12450.0,250.0,12050.0,13500.0,11700.0,2332316.0
2011.03.02,11550.0,900.0,12400.0,13300.0,11550.0,1011866.0
2011.03.03,12300.0,750.0,12000.0,12300.0,11550.0,546142.0
2011.03.04,13100.0,800.0,12400.0,13100.0,11950.0,849839.0
2011.03.07,12650.0,450.0,13000.0,13400.0,12650.0,590059.0
2011.03.08,12650.0,0.0,12550.0,13100.0,12300.0,538161.0
2011.03.09,13150.0,500.0,13300.0,14300.0,12750.0,2736404.0
2011.03.10,12500.0,650.0,13400.0,13450.0,12300.0,603925.0
2011.03.11,12250.0,250.0,12100.0,12600.0,11900.0,316856.0
2011.03.14,10450.0,1800.0,12050.0,12050.0,10450.0,804233.0
2011.03.15,9960.0,490.0,10500.0,10800.0,9210.0,489968.0
2011.03.16,10250.0,290.0,10000.0,10500.0,9790.0,273782.0
2011.03.17,9980.0,270.0,9800.0,10100.0,9700.0,141537.0
2011.03.18,10150.0,170.0,10100.0,10250.0,9990.0,161901.0
2011.03.21,10500.0,350.0,10300.0,10550.0,10150.0,173140.0
2011.03.22,10300.0,200.0,10600.0,10600.0,10200.0,141775.0
2011.03.23,10350.0,50.0,10350.0,10700.0,10050.0,229302.0
2011.03.24,10550.0,200.0,10450.0,10650.0,10400.0,122871.0
2011.03.25,10300.0,250.0,10600.0,10650.0,10250.0,150714.0
2011.03.28,10100.0,200.0,10150.0,10450.0,9990.0,145681.0
2011.03.29,10000.0,100.0,10150.0,10250.0,9970.0,111153.0
2011.03.30,10000.0,0.0,10100.0,10150.0,9990.0,105401.0
2011.03.31,10100.0,100.0,10100.0,10300.0,10050.0,98886.0
2011.04.01,10450.0,350.0,10200.0,10650.0,10100.0,130660.0
2011.04.04,10250.0,200.0,10500.0,10550.0,10200.0,107660.0
2011.04.05,10300.0,50.0,10250.0,10500.0,10200.0,128738.0
2011.04.06,10650.0,350.0,11100.0,11800.0,10650.0,1537279.0
2011.04.07,10600.0,50.0,10700.0,10850.0,10500.0,226033.0
2011.04.08,10550.0,50.0,10700.0,10800.0,10550.0,143702.0
2011.04.11,11000.0,450.0,10500.0,11100.0,10500.0,250147.0
2011.04.12,12650.0,1650.0,11800.0,12650.0,11350.0,2439623.0
2011.04.13,12250.0,400.0,12650.0,12750.0,11800.0,1114020.0
2011.04.14,12900.0,650.0,12100.0,13600.0,12000.0,1566978.0
2011.04.15,12950.0,50.0,12900.0,13350.0,12550.0,648180.0
2011.04.18,13300.0,350.0,12900.0,13600.0,12750.0,824449.0
2011.04.19,12700.0,600.0,13150.0,13500.0,12500.0,592556.0
2011.04.20,13300.0,600.0,12900.0,13300.0,12350.0,690165.0
2011.04.21,11500.0,1800.0,13100.0,13250.0,11450.0,1007478.0
2011.04.22,11700.0,200.0,11600.0,12150.0,11600.0,504151.0
2011.04.25,11700.0,0.0,11950.0,11950.0,11200.0,358034.0
2011.04.26,11650.0,50.0,12000.0,12100.0,11550.0,347730.0
2011.04.27,12050.0,400.0,11850.0,12400.0,11650.0,541667.0
2011.04.28,11850.0,200.0,12050.0,12350.0,11750.0,316675.0
2011.04.29,12400.0,550.0,11250.0,12500.0,11200.0,618294.0
2011.05.02,12400.0,0.0,0.0,0.0,0.0,0.0
2011.05.03,12400.0,0.0,0.0,0.0,0.0,0.0
2011.05.04,12400.0,0.0,0.0,0.0,0.0,0.0
2011.05.06,12400.0,0.0,0.0,0.0,0.0,0.0
2011.05.09,12400.0,0.0,0.0,0.0,0.0,0.0
2011.05.11,12400.0,0.0,0.0,0.0,0.0,0.0
2011.05.12,12400.0,0.0,0.0,0.0,0.0,0.0
2011.05.13,12400.0,0.0,0.0,0.0,0.0,0.0
2011.05.16,12400.0,0.0,0.0,0.0,0.0,0.0
2011.05.17,12400.0,0.0,0.0,0.0,0.0,0.0
2011.05.18,12400.0,0.0,0.0,0.0,0.0,0.0
2011.05.19,12400.0,0.0,0.0,0.0,0.0,0.0
2011.05.20,7130.0,930.0,6800.0,7130.0,6780.0,1276354.0
2011.05.23,6110.0,1020.0,7130.0,7290.0,6070.0,5824777.0
2011.05.24,5800.0,310.0,6030.0,6110.0,5740.0,907753.0
2011.05.25,5900.0,100.0,5760.0,6240.0,5760.0,1363181.0
2011.05.26,6080.0,180.0,5890.0,6080.0,5780.0,1071971.0
2011.05.27,5830.0,250.0,6100.0,6320.0,5830.0,844986.0
2011.05.30,5410.0,420.0,5830.0,6030.0,5360.0,698726.0
2011.05.31,5220.0,190.0,5310.0,5490.0,5140.0,564531.0
2011.06.01,5380.0,160.0,5240.0,5470.0,5100.0,389197.0
2011.06.02,5260.0,120.0,5200.0,5370.0,5200.0,235029.0
2011.06.03,5210.0,50.0,5200.0,5450.0,5150.0,291147.0
2011.06.07,4950.0,260.0,5130.0,5220.0,4950.0,328581.0
2011.06.08,4825.0,125.0,4900.0,5020.0,4825.0,209416.0
2011.06.09,4900.0,75.0,4830.0,4975.0,4730.0,222186.0
2011.06.10,4720.0,180.0,4900.0,5070.0,4720.0,223953.0
2011.06.13,4500.0,220.0,4700.0,4735.0,4350.0,317474.0
2011.06.14,4425.0,75.0,4500.0,4595.0,4400.0,210755.0
2011.06.15,4580.0,155.0,4450.0,4670.0,4425.0,208159.0
2011.06.16,4540.0,40.0,4445.0,4625.0,4420.0,95837.0
2011.06.17,4750.0,210.0,4650.0,4895.0,4575.0,267642.0
2011.06.20,4750.0,0.0,4700.0,4835.0,4675.0,162553.0
2011.06.21,4750.0,0.0,4720.0,4810.0,4720.0,95269.0
2011.06.22,4675.0,75.0,4820.0,4820.0,4630.0,218678.0
2011.06.23,4640.0,35.0,4675.0,4735.0,4600.0,82069.0
2011.06.24,4830.0,190.0,4645.0,4920.0,4645.0,317209.0
2011.06.27,5390.0,560.0,4900.0,5520.0,4900.0,1045741.0
2011.06.28,4915.0,475.0,5420.0,5420.0,4915.0,656746.0
2011.06.29,4820.0,95.0,4930.0,4985.0,4720.0,268300.0
2011.06.30,4980.0,160.0,4830.0,5030.0,4830.0,207102.0
2011.07.01,4970.0,10.0,4990.0,5040.0,4910.0,131334.0
2011.07.04,4965.0,5.0,5050.0,5050.0,4930.0,167846.0
2011.07.05,4945.0,20.0,5040.0,5040.0,4905.0,130104.0
2011.07.06,5010.0,65.0,4925.0,5110.0,4925.0,193246.0
2011.07.07,5190.0,180.0,4965.0,5290.0,4950.0,329858.0
2011.07.08,5020.0,170.0,5170.0,5260.0,4995.0,278566.0
2011.07.11,5030.0,10.0,4950.0,5090.0,4950.0,123490.0
2011.07.12,4930.0,100.0,5000.0,5080.0,4880.0,200752.0
2011.07.13,4800.0,130.0,4950.0,4980.0,4775.0,212484.0
2011.07.14,4820.0,20.0,4800.0,4890.0,4775.0,142731.0
2011.07.15,5020.0,200.0,4820.0,5200.0,4805.0,460979.0
2011.07.18,5560.0,540.0,5060.0,5700.0,5020.0,1387918.0
2011.07.19,5520.0,40.0,5500.0,6160.0,5490.0,1721093.0
2011.07.20,5420.0,100.0,5650.0,5680.0,5310.0,586612.0
2011.07.21,5530.0,110.0,5400.0,5670.0,5360.0,435986.0
2011.07.22,5560.0,30.0,5530.0,5620.0,5450.0,388730.0
2011.07.25,5450.0,110.0,5640.0,5770.0,5450.0,448313.0
2011.07.26,5540.0,90.0,5460.0,5720.0,5460.0,469105.0
2011.07.27,5700.0,160.0,5590.0,5840.0,5560.0,733580.0
2011.07.28,5830.0,130.0,5620.0,5910.0,5580.0,599532.0
2011.07.29,5560.0,270.0,5910.0,6100.0,5560.0,852466.0
2011.08.01,5690.0,130.0,5590.0,5770.0,5570.0,410754.0
2011.08.02,5460.0,230.0,5600.0,5780.0,5430.0,326994.0
2011.08.03,5200.0,260.0,5300.0,5310.0,5050.0,344446.0
2011.08.04,5100.0,100.0,5220.0,5420.0,5090.0,209412.0
2011.08.05,4630.0,470.0,4650.0,4850.0,4400.0,513677.0
2011.08.08,3940.0,690.0,4500.0,4620.0,3940.0,854247.0
2011.08.09,3700.0,240.0,3500.0,3840.0,3350.0,657208.0
2011.08.10,3910.0,210.0,3955.0,4040.0,3860.0,376306.0
2011.08.11,3950.0,40.0,3500.0,3980.0,3500.0,304608.0
2011.08.12,4150.0,200.0,4230.0,4380.0,4085.0,373041.0
2011.08.16,4430.0,280.0,4330.0,4600.0,4255.0,318191.0
2011.08.17,4690.0,260.0,4435.0,4970.0,4425.0,639325.0
2011.08.18,4470.0,220.0,4800.0,4800.0,4350.0,274419.0
2011.08.19,4105.0,365.0,4260.0,4260.0,4020.0,319248.0
2011.08.22,4165.0,60.0,4150.0,4400.0,3990.0,328612.0
2011.08.23,4285.0,120.0,4255.0,4360.0,4215.0,168016.0
2011.08.24,4110.0,175.0,4380.0,4380.0,4110.0,137635.0
2011.08.25,4185.0,75.0,4200.0,4250.0,4150.0,144206.0
2011.08.26,4340.0,155.0,4240.0,4340.0,4185.0,187540.0
2011.08.29,4625.0,285.0,4430.0,4830.0,4385.0,730943.0
2011.08.30,4590.0,35.0,4700.0,4715.0,4470.0,234193.0
2011.08.31,4525.0,65.0,4590.0,4650.0,4465.0,150779.0
2011.09.01,4350.0,175.0,4580.0,4645.0,4350.0,211397.0
2011.09.02,4400.0,50.0,4380.0,4420.0,4290.0,146602.0
2011.09.05,4255.0,145.0,4385.0,4385.0,4225.0,143058.0
2011.09.06,4115.0,140.0,4150.0,4260.0,3940.0,257373.0
2011.09.07,4140.0,25.0,4230.0,4230.0,4115.0,179787.0
2011.09.08,4100.0,40.0,4195.0,4225.0,4080.0,111263.0
2011.09.09,4000.0,100.0,4060.0,4145.0,3990.0,125744.0
2011.09.14,3790.0,210.0,4000.0,4080.0,3720.0,142693.0
2011.09.15,3885.0,95.0,3850.0,3940.0,3600.0,185838.0
2011.09.16,3990.0,105.0,3890.0,4075.0,3885.0,171570.0
2011.09.19,4030.0,40.0,4050.0,4290.0,4030.0,249259.0
2011.09.20,3990.0,40.0,4030.0,4110.0,3900.0,161377.0
2011.09.21,4585.0,595.0,4010.0,4585.0,4010.0,1058701.0
2011.09.22,4750.0,165.0,4600.0,4990.0,4600.0,2205566.0
2011.09.23,4200.0,550.0,4510.0,4580.0,4190.0,685092.0
2011.09.26,3570.0,630.0,4230.0,4350.0,3570.0,800260.0
2011.09.27,3840.0,270.0,3790.0,3900.0,3700.0,299396.0
2011.09.28,3840.0,0.0,3930.0,4050.0,3800.0,259468.0
2011.09.29,3935.0,95.0,3890.0,4025.0,3810.0,195405.0
2011.09.30,4040.0,105.0,4000.0,4065.0,3910.0,179223.0
2011.10.04,3800.0,240.0,3850.0,3850.0,3655.0,180633.0
2011.10.05,3650.0,150.0,3850.0,3850.0,3585.0,184275.0
2011.10.06,4195.0,545.0,3795.0,4195.0,3710.0,324027.0
2011.10.07,4380.0,185.0,4600.0,4820.0,4210.0,4001315.0
2011.10.10,4915.0,535.0,4450.0,5000.0,4400.0,2764709.0
2011.10.11,4765.0,150.0,5000.0,5050.0,4680.0,1790294.0
2011.10.12,4725.0,40.0,4720.0,5140.0,4715.0,1256820.0
2011.10.13,4925.0,200.0,4770.0,5230.0,4510.0,2952566.0
2011.10.14,4820.0,105.0,4850.0,5050.0,4650.0,1103432.0
2011.10.17,5250.0,430.0,4905.0,5470.0,4825.0,2418836.0
2011.10.18,5120.0,130.0,5140.0,5500.0,4980.0,1826369.0
2011.10.19,4930.0,190.0,5290.0,5360.0,4930.0,1077477.0
2011.10.20,4525.0,405.0,4940.0,5130.0,4475.0,797586.0
2011.10.21,4550.0,25.0,4645.0,4730.0,4425.0,588978.0
2011.10.24,4750.0,200.0,4600.0,4910.0,4600.0,640853.0
2011.10.25,4680.0,70.0,4850.0,4910.0,4675.0,459253.0
2011.10.26,5000.0,320.0,4650.0,5130.0,4565.0,1086610.0
2011.10.27,5550.0,550.0,5100.0,5750.0,4930.0,4375523.0
2011.10.28,5160.0,390.0,5620.0,5700.0,5160.0,1229516.0
2011.10.31,5300.0,140.0,5200.0,5650.0,5160.0,2072996.0
2011.11.01,5360.0,60.0,5200.0,5620.0,5190.0,1376849.0
2011.11.02,5480.0,120.0,5160.0,5480.0,5120.0,721866.0
2011.11.03,5210.0,270.0,5510.0,5580.0,5190.0,791909.0
2011.11.04,5580.0,370.0,5350.0,5590.0,5350.0,849780.0
2011.11.07,6410.0,830.0,5680.0,6410.0,5610.0,2747655.0
2011.11.08,6550.0,140.0,6800.0,7240.0,6480.0,7348456.0
2011.11.09,7100.0,550.0,6700.0,7100.0,6500.0,4059817.0
2011.11.10,8160.0,1060.0,7300.0,8160.0,7220.0,8026273.0
2011.11.11,8260.0,100.0,7970.0,8300.0,7750.0,6589466.0
2011.11.14,8370.0,110.0,8160.0,8640.0,7890.0,4489245.0
2011.11.15,7950.0,420.0,8400.0,8470.0,7800.0,2468992.0
2011.11.16,7110.0,840.0,7900.0,8050.0,7110.0,3602585.0
2011.11.17,8170.0,1060.0,7260.0,8170.0,7220.0,4390586.0
2011.11.18,8620.0,450.0,8100.0,9190.0,8000.0,7279645.0
2011.11.21,8100.0,520.0,8650.0,8890.0,7600.0,3204418.0
2011.11.22,8150.0,50.0,7800.0,8600.0,7490.0,3304820.0
2011.11.23,7400.0,750.0,8070.0,8380.0,7280.0,2626494.0
2011.11.24,8000.0,600.0,7560.0,8510.0,7330.0,6586659.0
2011.11.25,7600.0,400.0,7930.0,8310.0,7410.0,3654231.0
2011.11.28,7330.0,270.0,7670.0,7900.0,7310.0,2303686.0
2011.11.29,7820.0,490.0,7480.0,7950.0,7460.0,2436086.0
2011.11.30,7230.0,590.0,7890.0,8160.0,7030.0,3367607.0
2011.12.01,6980.0,250.0,7500.0,7530.0,6660.0,2839419.0
2011.12.02,6990.0,10.0,7060.0,7140.0,6740.0,1542448.0
2011.12.05,6740.0,250.0,6850.0,6950.0,6670.0,1654223.0
2011.12.06,7750.0,1010.0,6820.0,7750.0,6730.0,7427725.0
2011.12.07,7750.0,0.0,8000.0,8330.0,7700.0,6650755.0
2011.12.08,7570.0,180.0,7770.0,7910.0,7440.0,2943685.0
2011.12.09,7410.0,160.0,7410.0,8000.0,7330.0,3063499.0
2011.12.12,7550.0,140.0,7460.0,7830.0,7400.0,2362685.0
2011.12.13,7470.0,80.0,7520.0,8160.0,7420.0,3994202.0
2011.12.14,7750.0,280.0,7520.0,7830.0,7440.0,2573273.0
2011.12.15,7730.0,20.0,7800.0,8210.0,7660.0,4687421.0
2011.12.16,7410.0,320.0,7890.0,7920.0,7400.0,1940850.0
2011.12.19,6520.0,890.0,7260.0,7350.0,6300.0,3050607.0
2011.12.20,6770.0,250.0,6530.0,6960.0,6530.0,1286648.0
2011.12.21,7200.0,430.0,6950.0,7640.0,6870.0,3834527.0
2011.12.22,7740.0,540.0,7360.0,7850.0,7260.0,3142064.0
2011.12.23,7470.0,270.0,7810.0,7950.0,7420.0,2111956.0
2011.12.26,8590.0,1120.0,8160.0,8590.0,8140.0,8939015.0
2011.12.27,9150.0,560.0,8750.0,9770.0,8650.0,11474437.0
2011.12.28,9670.0,520.0,9250.0,9740.0,8730.0,6441799.0
2011.12.29,9460.0,210.0,9370.0,9820.0,9210.0,4366000.0
2012.01.02,10300.0,840.0,9640.0,10700.0,9360.0,6152258.0
2012.01.03,10500.0,200.0,10150.0,10550.0,9890.0,3315177.0
2012.01.04,9800.0,700.0,10400.0,10500.0,9720.0,3070388.0
2012.01.05,10250.0,450.0,9620.0,10250.0,9390.0,4132652.0
2012.01.06,10250.0,0.0,10300.0,11300.0,9990.0,5788121.0
2012.01.09,10550.0,300.0,10400.0,10900.0,10200.0,3087713.0
2012.01.10,10550.0,0.0,10650.0,10900.0,10350.0,1789108.0
2012.01.11,9100.0,1450.0,10600.0,11150.0,9100.0,3664682.0
2012.01.12,9160.0,60.0,9410.0,9640.0,9050.0,2177940.0
2012.01.13,9580.0,420.0,9280.0,9620.0,9220.0,1594459.0
2012.01.16,8690.0,890.0,9450.0,9460.0,8560.0,2718984.0
2012.01.17,8900.0,210.0,8860.0,9070.0,8700.0,1588398.0
2012.01.18,8500.0,400.0,9010.0,9020.0,8430.0,1279516.0
2012.01.19,8340.0,160.0,8560.0,8860.0,8090.0,1969099.0
2012.01.20,8040.0,300.0,8410.0,8410.0,8010.0,1259049.0
2012.01.25,8720.0,680.0,8100.0,8910.0,8060.0,2435131.0
2012.01.26,8600.0,120.0,8850.0,8880.0,8460.0,1071326.0
2012.01.27,8780.0,180.0,8750.0,9380.0,8720.0,3720568.0
2012.01.30,8430.0,350.0,8850.0,8860.0,8390.0,918136.0
2012.01.31,8320.0,110.0,8350.0,8550.0,8260.0,912378.0
2012.02.01,8490.0,170.0,8400.0,8550.0,8350.0,847594.0
2012.02.02,8990.0,500.0,8510.0,9050.0,8500.0,2340497.0
2012.02.03,8910.0,80.0,9110.0,9250.0,8860.0,1429629.0
2012.02.06,9410.0,500.0,9170.0,9730.0,9070.0,3336063.0
2012.02.07,9530.0,120.0,9360.0,9650.0,9240.0,2088465.0
2012.02.08,9100.0,430.0,9610.0,9620.0,9100.0,1360338.0
2012.02.09,8710.0,390.0,9120.0,9130.0,8640.0,1374986.0
2012.02.10,9280.0,570.0,8780.0,9280.0,8580.0,1440702.0
2012.02.13,9330.0,50.0,9250.0,9370.0,9100.0,932041.0
2012.02.14,9010.0,320.0,9390.0,9390.0,9010.0,952229.0
2012.02.15,9200.0,190.0,9050.0,9900.0,9050.0,3546636.0
2012.02.16,9200.0,0.0,9150.0,9370.0,9070.0,942845.0
2012.02.17,9600.0,400.0,9450.0,9600.0,9260.0,2404742.0
2012.02.20,10500.0,900.0,9700.0,10550.0,9560.0,4685324.0
2012.02.21,10600.0,100.0,10300.0,10700.0,10050.0,2483664.0
2012.02.22,9670.0,930.0,10550.0,10550.0,9670.0,1967950.0
2012.02.23,9680.0,10.0,9790.0,10000.0,9430.0,1253263.0
2012.02.24,9470.0,210.0,9720.0,9870.0,9340.0,1100451.0
2012.02.27,9240.0,230.0,9430.0,9620.0,9200.0,705428.0
2012.02.28,9880.0,640.0,9290.0,10150.0,9240.0,2481956.0
2012.02.29,9640.0,240.0,9890.0,9940.0,9630.0,879182.0
2012.03.02,9600.0,40.0,9640.0,9830.0,9520.0,655007.0
2012.03.05,9190.0,410.0,9600.0,9690.0,9190.0,963899.0
2012.03.06,8910.0,280.0,9020.0,9220.0,8560.0,981718.0
2012.03.07,8760.0,150.0,8650.0,8880.0,8650.0,407987.0
2012.03.08,9000.0,240.0,8800.0,9400.0,8800.0,1194904.0
2012.03.09,8880.0,120.0,9030.0,9220.0,8880.0,464297.0
2012.03.12,8570.0,310.0,8830.0,8910.0,8540.0,685352.0
2012.03.13,8600.0,30.0,8570.0,8720.0,8310.0,697985.0
2012.03.14,8830.0,230.0,8800.0,9030.0,8760.0,883714.0
2012.03.15,8680.0,150.0,8800.0,8880.0,8660.0,324233.0
2012.03.16,8570.0,110.0,8760.0,8820.0,8570.0,318922.0
2012.03.19,8550.0,20.0,8500.0,8690.0,8430.0,391668.0
2012.03.20,8260.0,290.0,8550.0,8590.0,8230.0,561457.0
2012.03.21,8220.0,40.0,8280.0,8430.0,8160.0,325832.0
2012.03.22,7920.0,300.0,8230.0,8270.0,7850.0,624564.0
2012.03.23,7940.0,20.0,7860.0,8060.0,7850.0,297460.0
2012.03.26,7730.0,210.0,7990.0,8070.0,7730.0,432630.0
2012.03.27,7330.0,400.0,7740.0,7820.0,7320.0,663711.0
2012.03.28,7300.0,30.0,7360.0,7680.0,7230.0,546466.0
2012.03.29,7110.0,190.0,7300.0,7440.0,7000.0,360721.0
2012.03.30,7180.0,70.0,7120.0,7310.0,7120.0,306574.0
2012.04.02,7800.0,620.0,7300.0,8040.0,7270.0,1012081.0
2012.04.03,7850.0,50.0,7760.0,8290.0,7580.0,1781244.0
2012.04.04,7390.0,460.0,7930.0,7950.0,7390.0,523888.0
2012.04.05,7090.0,300.0,7300.0,7380.0,6950.0,430606.0
2012.04.06,7160.0,70.0,7130.0,7420.0,7080.0,292643.0
2012.04.09,7090.0,70.0,7130.0,7630.0,7050.0,759603.0
2012.04.10,6830.0,260.0,7080.0,7210.0,6690.0,491343.0
2012.04.12,6700.0,130.0,6670.0,6900.0,6600.0,355239.0
2012.04.13,7090.0,390.0,6700.0,7100.0,6700.0,487680.0
2012.04.16,7200.0,110.0,7050.0,7340.0,7010.0,332636.0
2012.04.17,7130.0,70.0,7400.0,7530.0,7010.0,756164.0
2012.04.18,7080.0,50.0,7300.0,7300.0,7050.0,263377.0
2012.04.19,6930.0,150.0,7090.0,7150.0,6880.0,278044.0
2012.04.20,6700.0,230.0,6900.0,7000.0,6610.0,323685.0
2012.04.23,6720.0,20.0,6840.0,6840.0,6600.0,259775.0
2012.04.24,6350.0,370.0,6500.0,6610.0,6290.0,515624.0
2012.04.25,6000.0,350.0,6290.0,6420.0,5910.0,589601.0
2012.04.26,5800.0,200.0,6080.0,6140.0,5620.0,528061.0
2012.04.27,5760.0,40.0,5860.0,5950.0,5750.0,321346.0
2012.04.30,6110.0,350.0,5950.0,6180.0,5810.0,430048.0
2012.05.02,6150.0,40.0,6270.0,6270.0,6110.0,262332.0
2012.05.03,6210.0,60.0,6200.0,6580.0,6160.0,624617.0
2012.05.04,6260.0,50.0,6200.0,6380.0,6170.0,252266.0
2012.05.07,6080.0,180.0,6200.0,6200.0,6000.0,188405.0
2012.05.08,6150.0,70.0,6160.0,6320.0,6140.0,175673.0
2012.05.09,6100.0,50.0,6240.0,6240.0,6040.0,122549.0
2012.05.10,6080.0,20.0,6100.0,6130.0,5980.0,155290.0
2012.05.11,6100.0,20.0,6070.0,6440.0,6070.0,389516.0
2012.05.14,6260.0,160.0,6290.0,6340.0,6030.0,368419.0
2012.05.15,6160.0,100.0,6180.0,6220.0,5850.0,333417.0
2012.05.16,5910.0,250.0,6100.0,6210.0,5910.0,225502.0
2012.05.17,5900.0,10.0,5850.0,6000.0,5850.0,148669.0
2012.05.18,5400.0,500.0,5860.0,5880.0,5400.0,319092.0
2012.05.21,5180.0,220.0,5350.0,5480.0,5130.0,221429.0
2012.05.22,5590.0,410.0,5220.0,5590.0,5220.0,276582.0
2012.05.23,5460.0,130.0,5560.0,5560.0,5380.0,181180.0
2012.05.24,5320.0,140.0,5410.0,5540.0,5290.0,147244.0
2012.05.25,5580.0,260.0,5400.0,5610.0,5370.0,211838.0
2012.05.29,5650.0,70.0,5600.0,5750.0,5540.0,176848.0
2012.05.30,5530.0,120.0,5690.0,5690.0,5510.0,112378.0
2012.05.31,5550.0,20.0,5500.0,5610.0,5410.0,169275.0
2012.06.01,6250.0,700.0,5720.0,6380.0,5640.0,2269737.0
2012.06.04,5870.0,380.0,6050.0,6160.0,5860.0,684394.0
2012.06.05,6360.0,490.0,5990.0,6480.0,5950.0,795775.0
2012.06.07,6350.0,10.0,6500.0,6550.0,6310.0,656374.0
2012.06.08,6160.0,190.0,6400.0,6540.0,6100.0,471491.0
2012.06.11,6230.0,70.0,6220.0,6320.0,6180.0,280877.0
2012.06.12,6180.0,50.0,6110.0,6230.0,6110.0,200367.0
2012.06.13,5970.0,210.0,6240.0,6270.0,5970.0,302580.0
2012.06.14,5940.0,30.0,5970.0,6110.0,5940.0,150091.0
2012.06.15,6000.0,60.0,5990.0,6250.0,5940.0,421465.0
2012.06.18,6380.0,380.0,6120.0,6410.0,6050.0,800285.0
2012.06.19,6450.0,70.0,6390.0,6450.0,6230.0,382824.0
2012.06.20,6410.0,40.0,6550.0,6860.0,6060.0,2297014.0
2012.06.21,7020.0,610.0,6470.0,7370.0,6350.0,3738793.0
2012.06.22,7100.0,80.0,6950.0,7460.0,6950.0,1484739.0
2012.06.25,6850.0,250.0,7130.0,7140.0,6850.0,576737.0
2012.06.26,6600.0,250.0,6800.0,7060.0,6600.0,551367.0
2012.06.27,7120.0,520.0,6610.0,7320.0,6610.0,1844417.0
2012.06.28,7010.0,110.0,7200.0,7410.0,7000.0,1160121.0
2012.06.29,7100.0,90.0,7160.0,7250.0,7000.0,479479.0
2012.07.02,7260.0,160.0,7150.0,7480.0,7140.0,1087462.0
2012.07.03,7250.0,10.0,7330.0,7440.0,7180.0,447288.0
2012.07.04,7070.0,180.0,7340.0,7340.0,7050.0,414289.0
2012.07.05,7080.0,10.0,7080.0,7240.0,7030.0,252986.0
2012.07.06,7100.0,20.0,7110.0,7210.0,6850.0,359267.0
2012.07.09,6920.0,180.0,7090.0,7100.0,6920.0,188650.0
2012.07.10,6840.0,80.0,6930.0,6990.0,6840.0,196398.0
2012.07.11,6950.0,110.0,6850.0,7260.0,6850.0,770278.0
2012.07.12,6730.0,220.0,7050.0,7050.0,6730.0,356344.0
2012.07.13,6410.0,320.0,6740.0,6800.0,6120.0,661841.0
2012.07.16,6440.0,30.0,6420.0,6520.0,6300.0,259517.0
2012.07.17,6190.0,250.0,6370.0,6490.0,6190.0,282626.0
2012.07.18,5950.0,240.0,6240.0,6330.0,5910.0,375292.0
2012.07.19,5940.0,10.0,6010.0,6140.0,5910.0,152939.0
2012.07.20,6140.0,200.0,5950.0,6140.0,5940.0,167713.0
2012.07.23,6150.0,10.0,6200.0,6320.0,6100.0,286854.0
2012.07.24,5980.0,170.0,6100.0,6140.0,5750.0,224611.0
2012.07.25,5500.0,480.0,5830.0,5900.0,5500.0,328477.0
2012.07.26,5520.0,20.0,5510.0,5690.0,5490.0,227180.0
2012.07.27,5710.0,190.0,5640.0,5750.0,5600.0,180075.0
2012.07.30,5810.0,100.0,5860.0,5920.0,5750.0,175616.0
2012.07.31,5880.0,70.0,5800.0,5890.0,5770.0,138124.0
2012.08.01,5860.0,20.0,5860.0,5930.0,5840.0,128303.0
2012.08.02,6000.0,140.0,5870.0,6030.0,5870.0,184557.0
2012.08.03,5910.0,90.0,5970.0,5970.0,5870.0,99893.0
2012.08.06,6010.0,100.0,5960.0,6060.0,5930.0,188872.0
2012.08.07,5980.0,30.0,5960.0,6050.0,5930.0,132975.0
2012.08.08,5820.0,160.0,6050.0,6050.0,5820.0,213697.0
2012.08.09,5810.0,10.0,5880.0,5900.0,5790.0,195294.0
2012.08.10,6160.0,350.0,5770.0,6360.0,5770.0,862770.0
2012.08.13,6170.0,10.0,6200.0,6280.0,6100.0,340103.0
2012.08.14,6200.0,30.0,6250.0,6300.0,6150.0,266466.0
2012.08.16,6260.0,60.0,6200.0,6290.0,6180.0,268230.0
2012.08.17,6500.0,240.0,6300.0,6640.0,6280.0,863204.0
2012.08.20,6430.0,70.0,6560.0,6560.0,6380.0,381320.0
2012.08.21,6500.0,70.0,6480.0,6610.0,6460.0,534699.0
2012.08.22,6380.0,120.0,6450.0,6550.0,6320.0,232085.0
2012.08.23,6760.0,380.0,6450.0,6850.0,6370.0,1197009.0
2012.08.24,6720.0,40.0,6840.0,6910.0,6670.0,616588.0
2012.08.27,6640.0,80.0,6800.0,6850.0,6550.0,380720.0
2012.08.28,6890.0,250.0,6750.0,7060.0,6720.0,1172532.0
2012.08.29,6900.0,10.0,6990.0,7100.0,6850.0,760981.0
2012.08.30,6750.0,150.0,6900.0,6990.0,6690.0,658181.0
2012.08.31,6750.0,0.0,6700.0,6870.0,6670.0,381812.0
2012.09.03,6660.0,90.0,6790.0,6800.0,6520.0,524519.0
2012.09.04,6650.0,10.0,6660.0,6740.0,6600.0,357305.0
2012.09.05,6510.0,140.0,6700.0,6750.0,6460.0,418727.0
2012.09.06,6490.0,20.0,6550.0,6710.0,6470.0,353000.0
2012.09.07,6640.0,150.0,6600.0,6770.0,6510.0,588760.0
2012.09.10,6800.0,160.0,6760.0,6870.0,6660.0,494924.0
2012.09.11,6630.0,170.0,6810.0,6900.0,6630.0,424145.0
2012.09.12,7120.0,490.0,6700.0,7120.0,6580.0,967929.0
2012.09.13,7190.0,70.0,7020.0,7230.0,6920.0,951848.0
2012.09.14,7190.0,0.0,7250.0,7250.0,7040.0,650362.0
2012.09.17,7290.0,100.0,7190.0,7310.0,7060.0,776201.0
2012.09.18,7250.0,40.0,7310.0,7360.0,7220.0,619923.0
2012.09.19,7290.0,40.0,7250.0,7300.0,7040.0,620288.0
2012.09.20,7070.0,220.0,7280.0,7490.0,7050.0,876921.0
2012.09.21,6770.0,300.0,7120.0,7180.0,6560.0,959570.0
2012.09.24,6600.0,170.0,6800.0,6890.0,6600.0,567742.0
2012.09.25,6600.0,0.0,6660.0,6760.0,6490.0,448852.0
2012.09.26,6590.0,10.0,6610.0,6710.0,6550.0,266386.0
2012.09.27,6310.0,280.0,6550.0,6640.0,6310.0,402503.0
2012.09.28,6290.0,20.0,6350.0,6410.0,6180.0,393631.0
2012.10.02,6440.0,150.0,6340.0,6560.0,6340.0,263316.0
2012.10.04,6480.0,40.0,6540.0,6540.0,6430.0,221846.0
2012.10.05,6630.0,150.0,6510.0,6680.0,6430.0,324157.0
2012.10.08,6570.0,60.0,6670.0,6670.0,6550.0,258818.0
2012.10.09,6750.0,180.0,6600.0,6880.0,6590.0,704872.0
2012.10.10,6700.0,50.0,6710.0,6980.0,6570.0,643404.0
2012.10.11,6780.0,80.0,6700.0,6900.0,6660.0,467621.0
2012.10.12,6950.0,170.0,6780.0,7050.0,6700.0,970487.0
2012.10.15,6750.0,200.0,7060.0,7190.0,6500.0,1351963.0
2012.10.16,6640.0,110.0,6810.0,6890.0,6550.0,396143.0
2012.10.17,6550.0,90.0,6700.0,6770.0,6520.0,316187.0
2012.10.18,5930.0,620.0,6590.0,6620.0,5890.0,974194.0
2012.10.19,5810.0,120.0,5700.0,5860.0,5460.0,647754.0
2012.10.22,5940.0,130.0,5880.0,6260.0,5840.0,815155.0
2012.10.23,5840.0,100.0,6000.0,6060.0,5820.0,323801.0
2012.10.24,5710.0,130.0,5750.0,5980.0,5710.0,236834.0
2012.10.25,5680.0,30.0,5710.0,5820.0,5650.0,204911.0
2012.10.26,5450.0,230.0,5660.0,5780.0,5400.0,405949.0
2012.10.29,5040.0,410.0,5450.0,5520.0,4985.0,505301.0
2012.10.30,5210.0,170.0,5040.0,5260.0,4950.0,221261.0
2012.10.31,5520.0,310.0,5290.0,5930.0,5210.0,522113.0
2012.11.01,5640.0,120.0,5500.0,5750.0,5500.0,300232.0
2012.11.02,5540.0,100.0,5690.0,5850.0,5520.0,225814.0
2012.11.05,5670.0,130.0,5590.0,5730.0,5570.0,157030.0
2012.11.06,5670.0,0.0,5670.0,5750.0,5610.0,201094.0
2012.11.07,5720.0,50.0,5760.0,5770.0,5600.0,196259.0
2012.11.08,5640.0,80.0,5600.0,5670.0,5520.0,100715.0
2012.11.09,5620.0,20.0,5640.0,5650.0,5440.0,121729.0
2012.11.12,5600.0,20.0,5620.0,5650.0,5520.0,148814.0
2012.11.13,5640.0,40.0,5660.0,5850.0,5560.0,387260.0
2012.11.14,5850.0,210.0,5700.0,5900.0,5680.0,401946.0
2012.11.15,5440.0,410.0,5710.0,5800.0,5420.0,363295.0
2012.11.16,5130.0,310.0,5360.0,5490.0,5060.0,313636.0
2012.11.19,5350.0,220.0,5080.0,5400.0,5080.0,151806.0
2012.11.20,5280.0,70.0,5350.0,5450.0,5230.0,112348.0
2012.11.21,5700.0,420.0,5400.0,6040.0,5370.0,1041510.0
2012.11.22,5740.0,40.0,5780.0,5920.0,5650.0,261820.0
2012.11.23,5610.0,130.0,5850.0,5850.0,5610.0,144810.0
2012.11.26,5450.0,160.0,5570.0,5620.0,5410.0,233758.0
2012.11.27,5480.0,30.0,5420.0,5640.0,5390.0,196048.0
2012.11.28,5440.0,40.0,5450.0,5550.0,5410.0,88296.0
2012.11.29,5670.0,230.0,5500.0,5740.0,5410.0,186653.0
2012.11.30,5770.0,100.0,5730.0,5790.0,5640.0,203752.0
2012.12.03,4910.0,860.0,5950.0,5950.0,4910.0,626877.0
2012.12.04,5100.0,190.0,4750.0,5190.0,4750.0,635478.0
2012.12.05,4690.0,410.0,5150.0,5230.0,4385.0,1023827.0
2012.12.06,4530.0,160.0,4570.0,4680.0,4460.0,352309.0
2012.12.07,4600.0,70.0,4530.0,4750.0,4530.0,315896.0
2012.12.10,4625.0,25.0,4565.0,4690.0,4565.0,166775.0
2012.12.11,4530.0,95.0,4665.0,4670.0,4500.0,198966.0
2012.12.12,4600.0,70.0,4665.0,4665.0,4530.0,94235.0
2012.12.13,4695.0,95.0,4605.0,4860.0,4600.0,287691.0
2012.12.14,4855.0,160.0,4685.0,4855.0,4685.0,191071.0
2012.12.17,4830.0,25.0,4850.0,4895.0,4760.0,162372.0
2012.12.18,4660.0,170.0,4830.0,4860.0,4585.0,235470.0
2012.12.20,4705.0,45.0,4840.0,4840.0,4675.0,89161.0
2012.12.21,4660.0,45.0,4665.0,4740.0,4650.0,111185.0
2012.12.24,4675.0,15.0,4660.0,4705.0,4600.0,115569.0
2012.12.26,4695.0,20.0,4720.0,4725.0,4665.0,96519.0
2012.12.27,4845.0,150.0,4715.0,4850.0,4650.0,142056.0
2012.12.28,4770.0,75.0,4850.0,4875.0,4760.0,103231.0
2013.01.02,4885.0,115.0,4800.0,4895.0,4695.0,165649.0
2013.01.03,4790.0,95.0,4930.0,4935.0,4785.0,158903.0
2013.01.04,4820.0,30.0,4800.0,4840.0,4695.0,158377.0
2013.01.07,4890.0,70.0,4825.0,4970.0,4750.0,203010.0
2013.01.08,5120.0,230.0,4940.0,5350.0,4940.0,719567.0
2013.01.09,5130.0,10.0,5170.0,5180.0,5060.0,140357.0
2013.01.10,5130.0,0.0,5160.0,5210.0,5100.0,130590.0
2013.01.11,5190.0,60.0,5190.0,5280.0,5150.0,185766.0
2013.01.14,5140.0,50.0,5250.0,5400.0,5110.0,254826.0
2013.01.15,5060.0,80.0,5140.0,5240.0,5060.0,202740.0
2013.01.16,5000.0,60.0,5090.0,5190.0,4935.0,176152.0
2013.01.17,5010.0,10.0,5100.0,5200.0,4990.0,197259.0
2013.01.18,5110.0,100.0,5040.0,5120.0,5000.0,144637.0
2013.01.21,5130.0,20.0,5200.0,5300.0,5130.0,170448.0
2013.01.22,5170.0,40.0,5130.0,5240.0,5130.0,135862.0
2013.01.23,5180.0,10.0,5170.0,5240.0,5140.0,170097.0
2013.01.24,5140.0,40.0,5180.0,5280.0,5050.0,242607.0
2013.01.25,4980.0,160.0,5140.0,5200.0,4930.0,160190.0
2013.01.28,5300.0,320.0,5120.0,5680.0,5020.0,1213842.0
2013.01.29,5300.0,0.0,5250.0,5370.0,5210.0,293544.0
2013.01.30,5360.0,60.0,5320.0,5550.0,5320.0,539162.0
2013.01.31,5270.0,90.0,5330.0,5390.0,5210.0,175149.0
2013.02.01,5050.0,220.0,5250.0,5290.0,5030.0,264538.0
2013.02.04,4990.0,60.0,5100.0,5140.0,4990.0,140119.0
2013.02.05,4800.0,190.0,4960.0,5050.0,4770.0,232341.0
2013.02.06,4845.0,45.0,4850.0,4915.0,4845.0,76680.0
2013.02.07,4900.0,55.0,4940.0,4940.0,4815.0,68222.0
2013.02.08,4865.0,35.0,4970.0,4970.0,4855.0,59415.0
2013.02.12,4840.0,25.0,4845.0,4955.0,4710.0,91390.0
2013.02.13,5030.0,190.0,4835.0,5080.0,4835.0,218966.0
2013.02.14,5190.0,160.0,5080.0,5360.0,5030.0,397276.0
2013.02.15,5240.0,50.0,5200.0,5290.0,5160.0,173263.0
2013.02.18,5260.0,20.0,5200.0,5280.0,5160.0,133137.0
2013.02.19,5210.0,50.0,5300.0,5300.0,5200.0,126545.0
2013.02.20,5320.0,110.0,5210.0,5530.0,5210.0,478412.0
2013.02.21,5280.0,40.0,5340.0,5410.0,5270.0,196494.0
2013.02.22,5340.0,60.0,5280.0,5430.0,5260.0,188109.0
2013.02.25,5250.0,90.0,5360.0,5440.0,5250.0,235654.0
2013.02.26,5230.0,20.0,5240.0,5380.0,5170.0,153976.0
2013.02.27,5460.0,230.0,5290.0,5470.0,5240.0,266122.0
2013.02.28,5390.0,70.0,5620.0,5630.0,5380.0,352211.0
2013.03.04,5280.0,110.0,5340.0,5450.0,5240.0,251009.0
2013.03.05,5300.0,20.0,5290.0,5420.0,5260.0,186634.0
2013.03.06,5550.0,250.0,5380.0,5550.0,5340.0,473039.0
2013.03.07,5400.0,150.0,5570.0,5720.0,5380.0,687563.0
2013.03.08,5460.0,60.0,5400.0,5540.0,5310.0,232874.0
2013.03.11,5310.0,150.0,5520.0,5540.0,5260.0,246329.0
2013.03.12,5460.0,150.0,5390.0,5550.0,5320.0,302675.0
2013.03.13,5740.0,280.0,5560.0,5900.0,5480.0,1668619.0
2013.03.14,5800.0,60.0,5680.0,5840.0,5600.0,546163.0
2013.03.15,5800.0,0.0,5820.0,5880.0,5650.0,619236.0
2013.03.18,5320.0,480.0,5810.0,5810.0,5250.0,628104.0
2013.03.19,5230.0,90.0,5300.0,5380.0,5190.0,423227.0
2013.03.20,5270.0,40.0,5260.0,5410.0,5230.0,286394.0
2013.03.21,5100.0,170.0,5270.0,5370.0,5100.0,247148.0
2013.03.22,5290.0,190.0,5100.0,5380.0,5080.0,485561.0
2013.03.25,5230.0,60.0,5350.0,5380.0,5200.0,157579.0
2013.03.26,5360.0,130.0,5250.0,5420.0,5150.0,443735.0
2013.03.27,5310.0,50.0,5340.0,5420.0,5250.0,173762.0
2013.03.28,5420.0,110.0,5310.0,5480.0,5310.0,197147.0
2013.03.29,5390.0,30.0,5420.0,5470.0,5370.0,166109.0
2013.04.01,5420.0,30.0,5420.0,5460.0,5340.0,145115.0
2013.04.02,5360.0,60.0,5450.0,5520.0,5300.0,348400.0
2013.04.03,5310.0,50.0,5400.0,5480.0,5310.0,207411.0
2013.04.04,5150.0,160.0,5250.0,5290.0,4900.0,422598.0
2013.04.05,4975.0,175.0,5070.0,5150.0,4960.0,261441.0
2013.04.08,4815.0,160.0,4960.0,5030.0,4810.0,232968.0
2013.04.09,4865.0,50.0,4750.0,4940.0,4740.0,194751.0
2013.04.10,4910.0,45.0,4820.0,4925.0,4820.0,121315.0
2013.04.11,4990.0,80.0,4945.0,5010.0,4885.0,165004.0
2013.04.12,5020.0,30.0,4990.0,5090.0,4950.0,171298.0
2013.04.15,5360.0,340.0,5110.0,5670.0,5110.0,1741010.0
2013.04.16,5460.0,100.0,5320.0,5540.0,5270.0,752889.0
2013.04.17,5380.0,80.0,5450.0,5500.0,5330.0,217684.0
2013.04.18,5800.0,420.0,5500.0,6080.0,5470.0,3221417.0
2013.04.19,5540.0,260.0,5860.0,5880.0,5540.0,948127.0
2013.04.22,5450.0,90.0,5610.0,5900.0,5400.0,717841.0
2013.04.23,5480.0,30.0,5520.0,5670.0,5430.0,495408.0
2013.04.24,5660.0,180.0,5550.0,5820.0,5540.0,981604.0
2013.04.25,5700.0,40.0,5630.0,5740.0,5600.0,544311.0
2013.04.26,5550.0,150.0,5730.0,5750.0,5520.0,464125.0
2013.04.29,5730.0,180.0,5560.0,5740.0,5560.0,492955.0
2013.04.30,5700.0,30.0,5790.0,6050.0,5700.0,1479514.0
2013.05.02,5570.0,130.0,5710.0,5740.0,5570.0,448598.0
2013.05.03,5740.0,170.0,5600.0,5740.0,5530.0,321951.0
2013.05.06,5730.0,10.0,5890.0,5960.0,5720.0,517110.0
2013.05.07,5780.0,50.0,5740.0,5860.0,5690.0,313031.0
2013.05.08,5800.0,20.0,5840.0,5930.0,5770.0,547213.0
2013.05.09,6000.0,200.0,5830.0,6010.0,5810.0,1000465.0
2013.05.10,5870.0,130.0,5970.0,5990.0,5800.0,490641.0
2013.05.13,5690.0,180.0,5870.0,5940.0,5660.0,357681.0
2013.05.14,5540.0,150.0,5720.0,5720.0,5500.0,401899.0
2013.05.15,5550.0,10.0,5560.0,5630.0,5490.0,264782.0
2013.05.16,5530.0,20.0,5630.0,5640.0,5510.0,165358.0
2013.05.20,5640.0,110.0,5590.0,5640.0,5430.0,211932.0
2013.05.21,5600.0,40.0,5600.0,5690.0,5590.0,213105.0
2013.05.22,5470.0,130.0,5600.0,5640.0,5430.0,308144.0
2013.05.23,5280.0,190.0,5420.0,5490.0,5250.0,401404.0
2013.05.24,5280.0,0.0,5280.0,5370.0,5130.0,256379.0
2013.05.27,5340.0,60.0,5250.0,5360.0,5250.0,116316.0
2013.05.28,5500.0,160.0,5360.0,5500.0,5360.0,181335.0
2013.05.29,5460.0,40.0,5550.0,5550.0,5440.0,115102.0
2013.05.30,5380.0,80.0,5430.0,5510.0,5320.0,158304.0
2013.05.31,5340.0,40.0,5300.0,5340.0,5200.0,257205.0
2013.06.03,5230.0,110.0,5250.0,5350.0,5220.0,136998.0
2013.06.04,5010.0,220.0,5210.0,5270.0,5010.0,232767.0
2013.06.05,5600.0,590.0,5010.0,5760.0,4895.0,4567821.0
2013.06.07,5190.0,410.0,5520.0,5640.0,5190.0,1097494.0
2013.06.10,5310.0,120.0,5200.0,5460.0,5130.0,418459.0
2013.06.11,5450.0,140.0,5210.0,5470.0,5210.0,310186.0
2013.06.12,5620.0,170.0,5370.0,5730.0,5370.0,719719.0
2013.06.13,5380.0,240.0,5550.0,5720.0,5380.0,386928.0
2013.06.14,5220.0,160.0,5460.0,5470.0,5190.0,430394.0
2013.06.17,5320.0,100.0,5230.0,5350.0,5110.0,237629.0
2013.06.18,5460.0,140.0,5260.0,5510.0,5220.0,327819.0
2013.06.19,5360.0,100.0,5500.0,5670.0,5360.0,523375.0
2013.06.20,5330.0,30.0,5310.0,5520.0,5240.0,335864.0
2013.06.21,5160.0,170.0,5230.0,5280.0,5010.0,234548.0
2013.06.24,5040.0,120.0,5120.0,5220.0,5010.0,212771.0
2013.06.25,4635.0,405.0,5050.0,5050.0,4635.0,329382.0
2013.06.26,4950.0,315.0,4640.0,4950.0,4640.0,253669.0
2013.06.27,5090.0,140.0,5010.0,5140.0,4980.0,166027.0
2013.06.28,5130.0,40.0,5110.0,5160.0,5010.0,152772.0
2013.07.01,5190.0,60.0,5380.0,5620.0,5190.0,998597.0
2013.07.02,5180.0,10.0,5190.0,5280.0,5130.0,259050.0
2013.07.03,5060.0,120.0,5160.0,5290.0,5060.0,202567.0
2013.07.04,5100.0,40.0,5090.0,5200.0,5080.0,212689.0
2013.07.05,5140.0,40.0,5130.0,5190.0,5060.0,200717.0
2013.07.08,5220.0,80.0,5450.0,5790.0,5220.0,1470320.0
2013.07.09,5280.0,60.0,5300.0,5310.0,5180.0,241981.0
2013.07.10,5130.0,150.0,5260.0,5300.0,5130.0,215846.0
2013.07.11,5370.0,240.0,5160.0,5470.0,5160.0,366114.0
2013.07.12,5500.0,130.0,5330.0,5550.0,5280.0,609691.0
2013.07.15,5430.0,70.0,5500.0,5540.0,5360.0,419073.0
2013.07.16,5310.0,120.0,5440.0,5510.0,5310.0,298747.0
2013.07.17,5510.0,200.0,5370.0,5540.0,5310.0,538948.0
2013.07.18,5350.0,160.0,5480.0,5500.0,5350.0,286302.0
2013.07.19,5350.0,0.0,5380.0,5400.0,5280.0,159954.0
2013.07.22,5450.0,100.0,5400.0,5550.0,5400.0,417951.0
2013.07.23,5380.0,70.0,5450.0,5500.0,5370.0,169338.0
2013.07.24,5360.0,20.0,5430.0,5460.0,5330.0,202455.0
2013.07.25,5370.0,10.0,5370.0,5440.0,5320.0,181289.0
2013.07.26,5440.0,70.0,5430.0,5520.0,5390.0,332733.0
2013.07.29,5220.0,220.0,5450.0,5500.0,5210.0,368997.0
2013.07.30,5450.0,230.0,5250.0,5800.0,5250.0,2911167.0
2013.07.31,5480.0,30.0,5450.0,5550.0,5390.0,752068.0
2013.08.01,5450.0,30.0,5510.0,5540.0,5410.0,398720.0
2013.08.02,5870.0,420.0,5500.0,5880.0,5450.0,1914078.0
2013.08.05,5780.0,90.0,5910.0,5910.0,5690.0,816017.0
2013.08.06,5900.0,120.0,5780.0,5900.0,5680.0,815280.0
2013.08.07,5750.0,150.0,5900.0,5980.0,5750.0,1232850.0
2013.08.08,5740.0,10.0,5800.0,5870.0,5670.0,640153.0
2013.08.09,5930.0,190.0,5750.0,6060.0,5690.0,1349499.0
2013.08.12,6140.0,210.0,5920.0,6190.0,5880.0,1597349.0
2013.08.13,6080.0,60.0,6120.0,6150.0,5950.0,768082.0
2013.08.14,6050.0,30.0,6130.0,6340.0,6050.0,1494973.0
2013.08.16,5800.0,250.0,5940.0,6030.0,5760.0,982593.0
2013.08.19,5850.0,50.0,5810.0,5900.0,5700.0,485371.0
2013.08.20,5460.0,390.0,5820.0,5900.0,5420.0,867495.0
2013.08.21,5300.0,160.0,5490.0,5560.0,5220.0,655586.0
2013.08.22,5350.0,50.0,5240.0,5520.0,5070.0,1280598.0
2013.08.23,5340.0,10.0,5460.0,5490.0,5340.0,440283.0
2013.08.26,5320.0,20.0,5390.0,5410.0,5290.0,256116.0
2013.08.27,5500.0,180.0,5300.0,5530.0,5270.0,593754.0
2013.08.28,5290.0,210.0,5380.0,5450.0,5230.0,415046.0
2013.08.29,5360.0,70.0,5320.0,5480.0,5280.0,262661.0
2013.08.30,5310.0,50.0,5520.0,5600.0,5310.0,773340.0
2013.09.02,5320.0,10.0,5350.0,5450.0,5290.0,276316.0
2013.09.03,5400.0,80.0,5370.0,5490.0,5320.0,407072.0
2013.09.04,5460.0,60.0,5420.0,5480.0,5350.0,274854.0
2013.09.05,5380.0,80.0,5500.0,5520.0,5380.0,221996.0
2013.09.06,5250.0,130.0,5360.0,5410.0,5250.0,288561.0
2013.09.09,5290.0,40.0,5250.0,5310.0,5210.0,133531.0
2013.09.10,5310.0,20.0,5330.0,5350.0,5270.0,147257.0
2013.09.11,5460.0,150.0,5320.0,5490.0,5310.0,367783.0
2013.09.12,5400.0,60.0,5550.0,5630.0,5390.0,521251.0
2013.09.13,5600.0,200.0,5380.0,5630.0,5370.0,501585.0
2013.09.16,5540.0,60.0,5640.0,5730.0,5520.0,432426.0
2013.09.17,5560.0,20.0,5530.0,5660.0,5530.0,171587.0
2013.09.23,5730.0,170.0,5590.0,5780.0,5590.0,468563.0
2013.09.24,5850.0,120.0,5690.0,5990.0,5690.0,929117.0
2013.09.25,5960.0,110.0,5920.0,6010.0,5840.0,519091.0
2013.09.26,6060.0,100.0,5910.0,6250.0,5910.0,1119673.0
2013.09.27,6150.0,90.0,6110.0,6290.0,6100.0,718124.0
2013.09.30,6300.0,150.0,6260.0,6350.0,6150.0,801675.0
2013.10.01,7020.0,720.0,6410.0,7150.0,6350.0,3541521.0
2013.10.02,6680.0,340.0,7630.0,7990.0,6610.0,7699794.0
2013.10.04,7300.0,620.0,7000.0,7380.0,6930.0,3696911.0
2013.10.07,8390.0,1090.0,7770.0,8390.0,7600.0,5283684.0
2013.10.08,7980.0,410.0,8380.0,8400.0,7510.0,6497887.0
2013.10.10,7830.0,150.0,8040.0,8140.0,7560.0,3052373.0
2013.10.11,7490.0,340.0,8150.0,8210.0,7430.0,4055159.0
2013.10.14,7630.0,140.0,7540.0,7690.0,7350.0,2223551.0
2013.10.15,7230.0,400.0,7660.0,7670.0,7200.0,2256466.0
2013.10.16,7330.0,100.0,7190.0,7410.0,7110.0,2028794.0
2013.10.17,6900.0,430.0,7380.0,7460.0,6880.0,1984584.0
2013.10.18,7110.0,210.0,6930.0,7240.0,6870.0,1896276.0
2013.10.21,7160.0,50.0,7110.0,7200.0,6920.0,1010598.0
2013.10.22,7030.0,130.0,7230.0,7370.0,7030.0,1562864.0
2013.10.23,6480.0,550.0,7000.0,7030.0,6450.0,2294084.0
2013.10.24,6550.0,70.0,6510.0,6680.0,6420.0,1274014.0
2013.10.25,6350.0,200.0,6570.0,6670.0,6350.0,1006748.0
2013.10.28,6730.0,380.0,6390.0,6830.0,6350.0,1393835.0
2013.10.29,6510.0,220.0,6790.0,6820.0,6470.0,985605.0
2013.10.30,6650.0,140.0,6510.0,6730.0,6460.0,720188.0
2013.10.31,6780.0,130.0,6650.0,6820.0,6590.0,1122080.0
2013.11.01,6950.0,170.0,6840.0,7120.0,6740.0,1895672.0
2013.11.04,6800.0,150.0,6950.0,7260.0,6710.0,1408030.0
2013.11.05,6430.0,370.0,6800.0,6910.0,6400.0,971734.0
2013.11.06,6500.0,70.0,6520.0,6580.0,6300.0,579710.0
2013.11.07,6110.0,390.0,6450.0,6530.0,6110.0,698619.0
2013.11.08,6130.0,20.0,6100.0,6310.0,6100.0,328602.0
2013.11.11,5880.0,250.0,6170.0,6350.0,5750.0,773933.0
2013.11.12,6040.0,160.0,5830.0,6120.0,5830.0,378488.0
2013.11.13,5910.0,130.0,6040.0,6110.0,5840.0,253612.0
2013.11.14,6100.0,190.0,5960.0,6160.0,5930.0,412376.0
2013.11.15,6100.0,0.0,6120.0,6190.0,6040.0,246426.0
2013.11.18,5900.0,200.0,6110.0,6140.0,5890.0,332186.0
2013.11.19,5640.0,260.0,5920.0,5950.0,5640.0,470861.0
2013.11.20,5680.0,40.0,5630.0,5830.0,5620.0,237072.0
2013.11.21,5680.0,0.0,5700.0,5880.0,5680.0,229037.0
2013.11.22,6050.0,370.0,5740.0,6090.0,5710.0,666687.0
2013.11.25,6030.0,20.0,6050.0,6170.0,5960.0,272065.0
2013.11.26,6130.0,100.0,5980.0,6140.0,5910.0,292198.0
2013.11.27,6160.0,30.0,6130.0,6240.0,6020.0,313288.0
2013.11.28,6000.0,160.0,6130.0,6220.0,5990.0,336404.0
2013.11.29,6010.0,10.0,6020.0,6140.0,5930.0,283497.0
2013.12.02,6070.0,60.0,6030.0,6080.0,5930.0,192708.0
2013.12.03,6140.0,70.0,6090.0,6170.0,5990.0,286745.0
2013.12.04,6020.0,120.0,6140.0,6280.0,6020.0,563747.0
2013.12.05,5940.0,80.0,6060.0,6080.0,5860.0,371663.0
2013.12.06,5800.0,140.0,5940.0,5950.0,5800.0,231924.0
2013.12.09,5700.0,100.0,5850.0,5900.0,5670.0,224114.0
2013.12.10,5700.0,0.0,5660.0,5860.0,5600.0,255371.0
2013.12.11,5620.0,80.0,5680.0,5780.0,5550.0,155184.0
2013.12.12,5560.0,60.0,5560.0,5660.0,5500.0,186793.0
2013.12.13,5510.0,50.0,5530.0,5590.0,5480.0,143007.0
2013.12.16,5640.0,130.0,5510.0,5760.0,5500.0,270121.0
2013.12.17,5720.0,80.0,5640.0,5880.0,5600.0,666188.0
2013.12.18,5600.0,120.0,5700.0,5760.0,5510.0,218899.0
2013.12.19,5500.0,100.0,5690.0,5710.0,5480.0,195832.0
2013.12.20,5560.0,60.0,5520.0,5620.0,5510.0,142282.0
2013.12.23,5640.0,80.0,5630.0,5730.0,5610.0,144472.0
2013.12.24,5570.0,70.0,5700.0,5700.0,5550.0,123338.0
2013.12.26,5520.0,50.0,5580.0,5600.0,5500.0,121654.0
2013.12.27,5590.0,70.0,5520.0,5600.0,5460.0,105147.0
2013.12.30,5730.0,140.0,6180.0,6300.0,5730.0,1678745.0
2014.01.02,5730.0,0.0,5820.0,5900.0,5730.0,402366.0
2014.01.03,5650.0,80.0,5730.0,5790.0,5620.0,274843.0
2014.01.06,5850.0,200.0,5670.0,5890.0,5610.0,308611.0
2014.01.07,5870.0,20.0,5830.0,5970.0,5800.0,303387.0
2014.01.08,5920.0,50.0,5920.0,5970.0,5870.0,260155.0
2014.01.09,5920.0,0.0,5920.0,6090.0,5900.0,350683.0
2014.01.10,5820.0,100.0,5900.0,5970.0,5800.0,210882.0
2014.01.13,5850.0,30.0,5800.0,5910.0,5800.0,159354.0
2014.01.14,5740.0,110.0,5800.0,5830.0,5710.0,296854.0
2014.01.15,6010.0,270.0,5780.0,6010.0,5780.0,485457.0
2014.01.16,6030.0,20.0,6090.0,6280.0,6010.0,780520.0
2014.01.17,6270.0,240.0,6050.0,6280.0,5990.0,712482.0
2014.01.20,6260.0,10.0,6350.0,6400.0,6210.0,653492.0
2014.01.21,6080.0,180.0,6270.0,6300.0,6060.0,485732.0
2014.01.22,6010.0,70.0,6080.0,6180.0,5940.0,365231.0
2014.01.23,5990.0,20.0,6080.0,6130.0,5990.0,279770.0
2014.01.24,5840.0,150.0,5950.0,6020.0,5840.0,279471.0
2014.01.27,5570.0,270.0,5680.0,5700.0,5540.0,482591.0
2014.01.28,5580.0,10.0,5650.0,5650.0,5480.0,233943.0
2014.01.29,5740.0,160.0,5630.0,5930.0,5620.0,732295.0
2014.02.03,5580.0,160.0,5700.0,5700.0,5580.0,281400.0
2014.02.04,5510.0,70.0,5430.0,5550.0,5430.0,201745.0
2014.02.05,5410.0,100.0,5610.0,5630.0,5410.0,364225.0
2014.02.06,5540.0,130.0,5440.0,5550.0,5360.0,208423.0
2014.02.07,5550.0,10.0,5550.0,5600.0,5470.0,206107.0
2014.02.10,5570.0,20.0,5550.0,5600.0,5510.0,153829.0
2014.02.11,5620.0,50.0,5590.0,5690.0,5520.0,262325.0
2014.02.12,5620.0,0.0,5800.0,5840.0,5600.0,415230.0
2014.02.13,5540.0,80.0,5610.0,5650.0,5530.0,149263.0
2014.02.14,5540.0,0.0,5570.0,5590.0,5510.0,169914.0
2014.02.17,5600.0,60.0,5540.0,5630.0,5540.0,148740.0
2014.02.18,5720.0,120.0,5630.0,5780.0,5600.0,392421.0
2014.02.19,5790.0,70.0,5730.0,5870.0,5690.0,338002.0
2014.02.20,5680.0,110.0,5790.0,5810.0,5660.0,200740.0
2014.02.21,5650.0,30.0,5720.0,5720.0,5650.0,136832.0
2014.02.24,5700.0,50.0,5650.0,5760.0,5650.0,216064.0
2014.02.25,5870.0,170.0,5730.0,5880.0,5700.0,377583.0
2014.02.26,5830.0,40.0,5940.0,5960.0,5820.0,472366.0
2014.02.27,5880.0,50.0,5830.0,5900.0,5780.0,270494.0
2014.02.28,6010.0,130.0,5900.0,6250.0,5880.0,1540765.0
2014.03.03,5920.0,90.0,6030.0,6130.0,5920.0,538407.0
2014.03.04,5800.0,120.0,5850.0,5960.0,5800.0,448201.0
2014.03.05,5990.0,190.0,5840.0,5990.0,5760.0,503182.0
2014.03.06,6020.0,30.0,5970.0,6080.0,5920.0,358698.0
2014.03.07,5940.0,80.0,6050.0,6050.0,5850.0,298964.0
2014.03.10,5800.0,140.0,5920.0,5930.0,5790.0,341426.0
2014.03.11,5930.0,130.0,5840.0,5960.0,5800.0,341958.0
2014.03.12,5780.0,150.0,5900.0,5940.0,5690.0,380368.0
2014.03.13,6170.0,390.0,5780.0,6210.0,5780.0,1144769.0
2014.03.14,6040.0,130.0,6030.0,6230.0,6020.0,688834.0
2014.03.17,6290.0,250.0,6090.0,6320.0,6010.0,1201840.0
2014.03.18,6270.0,20.0,6270.0,6370.0,6170.0,539914.0
2014.03.19,6360.0,90.0,6270.0,6460.0,6250.0,931696.0
2014.03.20,6350.0,10.0,6380.0,6420.0,6250.0,413291.0
2014.03.21,6400.0,50.0,6370.0,6560.0,6340.0,711392.0
2014.03.24,6210.0,190.0,6390.0,6450.0,6160.0,630478.0
2014.03.25,6180.0,30.0,6210.0,6350.0,6170.0,280444.0
2014.03.26,6350.0,170.0,6190.0,6420.0,6190.0,286388.0
2014.03.27,6330.0,20.0,6390.0,6420.0,6300.0,252369.0
2014.03.28,6310.0,20.0,6310.0,6430.0,6260.0,241434.0
2014.03.31,6240.0,70.0,6310.0,6320.0,6150.0,208291.0
2014.04.01,6300.0,60.0,6260.0,6320.0,6190.0,203496.0
2014.04.02,6460.0,160.0,6350.0,6520.0,6300.0,452910.0
2014.04.03,6450.0,10.0,6450.0,6630.0,6370.0,489063.0
2014.04.04,6500.0,50.0,6420.0,6550.0,6390.0,248455.0
2014.04.07,6320.0,180.0,6420.0,6500.0,6260.0,418562.0
2014.04.08,6370.0,50.0,6250.0,6370.0,6240.0,164847.0
2014.04.09,6200.0,170.0,6370.0,6400.0,6120.0,245327.0
2014.04.10,6290.0,90.0,6200.0,6340.0,6200.0,143081.0
2014.04.11,6350.0,60.0,6170.0,6750.0,6150.0,666187.0
2014.04.14,6300.0,50.0,6300.0,6390.0,6270.0,170315.0
2014.04.15,6490.0,190.0,6320.0,6710.0,6310.0,882100.0
2014.04.16,6870.0,380.0,6600.0,6920.0,6530.0,1184436.0
2014.04.17,7010.0,140.0,7250.0,7410.0,6990.0,1874828.0
2014.04.18,6990.0,20.0,7010.0,7070.0,6860.0,643025.0
2014.04.21,6950.0,40.0,7090.0,7170.0,6920.0,321908.0
2014.04.22,6730.0,220.0,6860.0,6940.0,6680.0,569358.0
2014.04.23,6720.0,10.0,6800.0,6850.0,6690.0,320793.0
2014.04.24,6610.0,110.0,6750.0,6770.0,6570.0,370243.0
2014.04.25,6730.0,120.0,6610.0,6890.0,6580.0,405541.0
2014.04.28,6810.0,80.0,6850.0,7040.0,6790.0,1010477.0
2014.04.29,6650.0,160.0,6860.0,6880.0,6620.0,302771.0
2014.04.30,6680.0,30.0,6680.0,6810.0,6650.0,207477.0
2014.05.02,6790.0,110.0,6680.0,6860.0,6680.0,250635.0
2014.05.07,6360.0,430.0,6790.0,6850.0,6330.0,417416.0
2014.05.08,6440.0,80.0,6360.0,6680.0,6360.0,236976.0
2014.05.09,6510.0,70.0,6440.0,6600.0,6320.0,220868.0
2014.05.12,6690.0,180.0,6560.0,6710.0,6460.0,260253.0
2014.05.13,6660.0,30.0,6800.0,6800.0,6620.0,207002.0
2014.05.14,6850.0,190.0,6740.0,7050.0,6680.0,1383627.0
2014.05.15,6910.0,60.0,6850.0,6930.0,6760.0,327281.0
2014.05.16,6860.0,50.0,6980.0,6980.0,6840.0,257067.0
2014.05.19,6660.0,200.0,6840.0,6940.0,6570.0,390100.0
2014.05.20,6560.0,100.0,6700.0,6730.0,6480.0,272729.0
2014.05.21,6690.0,130.0,6530.0,6710.0,6460.0,183634.0
2014.05.22,6790.0,100.0,6660.0,6910.0,6660.0,286958.0
2014.05.23,6790.0,0.0,6800.0,6980.0,6720.0,394546.0
2014.05.26,6860.0,70.0,6790.0,7020.0,6790.0,542944.0
2014.05.27,7110.0,250.0,6930.0,7130.0,6790.0,1017898.0
2014.05.28,6880.0,230.0,7130.0,7140.0,6880.0,521672.0
2014.05.29,6840.0,40.0,6910.0,6910.0,6720.0,286776.0
2014.05.30,6750.0,90.0,6800.0,6890.0,6750.0,206198.0
2014.06.02,6590.0,160.0,6780.0,6790.0,6530.0,276207.0
2014.06.03,6840.0,250.0,6580.0,7000.0,6580.0,869020.0
2014.06.05,6900.0,60.0,6840.0,6950.0,6800.0,346518.0
2014.06.09,6840.0,60.0,6900.0,6920.0,6600.0,355320.0
2014.06.10,6870.0,30.0,6840.0,6930.0,6810.0,253646.0
2014.06.11,7020.0,150.0,6870.0,7040.0,6840.0,405545.0
2014.06.12,6900.0,120.0,7040.0,7050.0,6900.0,268023.0
2014.06.13,7360.0,460.0,6850.0,7390.0,6830.0,1820836.0
2014.06.16,7410.0,50.0,7460.0,7550.0,7350.0,1449132.0
2014.06.17,7500.0,90.0,7360.0,7500.0,7330.0,646437.0
2014.06.18,7350.0,150.0,7570.0,7750.0,7280.0,1559036.0
2014.06.19,7400.0,50.0,7300.0,7460.0,7200.0,528106.0
2014.06.20,7190.0,210.0,7390.0,7400.0,7110.0,474338.0
2014.06.23,7190.0,0.0,7190.0,7330.0,7140.0,335953.0
2014.06.24,7220.0,30.0,7170.0,7310.0,7050.0,443968.0
2014.06.25,7270.0,50.0,7220.0,7330.0,7150.0,378587.0
2014.06.26,7080.0,190.0,7310.0,7430.0,7020.0,661443.0
2014.06.27,6920.0,160.0,7200.0,7290.0,6850.0,634176.0
2014.06.30,7750.0,830.0,6930.0,7780.0,6830.0,2188301.0
2014.07.01,7660.0,90.0,7760.0,7790.0,7560.0,1115154.0
2014.07.02,7900.0,240.0,7680.0,8060.0,7600.0,2884352.0
2014.07.03,7590.0,310.0,7870.0,7950.0,7560.0,1642492.0
2014.07.04,7590.0,0.0,7500.0,7600.0,7420.0,1162067.0
2014.07.07,7440.0,150.0,7660.0,7850.0,7440.0,1389398.0
2014.07.08,7540.0,100.0,7440.0,7570.0,7330.0,728444.0
2014.07.09,7650.0,110.0,7530.0,7710.0,7440.0,684155.0
2014.07.10,7460.0,190.0,7650.0,7810.0,7460.0,922919.0
2014.07.11,7410.0,50.0,7460.0,7620.0,7380.0,503545.0
2014.07.14,7600.0,190.0,7450.0,7670.0,7450.0,612198.0
2014.07.15,7360.0,240.0,7600.0,7600.0,7160.0,754930.0
2014.07.16,7630.0,270.0,7400.0,7930.0,7370.0,2255080.0
2014.07.17,7700.0,70.0,7700.0,7760.0,7560.0,593684.0
2014.07.18,7690.0,10.0,7630.0,7850.0,7630.0,763004.0
2014.07.21,7930.0,240.0,7720.0,7940.0,7660.0,1149986.0
2014.07.22,7840.0,90.0,8070.0,8130.0,7720.0,1268497.0
2014.07.23,7700.0,140.0,7900.0,7940.0,7700.0,647474.0
2014.07.24,7650.0,50.0,7740.0,7750.0,7600.0,436741.0
2014.07.25,7680.0,30.0,7650.0,7750.0,7600.0,325614.0
2014.07.28,7370.0,310.0,7650.0,7760.0,7340.0,790862.0
2014.07.29,7430.0,60.0,7370.0,7550.0,7220.0,408823.0
2014.07.30,7280.0,150.0,7430.0,7490.0,7200.0,482099.0
2014.07.31,7100.0,180.0,7280.0,7450.0,6780.0,601298.0
2014.08.01,7190.0,90.0,6930.0,7260.0,6930.0,185359.0
2014.08.04,7410.0,220.0,7190.0,7740.0,7190.0,717688.0
2014.08.05,7250.0,160.0,7400.0,7550.0,7200.0,264850.0
2014.08.06,7200.0,50.0,7250.0,7400.0,7140.0,218517.0
2014.08.07,7230.0,30.0,7200.0,7370.0,7150.0,197244.0
2014.08.08,7140.0,90.0,7240.0,7340.0,6900.0,270503.0
2014.08.11,7500.0,360.0,7170.0,7500.0,7140.0,349294.0
2014.08.12,7270.0,230.0,7420.0,7500.0,7240.0,307307.0
2014.08.13,7270.0,0.0,7240.0,7340.0,7100.0,232520.0
2014.08.14,7340.0,70.0,7280.0,7390.0,7190.0,148394.0
2014.08.18,7430.0,90.0,7410.0,7880.0,7220.0,950716.0
2014.08.19,7400.0,30.0,7570.0,7620.0,7330.0,528985.0
2014.08.20,7460.0,60.0,7410.0,7550.0,7350.0,273295.0
2014.08.21,7270.0,190.0,7460.0,7550.0,7260.0,459841.0
2014.08.22,7250.0,20.0,7240.0,7340.0,7190.0,241171.0
2014.08.25,7120.0,130.0,7250.0,7320.0,7110.0,288532.0
2014.08.26,7100.0,20.0,7120.0,7220.0,7070.0,199587.0
2014.08.27,7050.0,50.0,7180.0,7230.0,6950.0,306124.0
2014.08.28,7010.0,40.0,7020.0,7120.0,6990.0,253382.0
2014.08.29,7030.0,20.0,7050.0,7080.0,6960.0,244475.0
2014.09.01,7070.0,40.0,7020.0,7150.0,6980.0,171833.0
2014.09.02,7670.0,600.0,7070.0,7850.0,7070.0,3040785.0
2014.09.03,7950.0,280.0,7900.0,8200.0,7810.0,3318924.0
2014.09.04,8290.0,340.0,8100.0,8370.0,7960.0,3079945.0
2014.09.05,8380.0,90.0,8200.0,8390.0,8150.0,1570511.0
2014.09.11,8300.0,80.0,8140.0,8300.0,7900.0,1438360.0
2014.09.12,7830.0,470.0,8210.0,8450.0,7800.0,1439974.0
2014.09.15,7860.0,30.0,7800.0,7990.0,7750.0,600573.0
2014.09.16,8020.0,160.0,7900.0,8090.0,7830.0,646097.0
2014.09.17,7990.0,30.0,8080.0,8170.0,7930.0,502423.0
2014.09.18,7760.0,230.0,8020.0,8050.0,7760.0,630715.0
2014.09.19,8890.0,1130.0,7840.0,8900.0,7810.0,3832984.0
2014.09.22,8670.0,220.0,8900.0,9060.0,8510.0,2204263.0
2014.09.23,8210.0,460.0,8840.0,8980.0,8120.0,3304528.0
2014.09.24,8220.0,10.0,8300.0,8370.0,8150.0,1334656.0
2014.09.25,8000.0,220.0,8230.0,8320.0,7960.0,1097628.0
2014.09.26,8210.0,210.0,7950.0,8240.0,7930.0,755361.0
2014.09.29,7900.0,310.0,8250.0,8340.0,7700.0,866694.0
2014.09.30,8080.0,180.0,7900.0,8100.0,7860.0,468767.0
2014.10.01,8610.0,530.0,8170.0,8870.0,8120.0,3352108.0
2014.10.02,8850.0,240.0,8440.0,9000.0,8400.0,1755500.0
2014.10.06,8800.0,50.0,9060.0,9100.0,8670.0,1173004.0
2014.10.07,8600.0,200.0,8790.0,9000.0,8520.0,671356.0
2014.10.08,8720.0,120.0,8560.0,8750.0,8470.0,634548.0
2014.10.10,8560.0,160.0,8630.0,8700.0,8400.0,485256.0
2014.10.13,8120.0,440.0,8460.0,8480.0,7950.0,1052265.0
2014.10.14,8880.0,760.0,8300.0,8990.0,8270.0,1656207.0
2014.10.15,9650.0,770.0,8960.0,9860.0,8850.0,5143930.0
2014.10.16,9900.0,250.0,9770.0,10350.0,9700.0,3843849.0
2014.10.17,10250.0,350.0,10250.0,10450.0,9920.0,2378169.0
2014.10.20,10500.0,250.0,10200.0,11050.0,10050.0,3022070.0
2014.10.21,10600.0,100.0,10300.0,10700.0,10150.0,1268922.0
2014.10.22,10750.0,150.0,10600.0,10800.0,10350.0,1771568.0
2014.10.23,10550.0,200.0,10700.0,10950.0,10350.0,1473880.0
2014.10.24,10400.0,150.0,10550.0,10600.0,10150.0,1284874.0
2014.10.27,10600.0,200.0,10350.0,10700.0,10200.0,1067509.0
2014.10.28,10000.0,600.0,10550.0,11100.0,9810.0,3117162.0
2014.10.29,10000.0,0.0,9950.0,10100.0,9730.0,1367424.0
2014.10.30,9960.0,40.0,10150.0,10250.0,9800.0,1127865.0
2014.10.31,10200.0,240.0,9990.0,10300.0,9840.0,1039898.0
2014.11.03,10000.0,200.0,10250.0,10250.0,9890.0,599038.0
2014.11.04,9880.0,120.0,9990.0,10050.0,9340.0,1324537.0
2014.11.05,9390.0,490.0,9940.0,10250.0,9330.0,945609.0
2014.11.06,9130.0,260.0,9270.0,9500.0,8850.0,996587.0
2014.11.07,9750.0,620.0,9290.0,9850.0,9130.0,831171.0
2014.11.10,9100.0,650.0,9700.0,9930.0,9100.0,813667.0
2014.11.11,9790.0,690.0,9220.0,9790.0,9140.0,907272.0
2014.11.12,10600.0,810.0,10850.0,11200.0,10250.0,5550013.0
2014.11.13,10100.0,500.0,10850.0,10850.0,9990.0,2563579.0
2014.11.14,9780.0,320.0,9920.0,10050.0,9660.0,1128227.0
2014.11.17,9300.0,480.0,9800.0,10100.0,9250.0,1193434.0
2014.11.18,9790.0,490.0,9200.0,9790.0,9170.0,673631.0
2014.11.19,9880.0,90.0,10000.0,10100.0,9840.0,799936.0
2014.11.20,9440.0,440.0,9870.0,9870.0,9440.0,513563.0
2014.11.21,9800.0,360.0,9540.0,9860.0,9410.0,525125.0
2014.11.24,9570.0,230.0,9870.0,9970.0,9510.0,431880.0
2014.11.25,9650.0,80.0,9510.0,9710.0,9300.0,557185.0
2014.11.26,9680.0,30.0,9650.0,10050.0,9500.0,830811.0
2014.11.27,10300.0,620.0,9680.0,10500.0,9680.0,1920785.0
2014.11.28,10000.0,300.0,10250.0,10400.0,10000.0,1176268.0
2014.12.01,10050.0,50.0,9990.0,10100.0,9710.0,598922.0
2014.12.02,10000.0,50.0,10200.0,10400.0,9800.0,931041.0
2014.12.03,10200.0,200.0,10050.0,10400.0,9950.0,1121601.0
2014.12.04,9980.0,220.0,10150.0,10400.0,9980.0,909813.0
2014.12.05,9730.0,250.0,9900.0,10050.0,9650.0,961442.0
2014.12.08,9780.0,50.0,9740.0,9940.0,9630.0,605118.0
2014.12.09,9490.0,290.0,9810.0,9860.0,9480.0,699370.0
2014.12.10,9370.0,120.0,9360.0,9450.0,9010.0,681587.0
2014.12.11,9230.0,140.0,9310.0,9570.0,9200.0,352998.0
2014.12.12,9220.0,10.0,9300.0,9450.0,9150.0,294024.0
2014.12.15,9520.0,300.0,9080.0,9600.0,9070.0,342686.0
2014.12.16,9150.0,370.0,9470.0,9550.0,9150.0,369268.0
2014.12.17,9180.0,30.0,9190.0,9400.0,9180.0,295473.0
2014.12.18,8720.0,460.0,9200.0,9300.0,8210.0,1249269.0
2014.12.19,8590.0,130.0,8900.0,9050.0,8500.0,767478.0
2014.12.22,8010.0,580.0,8560.0,8670.0,7900.0,1576650.0
2014.12.23,8630.0,620.0,8110.0,8760.0,8020.0,1577885.0
2014.12.24,8480.0,150.0,8600.0,8650.0,8290.0,495210.0
2014.12.26,8310.0,170.0,8480.0,8540.0,8150.0,498364.0
2014.12.29,8650.0,340.0,8330.0,8910.0,8330.0,805131.0
2014.12.30,8730.0,80.0,8590.0,8830.0,8570.0,353777.0
2015.01.02,8700.0,30.0,8800.0,8820.0,8610.0,337866.0
2015.01.05,8760.0,60.0,8700.0,8870.0,8630.0,372111.0
2015.01.06,8410.0,350.0,8610.0,8820.0,8350.0,534749.0
2015.01.07,8580.0,170.0,8460.0,8670.0,8340.0,439273.0
2015.01.08,9050.0,470.0,8660.0,9170.0,8510.0,1132360.0
2015.01.09,9050.0,0.0,9190.0,9250.0,8960.0,479540.0
2015.01.12,9270.0,220.0,8970.0,9320.0,8970.0,630761.0
2015.01.13,9160.0,110.0,9310.0,9480.0,9120.0,623301.0
2015.01.14,9010.0,150.0,9210.0,9340.0,8990.0,406720.0
2015.01.15,9110.0,100.0,8930.0,9180.0,8890.0,252093.0
2015.01.16,8990.0,120.0,9080.0,9160.0,8850.0,352934.0
2015.01.19,9460.0,470.0,9000.0,9570.0,9000.0,1156486.0
2015.01.20,9500.0,40.0,9380.0,9600.0,9320.0,495237.0
2015.01.21,9540.0,40.0,9560.0,9660.0,9380.0,597753.0
2015.01.22,9390.0,150.0,9560.0,9600.0,9280.0,666374.0
2015.01.23,9900.0,510.0,9600.0,10300.0,9350.0,2750531.0
2015.01.26,9940.0,40.0,10050.0,10450.0,9940.0,1679712.0
2015.01.27,10350.0,410.0,9830.0,10400.0,9800.0,1340637.0
2015.01.28,10700.0,350.0,10300.0,10700.0,10150.0,1362692.0
2015.01.29,11150.0,450.0,10600.0,11200.0,10550.0,1993524.0
2015.01.30,11150.0,0.0,11100.0,11200.0,10750.0,927980.0
2015.02.02,11000.0,150.0,11100.0,11250.0,10850.0,629041.0
2015.02.03,10750.0,250.0,11250.0,11450.0,10750.0,1306790.0
2015.02.04,11950.0,1200.0,10750.0,12250.0,10650.0,3367389.0
2015.02.05,11850.0,100.0,11950.0,12100.0,11650.0,1255879.0
2015.02.06,13050.0,1200.0,11950.0,13300.0,11800.0,5758631.0
2015.02.09,13650.0,600.0,13100.0,14250.0,13000.0,5380727.0
2015.02.10,13350.0,300.0,13700.0,13950.0,12900.0,2105444.0
2015.02.11,13550.0,200.0,13250.0,13650.0,12900.0,1937175.0
2015.02.12,13050.0,500.0,13700.0,13850.0,13050.0,1236993.0
2015.02.13,14900.0,1850.0,13350.0,15000.0,12900.0,5473881.0
2015.02.16,14650.0,250.0,14550.0,16450.0,14100.0,7377321.0
2015.02.17,13400.0,1250.0,14700.0,14900.0,13100.0,3691349.0
2015.02.23,14150.0,750.0,13800.0,14900.0,13550.0,3841173.0
2015.02.24,13850.0,300.0,13850.0,14400.0,13600.0,1667482.0
2015.02.25,13450.0,400.0,13950.0,14000.0,13350.0,1318869.0
2015.02.26,13750.0,300.0,13400.0,14100.0,13350.0,1413963.0
2015.02.27,13850.0,100.0,13600.0,13950.0,13500.0,839325.0
2015.03.02,13500.0,350.0,13750.0,13850.0,13400.0,619447.0
2015.03.03,13650.0,150.0,13700.0,14100.0,13600.0,1087465.0
2015.03.04,13800.0,150.0,13650.0,14150.0,13500.0,1135454.0
2015.03.05,13200.0,600.0,13750.0,13850.0,12700.0,1244181.0
2015.03.06,15150.0,1950.0,13100.0,15150.0,12800.0,5160964.0
2015.03.09,14400.0,750.0,15900.0,16700.0,14300.0,8656718.0
2015.03.10,14500.0,100.0,14800.0,15100.0,14100.0,3626501.0
2015.03.11,14500.0,0.0,14500.0,15300.0,14450.0,2915562.0
2015.03.12,14700.0,200.0,14800.0,14950.0,14150.0,1815370.0
2015.03.13,15150.0,450.0,14700.0,16200.0,14450.0,4330565.0
2015.03.16,15150.0,0.0,15050.0,15650.0,15000.0,1659094.0
2015.03.17,15650.0,500.0,16050.0,16350.0,15500.0,3457541.0
2015.03.18,16050.0,400.0,15800.0,16900.0,15750.0,4087968.0
2015.03.19,16150.0,100.0,16500.0,16600.0,15600.0,1890263.0
2015.03.20,15900.0,250.0,16050.0,16300.0,15800.0,1214909.0
2015.03.23,15500.0,400.0,15800.0,15950.0,15400.0,1190912.0
2015.03.24,15750.0,250.0,15750.0,15800.0,15350.0,653054.0
2015.03.25,17250.0,1500.0,15850.0,17250.0,15650.0,3936369.0
2015.03.26,16250.0,1000.0,16750.0,17050.0,16100.0,3074300.0
2015.03.27,15500.0,750.0,16150.0,16450.0,15250.0,1559727.0
2015.03.30,15200.0,300.0,15650.0,15700.0,15100.0,940377.0
2015.03.31,14700.0,500.0,15400.0,15650.0,14650.0,1430437.0
2015.04.01,15250.0,550.0,15000.0,15550.0,14650.0,1397443.0
2015.04.02,15000.0,250.0,15400.0,15650.0,14950.0,1049268.0
2015.04.03,14600.0,400.0,14950.0,15000.0,14450.0,1212067.0
2015.04.06,15350.0,750.0,14550.0,15400.0,14300.0,1575064.0
2015.04.07,15900.0,550.0,15750.0,16650.0,15700.0,2449471.0
2015.04.08,16200.0,300.0,15800.0,16300.0,15500.0,1224821.0
2015.04.09,15800.0,400.0,16300.0,16350.0,15800.0,779606.0
2015.04.10,15800.0,0.0,16350.0,16700.0,15750.0,1163886.0
2015.04.13,16950.0,1150.0,16100.0,17200.0,15950.0,4240274.0
2015.04.14,15600.0,1350.0,16900.0,17550.0,15450.0,4365829.0
2015.04.15,15500.0,100.0,15750.0,16100.0,15350.0,1483769.0
2015.04.16,15250.0,250.0,15700.0,15800.0,14950.0,1186534.0
2015.04.17,15350.0,100.0,15350.0,15650.0,15000.0,1206525.0
2015.04.20,14850.0,500.0,14950.0,15100.0,14700.0,992146.0
2015.04.21,15050.0,200.0,14850.0,15500.0,14750.0,1097114.0
2015.04.22,16200.0,1150.0,15200.0,16650.0,14950.0,4577993.0
2015.04.23,15350.0,850.0,16000.0,16300.0,15200.0,1649548.0
2015.04.24,15850.0,500.0,15600.0,15850.0,15050.0,1274949.0
2015.04.27,15850.0,0.0,16000.0,16200.0,15700.0,793711.0
2015.04.28,15850.0,0.0,15900.0,16450.0,15750.0,1308214.0
2015.04.29,16350.0,500.0,15800.0,16400.0,15750.0,1121468.0
2015.04.30,15850.0,500.0,16300.0,16300.0,15650.0,705403.0
2015.05.04,15700.0,150.0,16000.0,16150.0,15650.0,593109.0
2015.05.06,14200.0,1500.0,15500.0,15600.0,13950.0,1290432.0
2015.05.07,13700.0,500.0,14000.0,14900.0,13200.0,2112978.0
2015.05.08,14000.0,300.0,14000.0,14300.0,13800.0,630913.0
2015.05.11,14050.0,50.0,14300.0,14500.0,14000.0,436162.0
2015.05.12,14000.0,50.0,14200.0,14650.0,13900.0,499977.0
2015.05.13,14200.0,200.0,14150.0,14750.0,13800.0,1574930.0
2015.05.14,13850.0,350.0,14300.0,14600.0,13800.0,785918.0
2015.05.15,13900.0,50.0,13900.0,14100.0,13400.0,859323.0
2015.05.18,14350.0,450.0,13750.0,14450.0,13750.0,853785.0
2015.05.19,16000.0,1650.0,15100.0,16500.0,14850.0,4941788.0
2015.05.20,16300.0,300.0,16450.0,16700.0,15750.0,2040013.0
2015.05.21,16850.0,550.0,16200.0,17200.0,16050.0,1780375.0
2015.05.22,16400.0,450.0,17500.0,18150.0,16200.0,2491341.0
2015.05.26,16000.0,400.0,16550.0,16700.0,15450.0,1297031.0
2015.05.27,15450.0,550.0,15800.0,16250.0,15150.0,988042.0
2015.05.28,16700.0,1250.0,15650.0,16700.0,15600.0,1315435.0
2015.05.29,16650.0,50.0,16800.0,17050.0,16250.0,1219396.0
2015.06.01,16350.0,300.0,17050.0,17700.0,16250.0,1553015.0
2015.06.02,15800.0,550.0,16450.0,17000.0,15550.0,1234820.0
2015.06.03,14950.0,850.0,15900.0,16050.0,14900.0,899204.0
2015.06.04,15900.0,950.0,15000.0,15950.0,15000.0,919730.0
2015.06.05,15750.0,150.0,15600.0,16300.0,15450.0,919106.0
2015.06.08,15700.0,50.0,15900.0,16300.0,15500.0,566375.0
2015.06.09,16050.0,350.0,15750.0,16100.0,15600.0,607435.0
2015.06.10,16700.0,650.0,16050.0,16950.0,15950.0,2103648.0
2015.06.11,17500.0,800.0,17200.0,18150.0,17050.0,3803945.0
2015.06.12,16050.0,1450.0,17600.0,17600.0,15800.0,1956298.0
2015.06.15,16150.0,100.0,15700.0,16850.0,15150.0,1103160.0
2015.06.16,15800.0,350.0,16300.0,16400.0,15350.0,748703.0
2015.06.17,15850.0,50.0,15700.0,16500.0,15450.0,1116660.0
2015.06.18,16350.0,500.0,17200.0,17700.0,16250.0,2830723.0
2015.06.19,15950.0,400.0,16350.0,16550.0,15850.0,974851.0
2015.06.22,15600.0,350.0,16200.0,16350.0,15550.0,808333.0
2015.06.23,16050.0,450.0,15950.0,16200.0,15600.0,746278.0
2015.06.24,19550.0,3500.0,16400.0,19550.0,16300.0,9954774.0
2015.06.25,20250.0,700.0,20100.0,20500.0,19050.0,6530425.0
2015.06.26,18900.0,1350.0,20600.0,21050.0,18900.0,3802429.0
2015.06.29,20400.0,1500.0,17900.0,20600.0,17800.0,6045622.0
2015.06.30,19150.0,1250.0,20000.0,20300.0,18600.0,2662445.0
2015.07.01,19850.0,700.0,19350.0,20250.0,19200.0,2290307.0
2015.07.02,20600.0,750.0,19950.0,23300.0,19850.0,6461496.0
2015.07.03,22300.0,1700.0,21500.0,22650.0,21200.0,3983363.0
2015.07.06,23000.0,700.0,21800.0,24400.0,21650.0,4632606.0
2015.07.07,19800.0,3200.0,23600.0,24050.0,18250.0,3960803.0
2015.07.08,19400.0,400.0,20000.0,20350.0,18050.0,2842117.0
2015.07.09,20400.0,1000.0,19000.0,21100.0,18600.0,4631956.0
2015.07.10,20750.0,350.0,20550.0,21300.0,19850.0,1783721.0
2015.07.13,20500.0,250.0,20850.0,21100.0,19800.0,1372516.0
2015.07.14,21550.0,1050.0,20900.0,21950.0,20600.0,2045940.0
2015.07.15,22450.0,900.0,21550.0,22900.0,21100.0,2267811.0
2015.07.16,23500.0,1050.0,22250.0,24300.0,21700.0,2701334.0
2015.07.17,22350.0,1150.0,23700.0,24150.0,22250.0,1542076.0
2015.07.20,23500.0,1150.0,22400.0,23500.0,21500.0,1500612.0
2015.07.21,22650.0,850.0,23650.0,24050.0,22550.0,952159.0
2015.07.22,25000.0,2350.0,22450.0,27650.0,22450.0,8648485.0
2015.07.23,25300.0,300.0,24850.0,26100.0,23950.0,2695444.0
2015.07.24,26100.0,800.0,25050.0,27150.0,24800.0,3298777.0
2015.07.27,25400.0,700.0,26250.0,27350.0,25250.0,1428058.0
2015.07.28,25250.0,150.0,24800.0,25750.0,23550.0,1889455.0
2015.07.29,25950.0,700.0,26050.0,28300.0,25550.0,4293485.0
2015.07.30,22050.0,3900.0,25950.0,26700.0,22050.0,2966691.0
2015.07.31,24100.0,2050.0,21850.0,24250.0,20850.0,2035512.0
2015.08.03,23200.0,900.0,24150.0,25200.0,23200.0,1208008.0
2015.08.04,24300.0,1100.0,23100.0,24350.0,22700.0,756282.0
2015.08.05,24500.0,200.0,24200.0,24750.0,23800.0,735093.0
2015.08.06,24950.0,450.0,24650.0,25750.0,24650.0,995544.0
2015.08.07,24350.0,600.0,24500.0,25150.0,24250.0,519547.0
2015.08.10,24200.0,150.0,24550.0,25000.0,24200.0,500490.0
2015.08.11,21000.0,3200.0,24350.0,24700.0,20700.0,1939853.0
2015.08.12,20000.0,1000.0,21100.0,21850.0,18750.0,2854646.0
2015.08.13,21100.0,1100.0,20100.0,21500.0,19550.0,1495739.0
2015.08.17,20950.0,150.0,21450.0,21950.0,20450.0,702798.0
2015.08.18,19850.0,1100.0,21350.0,21450.0,19750.0,831968.0
2015.08.19,18350.0,1500.0,19350.0,19700.0,16700.0,2894510.0
2015.08.20,18650.0,300.0,18300.0,19200.0,17950.0,1453798.0
2015.08.21,17950.0,700.0,17700.0,18550.0,17350.0,1383539.0
2015.08.24,18400.0,450.0,18050.0,18850.0,17600.0,1260413.0
2015.08.25,19000.0,600.0,19100.0,19400.0,18550.0,1196457.0
2015.08.26,20650.0,1650.0,19100.0,20800.0,19000.0,1648116.0
2015.08.27,20150.0,500.0,21000.0,21150.0,19900.0,956201.0
2015.08.28,20400.0,250.0,20700.0,21350.0,20350.0,983877.0
2015.08.31,20000.0,400.0,20400.0,20850.0,19850.0,628177.0
2015.09.01,18700.0,1300.0,19800.0,20200.0,18700.0,723546.0
2015.09.02,19200.0,500.0,18150.0,19200.0,17900.0,641819.0
2015.09.03,18500.0,700.0,19500.0,19650.0,18500.0,410953.0
2015.09.04,16600.0,1900.0,18900.0,19300.0,16450.0,1312513.0
2015.09.07,16500.0,100.0,16600.0,17100.0,15850.0,1029032.0
2015.09.08,15550.0,950.0,16600.0,17000.0,14950.0,1110871.0
2015.09.09,16450.0,900.0,16150.0,16700.0,15950.0,743070.0
2015.09.10,16900.0,450.0,16200.0,16950.0,15900.0,691711.0
2015.09.11,17300.0,400.0,16850.0,17700.0,16550.0,962359.0
2015.09.14,16500.0,800.0,17400.0,17650.0,16400.0,443047.0
2015.09.15,16700.0,200.0,16600.0,17100.0,16500.0,291303.0
2015.09.16,17000.0,300.0,17000.0,17250.0,16750.0,375269.0
2015.09.17,16150.0,850.0,17200.0,17250.0,15950.0,806584.0
2015.09.18,18000.0,1850.0,16450.0,18050.0,16350.0,1579507.0
2015.09.21,17550.0,450.0,17650.0,17800.0,17150.0,576107.0
2015.09.22,18750.0,1200.0,17450.0,18900.0,17350.0,1218806.0
2015.09.23,18650.0,100.0,18500.0,19550.0,18450.0,1006088.0
2015.09.24,18300.0,350.0,18950.0,19300.0,18200.0,456131.0
2015.09.25,17200.0,1100.0,18300.0,18650.0,16800.0,910596.0
2015.09.30,16900.0,300.0,16600.0,17100.0,16250.0,667766.0
2015.10.01,18350.0,1450.0,17300.0,19400.0,17150.0,2181481.0
2015.10.02,17600.0,750.0,18200.0,18400.0,17500.0,456014.0
2015.10.05,17850.0,250.0,18000.0,18650.0,17850.0,650253.0
2015.10.06,17400.0,450.0,18200.0,18400.0,17200.0,547087.0
2015.10.07,16550.0,850.0,17250.0,17650.0,16400.0,631518.0
2015.10.08,17500.0,950.0,16900.0,17750.0,16250.0,787593.0
2015.10.12,16700.0,800.0,17400.0,17550.0,16700.0,365693.0
2015.10.13,16300.0,400.0,16600.0,17050.0,15750.0,715284.0
2015.10.14,16300.0,0.0,16200.0,16700.0,16050.0,376475.0
2015.10.15,16500.0,200.0,16250.0,16750.0,16100.0,264820.0
2015.10.16,16800.0,300.0,16850.0,17550.0,16650.0,948720.0
2015.10.19,16500.0,300.0,16900.0,16900.0,16450.0,298631.0
2015.10.20,17200.0,700.0,16650.0,17300.0,16350.0,564726.0
2015.10.21,16800.0,400.0,17100.0,17350.0,16800.0,309662.0
2015.10.22,16600.0,200.0,16650.0,17250.0,16400.0,421851.0
2015.10.23,16700.0,100.0,16850.0,17150.0,16600.0,346317.0
2015.10.26,16450.0,250.0,17000.0,17200.0,16400.0,384628.0
2015.10.27,16600.0,150.0,16550.0,16800.0,16100.0,286543.0
2015.10.28,16900.0,300.0,16750.0,16950.0,16300.0,508516.0
2015.10.29,16600.0,300.0,17100.0,17100.0,16600.0,249836.0
2015.10.30,16250.0,350.0,16750.0,16750.0,16050.0,362750.0
2015.11.02,16100.0,150.0,16200.0,16550.0,16050.0,218288.0
2015.11.03,16000.0,100.0,16350.0,16500.0,15850.0,296488.0
2015.11.04,16950.0,950.0,16150.0,17150.0,16050.0,1101079.0
2015.11.05,17700.0,750.0,17200.0,18100.0,17050.0,1486951.0
2015.11.06,18600.0,900.0,18350.0,19200.0,18050.0,2172693.0
2015.11.09,17500.0,1100.0,18250.0,18400.0,17450.0,884596.0
2015.11.10,18750.0,1250.0,17100.0,18750.0,16500.0,1287848.0
2015.11.11,18750.0,0.0,18600.0,19300.0,18150.0,1162487.0
2015.11.12,18500.0,250.0,19100.0,19850.0,18450.0,1201178.0
2015.11.13,19750.0,1250.0,18350.0,19800.0,18250.0,1484360.0
2015.11.16,19850.0,100.0,19500.0,20800.0,19300.0,1401608.0
2015.11.17,20200.0,350.0,20050.0,20750.0,19500.0,1080961.0
2015.11.18,19150.0,1050.0,20300.0,20450.0,19150.0,896134.0
2015.11.19,18950.0,200.0,19500.0,19850.0,18600.0,857744.0
2015.11.20,19950.0,1000.0,19000.0,19950.0,18750.0,777151.0
2015.11.23,19700.0,250.0,20150.0,20250.0,19400.0,667052.0
2015.11.24,19800.0,100.0,19800.0,20200.0,19400.0,457201.0
2015.11.25,19550.0,250.0,19750.0,20400.0,19450.0,505452.0
2015.11.26,19000.0,550.0,19600.0,19750.0,18900.0,582777.0
2015.11.27,19100.0,100.0,19050.0,19350.0,18950.0,285116.0
2015.11.30,19000.0,100.0,18950.0,19350.0,18150.0,483484.0
2015.12.01,18700.0,300.0,18900.0,19000.0,18500.0,247565.0
2015.12.02,18200.0,500.0,18750.0,18850.0,18200.0,4265869.0
2015.12.03,17100.0,1100.0,19300.0,19650.0,16550.0,3605354.0
2015.12.04,16250.0,850.0,16550.0,16850.0,16100.0,1761630.0
2015.12.07,16350.0,100.0,16500.0,16650.0,16050.0,1003034.0
2015.12.08,16400.0,50.0,16250.0,17400.0,16150.0,1645172.0
2015.12.09,16950.0,550.0,16450.0,17150.0,16450.0,917149.0
2015.12.10,16200.0,750.0,17000.0,17050.0,16050.0,785349.0
2015.12.11,14700.0,1500.0,16050.0,16250.0,14600.0,1665167.0
2015.12.14,13200.0,1500.0,14200.0,14300.0,13050.0,2116862.0
2015.12.15,13500.0,300.0,13100.0,13850.0,13100.0,1209455.0
2015.12.16,13550.0,50.0,13750.0,14100.0,13450.0,1038136.0
2015.12.17,14000.0,450.0,14100.0,14350.0,13750.0,1029950.0
2015.12.18,14700.0,700.0,13800.0,15350.0,13650.0,1212353.0
2015.12.21,14950.0,250.0,14500.0,15300.0,14450.0,593884.0
2015.12.22,15050.0,100.0,15350.0,15800.0,15000.0,788833.0
2015.12.23,15250.0,200.0,15000.0,15250.0,14800.0,402500.0
2015.12.24,14800.0,450.0,15250.0,15300.0,14750.0,499261.0
2015.12.28,14850.0,50.0,14750.0,14950.0,14450.0,613399.0
2015.12.29,16000.0,1150.0,15150.0,16000.0,15050.0,1048742.0
2015.12.30,16200.0,200.0,16050.0,16400.0,15800.0,682921.0
2016.01.04,16000.0,200.0,16300.0,16800.0,15950.0,661274.0
2016.01.05,16100.0,100.0,15600.0,16400.0,15550.0,470771.0
2016.01.06,17250.0,1150.0,16250.0,17850.0,16200.0,1711521.0
2016.01.07,16650.0,600.0,17100.0,17600.0,16300.0,784359.0
2016.01.08,17000.0,350.0,16100.0,17050.0,16100.0,627280.0
2016.01.11,17600.0,600.0,17100.0,17750.0,17000.0,1031074.0
2016.01.12,17450.0,150.0,17700.0,18100.0,17300.0,793061.0
2016.01.13,18650.0,1200.0,17650.0,18800.0,17500.0,1016971.0
2016.01.14,18850.0,200.0,18100.0,19000.0,18000.0,1066824.0
2016.01.15,18150.0,700.0,19100.0,19100.0,18150.0,649218.0
2016.01.18,18500.0,350.0,17800.0,18600.0,17700.0,697411.0
2016.01.19,18500.0,0.0,18500.0,18800.0,18100.0,508613.0
2016.01.20,19050.0,550.0,18300.0,19150.0,18050.0,1535995.0
2016.01.21,19100.0,50.0,19050.0,19500.0,18550.0,955434.0
2016.01.22,18400.0,700.0,19100.0,19250.0,18000.0,711523.0
2016.01.25,18400.0,0.0,18400.0,18850.0,18100.0,546616.0
2016.01.26,18150.0,250.0,18250.0,18700.0,18100.0,406588.0
2016.01.27,17150.0,1000.0,18200.0,18400.0,17100.0,784875.0
2016.01.28,18200.0,1050.0,17200.0,18300.0,17200.0,597163.0
2016.01.29,18550.0,350.0,18200.0,18850.0,17750.0,566503.0
2016.02.01,18400.0,150.0,18650.0,18950.0,18350.0,390187.0
2016.02.02,18100.0,300.0,18400.0,18500.0,18000.0,391602.0
2016.02.03,19400.0,1300.0,18200.0,19400.0,18200.0,1485721.0
2016.02.04,19200.0,200.0,19700.0,19850.0,18900.0,1016083.0
2016.02.05,20250.0,1050.0,19100.0,20350.0,18750.0,1431450.0
2016.02.11,19500.0,750.0,19750.0,20150.0,19350.0,1372487.0
2016.02.12,17800.0,1700.0,19150.0,19250.0,16600.0,1822368.0
2016.02.15,18100.0,300.0,18200.0,18450.0,17450.0,687191.0
2016.02.16,19350.0,1250.0,18450.0,20000.0,18450.0,1861873.0
2016.02.17,18850.0,500.0,19450.0,19700.0,18750.0,824917.0
2016.02.18,20100.0,1250.0,19250.0,20300.0,18850.0,1138673.0
2016.02.19,21300.0,1200.0,20300.0,21300.0,19950.0,1904627.0
2016.02.22,21400.0,100.0,21400.0,21600.0,20900.0,1110382.0
2016.02.23,21700.0,300.0,21600.0,21900.0,20800.0,889413.0
2016.02.24,21650.0,50.0,21500.0,21850.0,21200.0,620058.0
2016.02.25,21750.0,100.0,21650.0,22750.0,21650.0,1128505.0
2016.02.26,22450.0,700.0,21800.0,22700.0,21700.0,945992.0
2016.02.29,22850.0,400.0,22550.0,23150.0,22400.0,688037.0
2016.03.02,22250.0,600.0,23000.0,23000.0,22250.0,633483.0
2016.03.03,22650.0,400.0,22250.0,22750.0,21650.0,819405.0
2016.03.04,22000.0,650.0,22650.0,23050.0,22000.0,694326.0
2016.03.07,21800.0,200.0,22050.0,22250.0,21250.0,890547.0
2016.03.08,21250.0,550.0,21700.0,22150.0,21050.0,506066.0
2016.03.09,22450.0,1200.0,21300.0,22450.0,21200.0,548804.0
2016.03.10,22650.0,200.0,22550.0,23150.0,21550.0,1218235.0
2016.03.11,22700.0,50.0,22950.0,23300.0,22500.0,650058.0
2016.03.14,21900.0,800.0,22800.0,22800.0,21150.0,837540.0
2016.03.15,21850.0,50.0,21900.0,22200.0,21350.0,398635.0
2016.03.16,21600.0,250.0,21850.0,21900.0,21200.0,362731.0
2016.03.17,22500.0,900.0,21600.0,22550.0,21450.0,523460.0
2016.03.18,22800.0,300.0,22400.0,22950.0,22300.0,601630.0
2016.03.21,23050.0,250.0,22800.0,23150.0,22650.0,612300.0
2016.03.22,22900.0,150.0,22950.0,23050.0,22400.0,438865.0
2016.03.23,22750.0,150.0,22750.0,23000.0,22600.0,260697.0
2016.03.24,22050.0,700.0,22800.0,23050.0,22000.0,578220.0
2016.03.25,22250.0,200.0,22100.0,22450.0,22000.0,322936.0
2016.03.28,21350.0,900.0,22250.0,22400.0,21350.0,620959.0
2016.03.29,21850.0,500.0,21500.0,21850.0,21150.0,384712.0
2016.03.30,21700.0,150.0,22000.0,22000.0,21450.0,242362.0
2016.03.31,22250.0,550.0,21800.0,22350.0,21550.0,418991.0
2016.04.01,22400.0,150.0,22300.0,22600.0,21950.0,274593.0
2016.04.04,22400.0,0.0,22600.0,22750.0,22300.0,392553.0
2016.04.05,22000.0,400.0,22450.0,22500.0,21900.0,298175.0
2016.04.06,21700.0,300.0,22000.0,22150.0,21500.0,491237.0
2016.04.07,21700.0,0.0,21800.0,21950.0,21200.0,498302.0
2016.04.08,21250.0,450.0,21550.0,21600.0,20950.0,453899.0
2016.04.11,19800.0,1450.0,21400.0,21400.0,19400.0,1202258.0
2016.04.12,19950.0,150.0,19700.0,20400.0,19450.0,501607.0
2016.04.14,19300.0,650.0,20000.0,20200.0,18950.0,853055.0
2016.04.15,19600.0,300.0,19200.0,19700.0,19100.0,344586.0
2016.04.18,18900.0,700.0,19700.0,19700.0,18700.0,553361.0
2016.04.19,19100.0,200.0,18950.0,19350.0,18700.0,303709.0
2016.04.20,19050.0,50.0,19100.0,19500.0,18950.0,390823.0
2016.04.21,20200.0,1150.0,19200.0,20500.0,19100.0,731504.0
2016.04.22,19900.0,300.0,20200.0,20350.0,19600.0,365153.0
2016.04.25,19900.0,0.0,20100.0,20100.0,19650.0,235839.0
2016.04.26,19950.0,50.0,20100.0,20500.0,19800.0,430454.0
2016.04.27,19650.0,300.0,20050.0,20150.0,19200.0,322378.0
2016.04.28,19250.0,400.0,19700.0,19900.0,19250.0,204235.0
2016.04.29,19700.0,450.0,19000.0,20400.0,19000.0,804114.0
2016.05.02,18900.0,800.0,19550.0,19750.0,18800.0,367548.0
2016.05.03,18950.0,50.0,18950.0,19250.0,18800.0,207732.0
2016.05.04,17650.0,1300.0,18800.0,18850.0,17600.0,969575.0
2016.05.09,18100.0,450.0,17650.0,18250.0,17650.0,314165.0
2016.05.10,18350.0,250.0,17800.0,18450.0,17800.0,269386.0
2016.05.11,19200.0,850.0,18400.0,19250.0,18400.0,415379.0
2016.05.12,19300.0,100.0,19100.0,19700.0,18950.0,280599.0
2016.05.13,19350.0,50.0,19350.0,19500.0,19000.0,168620.0
2016.05.16,18950.0,400.0,19350.0,19450.0,18900.0,208384.0
2016.05.17,19100.0,150.0,19000.0,19550.0,18700.0,227570.0
2016.05.18,18300.0,800.0,18850.0,19100.0,17950.0,330700.0
2016.05.19,18400.0,100.0,18350.0,18850.0,18100.0,362364.0
2016.05.20,19150.0,750.0,18300.0,19450.0,18300.0,523494.0
2016.05.23,19100.0,50.0,19150.0,19450.0,18900.0,300676.0
2016.05.24,19750.0,650.0,19150.0,20000.0,18950.0,735586.0
2016.05.25,19150.0,600.0,19800.0,19950.0,19150.0,316158.0
2016.05.26,18700.0,450.0,19150.0,19300.0,18200.0,581425.0
2016.05.27,19100.0,400.0,18800.0,19200.0,18600.0,289529.0
2016.05.30,18900.0,200.0,19300.0,19400.0,18850.0,276633.0
2016.05.31,19600.0,700.0,18900.0,19600.0,18900.0,426820.0
2016.06.01,20100.0,500.0,19500.0,20200.0,19350.0,489082.0
2016.06.02,20850.0,750.0,20300.0,21000.0,20150.0,903900.0
2016.06.03,21000.0,150.0,21050.0,21800.0,20900.0,1050711.0
2016.06.07,21650.0,650.0,21000.0,21800.0,21000.0,576034.0
2016.06.08,22350.0,700.0,21750.0,22500.0,21300.0,808908.0
2016.06.09,21750.0,600.0,22450.0,22550.0,21350.0,1005791.0
2016.06.10,22400.0,650.0,21550.0,22400.0,21100.0,652189.0
2016.06.13,22200.0,200.0,22400.0,22600.0,21500.0,496500.0
2016.06.14,22350.0,150.0,22050.0,22800.0,22000.0,687181.0
2016.06.15,22600.0,250.0,22150.0,22750.0,21800.0,500001.0
2016.06.16,21450.0,1150.0,22700.0,22750.0,21350.0,660608.0
2016.06.17,21100.0,350.0,21650.0,22100.0,20900.0,469589.0
2016.06.20,21900.0,800.0,21400.0,22250.0,21200.0,446186.0
2016.06.21,21900.0,0.0,22050.0,22300.0,21800.0,270147.0
2016.06.22,22100.0,200.0,22000.0,22250.0,21250.0,431716.0
2016.06.23,21200.0,900.0,22000.0,22000.0,21000.0,513118.0
2016.06.24,19800.0,1400.0,21550.0,21600.0,18150.0,1552072.0
2016.06.27,19850.0,50.0,19250.0,20200.0,19050.0,585377.0
2016.06.28,20800.0,950.0,19600.0,21000.0,19500.0,536637.0
2016.06.29,21200.0,400.0,21050.0,21300.0,20900.0,473061.0
2016.06.30,23950.0,2750.0,21300.0,24150.0,21250.0,3428311.0
2016.07.01,23800.0,150.0,23750.0,24350.0,23500.0,1198515.0
2016.07.04,23600.0,200.0,24100.0,24650.0,23200.0,1048532.0
2016.07.05,24000.0,400.0,23650.0,24150.0,22850.0,872173.0
2016.07.06,23150.0,850.0,24000.0,24300.0,23100.0,731673.0
2016.07.07,23450.0,300.0,23400.0,23800.0,23050.0,524456.0
2016.07.08,22850.0,600.0,23450.0,23750.0,22500.0,697239.0
2016.07.11,22450.0,400.0,22950.0,22950.0,22200.0,610283.0
2016.07.12,22950.0,500.0,22600.0,23500.0,22450.0,658313.0
2016.07.13,22700.0,250.0,23450.0,23600.0,22700.0,660959.0
2016.07.14,21750.0,950.0,22750.0,22750.0,21550.0,991361.0
2016.07.15,21600.0,150.0,21750.0,21750.0,20950.0,749618.0
2016.07.18,21550.0,50.0,21600.0,22250.0,21350.0,425071.0
2016.07.19,22400.0,850.0,21600.0,22550.0,21300.0,654759.0
2016.07.20,22700.0,300.0,22500.0,23200.0,22250.0,709820.0
2016.07.21,23450.0,750.0,22850.0,23600.0,22700.0,899426.0
2016.07.22,21950.0,1500.0,23250.0,23350.0,21850.0,1274420.0
2016.07.25,21200.0,750.0,21950.0,22300.0,21050.0,665432.0
2016.07.26,21550.0,350.0,21350.0,21550.0,21100.0,329258.0
2016.07.27,20750.0,800.0,21550.0,21800.0,20600.0,494652.0
2016.07.28,21250.0,500.0,20750.0,21400.0,20700.0,263647.0
2016.07.29,21100.0,150.0,21300.0,21500.0,21000.0,181437.0
2016.08.01,20500.0,600.0,20850.0,21150.0,20400.0,361895.0
2016.08.02,20300.0,200.0,20400.0,20850.0,20150.0,299327.0
2016.08.03,19700.0,600.0,20200.0,20350.0,19600.0,502048.0
2016.08.04,20850.0,1150.0,19850.0,21000.0,19850.0,555917.0
2016.08.05,20650.0,200.0,20900.0,21100.0,20300.0,394305.0
2016.08.08,20950.0,300.0,20650.0,21000.0,20300.0,297447.0
2016.08.09,20950.0,0.0,20800.0,21350.0,20800.0,357293.0
2016.08.10,21600.0,650.0,20950.0,22000.0,20950.0,634187.0
2016.08.11,21400.0,200.0,21850.0,21950.0,21150.0,468582.0
2016.08.12,21600.0,200.0,21000.0,21850.0,20400.0,679443.0
2016.08.16,21000.0,600.0,21550.0,21800.0,20900.0,314888.0
2016.08.17,20450.0,550.0,21000.0,21000.0,20400.0,281189.0
2016.08.18,21350.0,900.0,20650.0,21550.0,20400.0,367456.0
2016.08.19,21150.0,200.0,21450.0,21500.0,20900.0,213448.0
2016.08.22,20700.0,450.0,21200.0,21250.0,20500.0,273299.0
2016.08.23,20550.0,150.0,20650.0,21050.0,20550.0,228820.0
2016.08.24,20350.0,200.0,20600.0,20850.0,20250.0,261083.0
2016.08.25,20100.0,250.0,20400.0,20450.0,20050.0,236957.0
2016.08.26,20800.0,700.0,20300.0,20800.0,20000.0,397180.0
2016.08.29,20850.0,50.0,20800.0,21100.0,20400.0,313320.0
2016.08.30,21550.0,700.0,20600.0,21750.0,20200.0,816753.0
2016.08.31,21000.0,550.0,21450.0,21850.0,20950.0,397987.0
2016.09.01,20800.0,200.0,21000.0,21150.0,20650.0,226623.0
2016.09.02,20950.0,150.0,20750.0,20950.0,20500.0,194308.0
2016.09.05,20900.0,50.0,20800.0,21400.0,20800.0,254145.0
2016.09.06,19850.0,1050.0,20900.0,21000.0,19700.0,755732.0
2016.09.07,19000.0,850.0,20000.0,20150.0,18750.0,711291.0
2016.09.08,17950.0,1050.0,18900.0,19000.0,17850.0,1056052.0
2016.09.09,18400.0,450.0,17950.0,18500.0,17950.0,457954.0
2016.09.12,17900.0,500.0,17950.0,18500.0,17800.0,311499.0
2016.09.13,18100.0,200.0,18100.0,18250.0,17850.0,190059.0
2016.09.19,18150.0,50.0,17950.0,18450.0,17950.0,176540.0
2016.09.20,18300.0,150.0,18150.0,18500.0,18000.0,185241.0
2016.09.21,18300.0,0.0,18350.0,18500.0,18000.0,249748.0
2016.09.22,18250.0,50.0,18550.0,18600.0,18150.0,207680.0
2016.09.23,18700.0,450.0,18450.0,18900.0,18200.0,267982.0
2016.09.26,19100.0,400.0,18600.0,19350.0,18550.0,324716.0
2016.09.27,19150.0,50.0,19150.0,19350.0,18900.0,206352.0
2016.09.28,18550.0,600.0,19100.0,19300.0,18450.0,261878.0
2016.09.29,18400.0,150.0,18700.0,18750.0,18400.0,196564.0
2016.09.30,17300.0,1100.0,18400.0,18550.0,16950.0,667671.0
2016.10.04,17050.0,250.0,16950.0,17600.0,16950.0,387721.0
2016.10.05,17050.0,0.0,17000.0,17300.0,16900.0,202711.0
2016.10.06,16750.0,300.0,17100.0,17200.0,16600.0,246450.0
2016.10.07,15250.0,1500.0,16800.0,16950.0,15200.0,805008.0
2016.10.10,15800.0,550.0,15100.0,15950.0,15100.0,392377.0
2016.10.11,16700.0,900.0,15750.0,16800.0,15750.0,463341.0
2016.10.12,16500.0,200.0,16450.0,16800.0,16350.0,165714.0
2016.10.13,15800.0,700.0,16700.0,16700.0,15700.0,237351.0
2016.10.14,15550.0,250.0,15750.0,16000.0,15550.0,170486.0
2016.10.17,15350.0,200.0,15700.0,15800.0,15000.0,173788.0
2016.10.18,16200.0,850.0,15400.0,16300.0,15400.0,310357.0
2016.10.19,15900.0,300.0,16400.0,16450.0,15900.0,187246.0
2016.10.20,15650.0,250.0,16050.0,16100.0,15600.0,143450.0
2016.10.21,16000.0,350.0,15650.0,16000.0,15350.0,147902.0
2016.10.24,15850.0,150.0,16150.0,16200.0,15750.0,160857.0
2016.10.25,15900.0,50.0,15700.0,16000.0,15400.0,161740.0
2016.10.26,15850.0,50.0,15700.0,16100.0,15300.0,185857.0
2016.10.27,16000.0,150.0,15700.0,16050.0,15650.0,161045.0
2016.10.28,15450.0,550.0,16000.0,16000.0,15450.0,127889.0
2016.10.31,15050.0,400.0,15350.0,15600.0,15050.0,246874.0
2016.11.01,15200.0,150.0,14800.0,15500.0,14750.0,208962.0
2016.11.02,16300.0,1100.0,15050.0,16450.0,15050.0,455991.0
2016.11.03,16800.0,500.0,16300.0,17000.0,16100.0,386313.0
2016.11.04,16900.0,100.0,16700.0,17150.0,16600.0,213345.0
2016.11.07,17050.0,150.0,16900.0,17150.0,16750.0,186067.0
2016.11.08,17600.0,550.0,17350.0,18000.0,17200.0,447286.0
2016.11.09,16950.0,650.0,17700.0,17700.0,15650.0,703366.0
2016.11.10,17800.0,850.0,17600.0,18200.0,17550.0,470766.0
2016.11.11,18100.0,300.0,17850.0,18450.0,17200.0,373984.0
2016.11.14,18100.0,0.0,18300.0,18450.0,17850.0,234346.0
2016.11.15,18200.0,100.0,18200.0,18350.0,17950.0,158323.0
2016.11.16,18400.0,200.0,18300.0,18450.0,18050.0,153354.0
2016.11.17,17500.0,900.0,18250.0,18350.0,17400.0,266823.0
2016.11.18,17350.0,150.0,17600.0,17800.0,16950.0,276404.0
2016.11.21,17100.0,250.0,17400.0,17400.0,16950.0,123298.0
2016.11.22,17750.0,650.0,17200.0,18000.0,17200.0,309271.0
2016.11.23,17550.0,200.0,17850.0,18000.0,17300.0,161629.0
2016.11.24,17400.0,150.0,17500.0,17800.0,17300.0,127469.0
2016.11.25,17450.0,50.0,17450.0,17650.0,17200.0,123696.0
2016.11.28,18400.0,950.0,17600.0,18400.0,17600.0,441566.0
2016.11.29,17950.0,450.0,19650.0,19950.0,17300.0,1290385.0
2016.11.30,17400.0,550.0,17800.0,17950.0,16950.0,389144.0
2016.12.01,17550.0,150.0,17700.0,17950.0,17400.0,194448.0
2016.12.02,16800.0,750.0,17550.0,17550.0,16800.0,180657.0
2016.12.05,16100.0,700.0,16600.0,16900.0,15900.0,391904.0
2016.12.06,16500.0,400.0,16200.0,16750.0,16100.0,198806.0
2016.12.07,16150.0,350.0,16850.0,17100.0,16050.0,249383.0
2016.12.08,16300.0,150.0,16200.0,16800.0,16200.0,166664.0
2016.12.09,16300.0,0.0,16250.0,16500.0,16150.0,168999.0
2016.12.12,16550.0,250.0,16500.0,16700.0,16400.0,197155.0
2016.12.13,16850.0,300.0,16650.0,16950.0,16550.0,143874.0
2016.12.14,16450.0,400.0,16900.0,16950.0,16400.0,221292.0
2016.12.15,16650.0,200.0,16350.0,16800.0,16300.0,139731.0
2016.12.16,17000.0,350.0,16750.0,17000.0,16500.0,189683.0
2016.12.19,16700.0,300.0,17050.0,17200.0,16700.0,135976.0
2016.12.20,16400.0,300.0,16700.0,16800.0,16400.0,151442.0
2016.12.21,16300.0,100.0,16450.0,16550.0,15900.0,198532.0
2016.12.22,16000.0,300.0,16250.0,16350.0,15950.0,242651.0
2016.12.23,16200.0,200.0,15950.0,16450.0,15950.0,214764.0
2016.12.26,15850.0,350.0,16250.0,16300.0,15850.0,241348.0
2016.12.27,15300.0,550.0,15800.0,15850.0,15300.0,385930.0
2016.12.28,16300.0,1000.0,15550.0,16500.0,15500.0,411039.0
2016.12.29,16950.0,650.0,16300.0,17100.0,16250.0,397176.0
2017.01.02,16850.0,100.0,16800.0,17150.0,16750.0,184805.0
2017.01.03,17100.0,250.0,16900.0,17100.0,16650.0,197793.0
2017.01.04,17150.0,50.0,17100.0,17400.0,17050.0,189865.0
2017.01.05,17200.0,50.0,17250.0,17450.0,17100.0,129380.0
2017.01.06,17200.0,0.0,17100.0,17400.0,17000.0,133247.0
2017.01.09,16900.0,300.0,17200.0,17250.0,16900.0,132490.0
2017.01.10,16800.0,100.0,16800.0,17000.0,16650.0,119795.0
2017.01.11,16750.0,50.0,16700.0,16950.0,16600.0,137765.0
2017.01.12,16350.0,400.0,16750.0,16800.0,16300.0,159159.0
2017.01.13,16300.0,50.0,16400.0,16700.0,16150.0,160190.0
2017.01.16,16050.0,250.0,16350.0,16400.0,15900.0,131898.0
2017.01.17,15900.0,150.0,16000.0,16200.0,15900.0,97067.0
2017.01.18,15950.0,50.0,15800.0,16250.0,15750.0,111929.0
2017.01.19,15900.0,50.0,16250.0,16250.0,15850.0,103699.0
2017.01.20,15700.0,200.0,15900.0,16200.0,15700.0,94569.0
2017.01.23,15500.0,200.0,15750.0,15800.0,15350.0,112712.0
2017.01.24,15650.0,150.0,15500.0,15700.0,15450.0,95992.0
2017.01.25,15400.0,250.0,15800.0,15800.0,15400.0,109888.0
2017.01.26,15750.0,350.0,15400.0,15750.0,15200.0,109174.0
2017.01.31,15500.0,250.0,15700.0,15800.0,15450.0,80717.0
2017.02.01,15700.0,200.0,15500.0,15750.0,15500.0,69669.0
2017.02.02,15650.0,50.0,15600.0,15750.0,15400.0,109361.0
2017.02.03,15250.0,400.0,15550.0,15850.0,15050.0,181381.0
2017.02.06,15250.0,0.0,15200.0,15450.0,15150.0,119472.0
2017.02.07,15200.0,50.0,15250.0,15400.0,15050.0,146447.0
2017.02.08,14900.0,300.0,15150.0,15700.0,14450.0,465190.0
2017.02.09,14950.0,50.0,14750.0,15050.0,14750.0,147556.0
2017.02.10,15050.0,100.0,14900.0,15450.0,14900.0,138298.0
2017.02.13,15200.0,150.0,15200.0,15350.0,15150.0,107034.0
2017.02.14,15400.0,200.0,15200.0,15500.0,15200.0,96155.0
2017.02.15,15950.0,550.0,15400.0,15950.0,15300.0,235784.0
2017.02.16,15600.0,350.0,16050.0,16150.0,15550.0,147579.0
2017.02.17,15600.0,0.0,15600.0,15700.0,15350.0,94084.0
2017.02.20,15250.0,350.0,15550.0,15650.0,15200.0,108324.0
2017.02.21,15100.0,150.0,15200.0,15400.0,15100.0,96011.0
2017.02.22,15100.0,0.0,15200.0,15300.0,15100.0,56921.0
2017.02.23,15050.0,50.0,15100.0,15300.0,14950.0,108416.0
2017.02.24,15500.0,450.0,15050.0,15500.0,15000.0,165551.0
2017.02.27,15400.0,100.0,15550.0,15650.0,15400.0,73849.0
2017.02.28,15100.0,300.0,15400.0,15450.0,15050.0,82311.0
2017.03.02,14600.0,500.0,15100.0,15150.0,14550.0,208003.0
2017.03.03,13650.0,950.0,14300.0,14550.0,13250.0,534696.0
2017.03.06,12600.0,1050.0,13350.0,13750.0,12600.0,475552.0
2017.03.07,12950.0,350.0,12450.0,13250.0,12450.0,356437.0
2017.03.08,11950.0,1000.0,12950.0,13150.0,11850.0,603459.0
2017.03.09,12050.0,100.0,12150.0,12350.0,11900.0,517289.0
2017.03.10,12750.0,700.0,12250.0,12750.0,11950.0,357109.0
2017.03.13,13000.0,250.0,12900.0,13050.0,12700.0,226710.0
2017.03.14,12750.0,250.0,13100.0,13150.0,12750.0,128708.0
2017.03.15,12350.0,400.0,12750.0,12900.0,12250.0,187490.0
2017.03.16,13150.0,800.0,12400.0,13200.0,12400.0,290789.0
2017.03.17,13150.0,0.0,13100.0,13350.0,12900.0,122829.0
2017.03.20,12850.0,300.0,13200.0,13250.0,12800.0,121699.0
2017.03.21,13400.0,550.0,12950.0,13700.0,12850.0,211746.0
2017.03.22,13650.0,250.0,13300.0,13700.0,13250.0,110499.0
2017.03.23,13450.0,200.0,13650.0,14000.0,13250.0,177793.0
2017.03.24,13550.0,100.0,13300.0,13550.0,13150.0,102082.0
2017.03.27,13300.0,250.0,13300.0,13450.0,13000.0,151211.0
2017.03.28,13450.0,150.0,13300.0,13600.0,13300.0,119025.0
2017.03.29,13600.0,150.0,13550.0,13700.0,13450.0,81784.0
2017.03.30,13500.0,100.0,13500.0,13850.0,13450.0,150562.0
2017.03.31,13950.0,450.0,13600.0,13950.0,13450.0,136523.0
2017.04.03,14150.0,200.0,13850.0,14250.0,13750.0,133344.0
2017.04.04,13850.0,300.0,14050.0,14300.0,13800.0,118684.0
2017.04.05,13600.0,250.0,13800.0,13900.0,13600.0,91732.0
2017.04.06,13750.0,150.0,13700.0,13800.0,13300.0,91089.0
2017.04.07,14000.0,250.0,13700.0,14250.0,13650.0,143126.0
2017.04.10,13400.0,600.0,13950.0,14050.0,13300.0,120249.0
2017.04.11,13350.0,50.0,13400.0,13600.0,13350.0,77118.0
2017.04.12,13100.0,250.0,13300.0,13450.0,12950.0,141877.0
2017.04.13,13150.0,50.0,13000.0,13350.0,13000.0,80186.0
2017.04.14,13050.0,100.0,13100.0,13300.0,12950.0,77750.0
2017.04.17,13250.0,200.0,13050.0,13350.0,13050.0,96214.0
2017.04.18,13250.0,0.0,13250.0,13450.0,13150.0,56428.0
2017.04.19,13150.0,100.0,13250.0,13400.0,13100.0,71833.0
2017.04.20,13400.0,250.0,13050.0,13700.0,13050.0,169844.0
2017.04.21,13200.0,200.0,13500.0,13650.0,13100.0,136762.0
2017.04.24,12850.0,350.0,13300.0,13300.0,12800.0,161258.0
2017.04.25,13100.0,250.0,12850.0,13100.0,12850.0,85004.0
2017.04.26,12950.0,150.0,13100.0,13200.0,12950.0,113621.0
2017.04.27,12900.0,50.0,12950.0,13150.0,12750.0,111424.0
2017.04.28,12600.0,300.0,12750.0,12950.0,12600.0,120575.0
2017.05.02,12650.0,50.0,12650.0,12800.0,12350.0,103248.0
2017.05.04,13150.0,500.0,12600.0,13150.0,12600.0,93269.0
2017.05.08,13450.0,300.0,13350.0,13500.0,13150.0,185283.0
2017.05.10,13400.0,50.0,13400.0,13500.0,13300.0,84168.0
2017.05.11,13850.0,450.0,13300.0,13950.0,13300.0,184878.0
2017.05.12,14250.0,400.0,13850.0,14450.0,13700.0,271285.0
2017.05.15,14200.0,50.0,14250.0,14350.0,14000.0,75129.0
2017.05.16,13700.0,500.0,14250.0,14250.0,13650.0,152258.0
2017.05.17,13850.0,150.0,13650.0,14300.0,13650.0,131787.0
2017.05.18,13550.0,300.0,13550.0,13850.0,13400.0,104064.0
2017.05.19,13950.0,400.0,13550.0,14050.0,13550.0,85208.0
2017.05.22,13900.0,50.0,14100.0,14150.0,13800.0,65964.0
2017.05.23,13700.0,200.0,13850.0,13900.0,13650.0,118599.0
2017.05.24,14150.0,450.0,13650.0,14250.0,13650.0,210267.0
2017.05.25,14150.0,0.0,14200.0,14400.0,13900.0,122504.0
2017.05.26,14100.0,50.0,14150.0,14250.0,13950.0,71210.0
2017.05.29,14150.0,50.0,14150.0,14400.0,14050.0,80012.0
2017.05.30,14100.0,50.0,14000.0,14200.0,14000.0,111422.0
2017.05.31,14650.0,550.0,14200.0,14950.0,14000.0,484004.0
2017.06.01,12600.0,2050.0,13250.0,13450.0,12150.0,2586067.0
2017.06.02,12550.0,50.0,12900.0,12950.0,12300.0,886667.0
2017.06.05,12650.0,100.0,12550.0,12800.0,12450.0,417395.0
2017.06.07,12550.0,100.0,12700.0,12800.0,12450.0,390236.0
2017.06.08,12000.0,550.0,12500.0,12650.0,12000.0,686076.0
2017.06.09,11700.0,300.0,12050.0,12050.0,11550.0,853157.0
2017.06.12,11650.0,50.0,11800.0,11950.0,11600.0,324485.0
2017.06.13,11850.0,200.0,11700.0,11850.0,11650.0,237453.0
2017.06.14,11900.0,50.0,11800.0,11950.0,11750.0,286423.0
2017.06.15,11900.0,0.0,11900.0,12100.0,11750.0,263431.0
2017.06.16,11900.0,0.0,11850.0,11950.0,11500.0,298046.0
2017.06.19,11750.0,150.0,11950.0,11950.0,11700.0,190810.0
2017.06.20,11650.0,100.0,11800.0,11950.0,11650.0,240049.0
2017.06.21,11350.0,300.0,11700.0,11850.0,11250.0,344843.0
2017.06.22,10650.0,700.0,11350.0,11450.0,10650.0,854678.0
2017.06.23,11150.0,500.0,10950.0,11200.0,10850.0,507813.0
2017.06.26,11150.0,0.0,11300.0,11450.0,11050.0,343085.0
2017.06.27,11150.0,0.0,11200.0,11400.0,11150.0,197323.0
2017.06.28,11050.0,100.0,11150.0,11350.0,11050.0,205352.0
2017.06.29,11450.0,400.0,11100.0,11450.0,10900.0,321363.0
2017.06.30,11700.0,250.0,11550.0,11800.0,11300.0,435013.0
2017.07.03,11850.0,150.0,11900.0,12050.0,11750.0,333205.0
2017.07.04,11650.0,200.0,11950.0,12000.0,11550.0,227316.0
2017.07.05,11800.0,150.0,11650.0,11850.0,11600.0,136190.0
2017.07.06,11800.0,0.0,11800.0,11950.0,11800.0,129741.0
2017.07.07,12000.0,200.0,11850.0,12350.0,11750.0,461441.0
2017.07.10,12150.0,150.0,12150.0,12250.0,12000.0,205185.0
2017.07.11,11400.0,750.0,12050.0,12150.0,11350.0,420935.0
2017.07.12,11000.0,400.0,11450.0,11600.0,11000.0,238412.0
2017.07.13,10950.0,50.0,11050.0,11250.0,10750.0,216844.0
2017.07.14,10100.0,850.0,11000.0,11100.0,9990.0,997762.0
2017.07.17,9900.0,200.0,10100.0,10250.0,9860.0,612751.0
2017.07.18,9500.0,400.0,9890.0,9890.0,9390.0,933753.0
2017.07.19,9670.0,170.0,9550.0,9930.0,9550.0,872414.0
2017.07.20,9700.0,30.0,9660.0,9870.0,9650.0,402789.0
2017.07.21,9740.0,40.0,9730.0,9860.0,9610.0,303005.0
2017.07.24,9540.0,200.0,9800.0,9800.0,9540.0,237491.0
2017.07.25,9150.0,390.0,9580.0,9630.0,9080.0,625578.0
2017.07.26,9830.0,680.0,9150.0,10200.0,9150.0,1489489.0
2017.07.27,9730.0,100.0,9930.0,10200.0,9680.0,489888.0
2017.07.28,9910.0,180.0,9800.0,10100.0,9610.0,478584.0
2017.07.31,9500.0,410.0,9910.0,10100.0,9500.0,490284.0
2017.08.01,9860.0,360.0,9370.0,9980.0,9370.0,272419.0
2017.08.02,9810.0,50.0,9990.0,10150.0,9770.0,311940.0
2017.08.03,9690.0,120.0,9890.0,10050.0,9690.0,204311.0
2017.08.04,9610.0,80.0,9830.0,9930.0,9580.0,181741.0
2017.08.07,9910.0,300.0,9630.0,9980.0,9630.0,219078.0
2017.08.08,10000.0,90.0,9980.0,10700.0,9900.0,711334.0
2017.08.09,9800.0,200.0,9990.0,10050.0,9750.0,191835.0
2017.08.10,9670.0,130.0,9860.0,9980.0,9620.0,224378.0
2017.08.11,9270.0,400.0,9500.0,9640.0,9250.0,346121.0
2017.08.14,9410.0,140.0,9360.0,9580.0,9360.0,165205.0
2017.08.16,9370.0,40.0,9400.0,9520.0,9360.0,178180.0
2017.08.17,9450.0,80.0,9450.0,9600.0,9340.0,189817.0
2017.08.18,9820.0,370.0,9400.0,10150.0,9400.0,658954.0
2017.08.21,9840.0,20.0,9750.0,9860.0,9720.0,138878.0
2017.08.22,9620.0,220.0,9920.0,9920.0,9620.0,174701.0
2017.08.23,9560.0,60.0,9690.0,9690.0,9510.0,127164.0
2017.08.24,9530.0,30.0,9580.0,9670.0,9530.0,92257.0
2017.08.25,9660.0,130.0,9570.0,9710.0,9470.0,133290.0
2017.08.28,9710.0,50.0,9750.0,9930.0,9650.0,268757.0
2017.08.29,9620.0,90.0,9650.0,9720.0,9550.0,180068.0
2017.08.30,9520.0,100.0,9650.0,9670.0,9520.0,158086.0
2017.08.31,9570.0,50.0,9550.0,9600.0,9460.0,132457.0
2017.09.01,9740.0,170.0,9620.0,9880.0,9550.0,242343.0
2017.09.04,9460.0,280.0,9420.0,9620.0,9390.0,192212.0
2017.09.05,9470.0,10.0,9470.0,9580.0,9390.0,165257.0
2017.09.06,9400.0,70.0,9520.0,9540.0,9390.0,123971.0
2017.09.07,9380.0,20.0,9460.0,9510.0,9380.0,123670.0
2017.09.08,9100.0,280.0,9380.0,9450.0,9060.0,272934.0
2017.09.11,8590.0,510.0,9140.0,9150.0,8590.0,942539.0
2017.09.12,8310.0,280.0,8510.0,8590.0,8110.0,783752.0
2017.09.13,8180.0,130.0,8410.0,8440.0,8170.0,372084.0
2017.09.14,8320.0,140.0,8180.0,8400.0,8110.0,250615.0
2017.09.15,8210.0,110.0,8260.0,8400.0,8170.0,271309.0
2017.09.18,7940.0,270.0,8210.0,8300.0,7890.0,579011.0
2017.09.19,8210.0,270.0,7950.0,8300.0,7890.0,646675.0
2017.09.20,8470.0,260.0,8300.0,8830.0,8160.0,1094944.0
2017.09.21,8250.0,220.0,8530.0,8550.0,8170.0,326436.0
2017.09.22,8050.0,200.0,8300.0,8350.0,8050.0,282509.0
2017.09.25,6830.0,1220.0,8050.0,8070.0,6830.0,1280019.0
2017.09.26,7090.0,260.0,6650.0,7310.0,6650.0,756853.0
2017.09.27,7320.0,230.0,7140.0,7430.0,7140.0,326695.0
2017.09.28,7200.0,120.0,7500.0,8050.0,7200.0,1271512.0
2017.09.29,7690.0,490.0,7230.0,7690.0,7230.0,417943.0
2017.10.10,7610.0,80.0,7780.0,7800.0,7560.0,258033.0
2017.10.11,7640.0,30.0,7610.0,7750.0,7560.0,210457.0
2017.10.12,7850.0,210.0,7660.0,7850.0,7600.0,199209.0
2017.10.13,7400.0,450.0,7960.0,8000.0,7400.0,377142.0
2017.10.16,7600.0,200.0,7450.0,7790.0,7250.0,284566.0
2017.10.17,7490.0,110.0,7600.0,7630.0,7460.0,198003.0
2017.10.18,7660.0,170.0,7460.0,8040.0,7460.0,859616.0
2017.10.19,7690.0,30.0,7650.0,7690.0,7480.0,316167.0
2017.10.20,8030.0,340.0,7760.0,8190.0,7760.0,1003014.0
2017.10.23,7910.0,120.0,8030.0,8470.0,7880.0,922286.0
2017.10.24,8200.0,290.0,7860.0,8200.0,7850.0,380181.0
2017.10.25,8210.0,10.0,8200.0,8300.0,8060.0,336402.0
2017.10.26,8290.0,80.0,8210.0,8600.0,8160.0,537983.0
2017.10.27,8270.0,20.0,8340.0,8410.0,8140.0,306290.0
2017.10.30,8910.0,640.0,8300.0,8970.0,8240.0,940606.0
2017.10.31,8730.0,180.0,9060.0,9380.0,8700.0,1689552.0
2017.11.01,9290.0,560.0,8800.0,9340.0,8800.0,1339269.0
2017.11.02,9230.0,60.0,9410.0,9420.0,9110.0,639753.0
2017.11.03,9230.0,0.0,9280.0,9310.0,9080.0,451367.0
2017.11.06,9160.0,70.0,9300.0,9300.0,8960.0,369158.0
2017.11.07,9440.0,280.0,9190.0,9650.0,9110.0,803672.0
2017.11.08,9600.0,160.0,9500.0,9640.0,9400.0,540465.0
2017.11.09,9580.0,20.0,9600.0,9650.0,9380.0,325444.0
2017.11.10,9720.0,140.0,9580.0,9840.0,9550.0,414772.0
2017.11.13,10300.0,580.0,9790.0,10400.0,9660.0,993435.0
2017.11.14,11450.0,1150.0,10450.0,11900.0,10200.0,3232878.0
2017.11.15,11350.0,100.0,11450.0,11800.0,10900.0,1425996.0
2017.11.16,11400.0,50.0,11550.0,11600.0,10750.0,834863.0
2017.11.17,11150.0,250.0,11550.0,11550.0,10950.0,617851.0
2017.11.20,12050.0,900.0,11050.0,12300.0,11050.0,2014105.0
2017.11.21,11400.0,650.0,12100.0,12150.0,11350.0,1301920.0
2017.11.22,10550.0,850.0,11500.0,11550.0,10500.0,1419590.0
2017.11.23,10900.0,350.0,10550.0,11100.0,10300.0,811037.0
2017.11.24,10800.0,100.0,10950.0,11200.0,10650.0,537211.0
2017.11.27,10450.0,350.0,10750.0,11000.0,10300.0,504566.0
2017.11.28,10300.0,150.0,10600.0,10900.0,10300.0,515247.0
2017.11.29,10950.0,650.0,10500.0,11000.0,10350.0,770341.0
2017.11.30,10150.0,800.0,11050.0,11150.0,10150.0,912572.0
2017.12.01,10800.0,650.0,10450.0,10950.0,10350.0,493983.0
2017.12.04,10950.0,150.0,10850.0,11150.0,10650.0,537182.0
2017.12.05,10500.0,450.0,11000.0,11050.0,10500.0,405854.0
2017.12.06,10200.0,300.0,10600.0,10800.0,10100.0,455909.0
2017.12.07,9890.0,310.0,10200.0,10500.0,9830.0,601291.0
2017.12.08,9870.0,20.0,9800.0,10200.0,9750.0,443764.0
2017.12.11,10100.0,230.0,9910.0,10200.0,9910.0,260533.0
2017.12.12,10150.0,50.0,10200.0,10350.0,10000.0,271508.0
2017.12.13,10300.0,150.0,10200.0,10550.0,10150.0,379643.0
2017.12.14,9980.0,320.0,10350.0,10450.0,9970.0,562063.0
2017.12.15,10200.0,220.0,10050.0,10300.0,9990.0,219327.0
2017.12.18,10100.0,100.0,10250.0,10300.0,10100.0,175131.0
2017.12.19,10000.0,100.0,10200.0,10250.0,9770.0,252059.0
2017.12.20,10750.0,750.0,10000.0,10850.0,9820.0,919474.0
2017.12.21,10450.0,300.0,10750.0,11150.0,10350.0,995676.0
2017.12.22,10850.0,400.0,10450.0,10850.0,10350.0,508147.0
2017.12.26,10350.0,500.0,10700.0,11050.0,10350.0,904663.0
2017.12.27,10950.0,600.0,10600.0,11000.0,10500.0,880813.0
2017.12.28,10800.0,150.0,10900.0,11000.0,10700.0,411484.0
2018.01.02,11600.0,800.0,10900.0,11600.0,10800.0,1169562.0
2018.01.03,11300.0,300.0,11650.0,11700.0,11100.0,809128.0
2018.01.04,10550.0,750.0,11350.0,11350.0,10400.0,1142962.0
2018.01.05,10650.0,100.0,10550.0,10750.0,10400.0,620619.0
2018.01.08,10150.0,500.0,10750.0,10750.0,10050.0,879611.0
2018.01.09,10050.0,100.0,10150.0,10350.0,10050.0,518737.0
2018.01.10,10250.0,200.0,10150.0,10300.0,9950.0,472006.0
2018.01.11,10650.0,400.0,10350.0,10850.0,10000.0,743805.0
2018.01.12,10550.0,100.0,10700.0,10950.0,10450.0,907505.0
2018.01.15,11500.0,950.0,10550.0,11550.0,10200.0,1789202.0
2018.01.16,11400.0,100.0,11400.0,11550.0,11050.0,955148.0
2018.01.17,11450.0,50.0,11450.0,11850.0,11200.0,1259219.0
2018.01.18,12200.0,750.0,11400.0,12250.0,11050.0,2143020.0
2018.01.19,11700.0,500.0,12250.0,12400.0,11500.0,1389710.0
2018.01.22,11450.0,250.0,11800.0,11950.0,11400.0,720936.0
2018.01.23,11750.0,300.0,11650.0,11750.0,11450.0,576275.0
2018.01.24,12300.0,550.0,11950.0,12500.0,11750.0,1642781.0
2018.01.25,12000.0,300.0,12400.0,12400.0,11800.0,788450.0
2018.01.26,12000.0,0.0,12050.0,12050.0,11600.0,504791.0
2018.01.29,12100.0,100.0,12300.0,12800.0,11950.0,1372523.0
2018.01.30,11500.0,600.0,12000.0,12000.0,11450.0,994442.0
2018.01.31,11400.0,100.0,11300.0,11500.0,11050.0,608957.0
2018.02.01,11700.0,300.0,11400.0,11700.0,11350.0,451523.0
2018.02.02,11200.0,500.0,11650.0,11650.0,11100.0,386856.0
2018.02.05,10700.0,500.0,10900.0,11050.0,10650.0,432990.0
2018.02.06,10850.0,150.0,10150.0,10900.0,10050.0,639468.0
2018.02.07,10350.0,500.0,11000.0,11150.0,10350.0,467440.0
2018.02.08,11200.0,850.0,10250.0,11200.0,10250.0,660695.0
2018.02.09,10750.0,450.0,10750.0,10950.0,10650.0,354019.0
2018.02.12,11250.0,500.0,11050.0,12450.0,10800.0,2970666.0
2018.02.13,10900.0,350.0,11350.0,11600.0,10900.0,670322.0
2018.02.14,11000.0,100.0,10950.0,11300.0,10900.0,358428.0
2018.02.19,11500.0,500.0,11200.0,11550.0,11050.0,463627.0
2018.02.20,11150.0,350.0,11500.0,11550.0,11000.0,379099.0
2018.02.21,11150.0,0.0,11200.0,11450.0,11100.0,355120.0
2018.02.22,11000.0,150.0,11100.0,11150.0,10900.0,267811.0
2018.02.23,11150.0,150.0,11100.0,11150.0,10950.0,204220.0
2018.02.26,11400.0,250.0,11250.0,11750.0,11200.0,780401.0
2018.02.27,11200.0,200.0,11500.0,11700.0,11200.0,414724.0
2018.02.28,10750.0,450.0,11050.0,11300.0,10700.0,376229.0
2018.03.02,10700.0,50.0,10550.0,10900.0,10500.0,383217.0
2018.03.05,10250.0,450.0,10650.0,10700.0,10250.0,369502.0
2018.03.06,10650.0,400.0,10400.0,10650.0,10350.0,216276.0
2018.03.07,10500.0,150.0,10650.0,10850.0,10450.0,235843.0
2018.03.08,10800.0,300.0,10500.0,10800.0,10400.0,298320.0
2018.03.09,10850.0,50.0,10800.0,11050.0,10700.0,276713.0
2018.03.12,11100.0,250.0,10950.0,11150.0,10850.0,312088.0
2018.03.13,11400.0,300.0,11150.0,11400.0,11050.0,493611.0
2018.03.14,11350.0,50.0,11400.0,11450.0,11100.0,278819.0
2018.03.15,11300.0,50.0,11350.0,11350.0,11150.0,231182.0
2018.03.16,11650.0,350.0,11450.0,12100.0,11400.0,1683373.0
2018.03.19,11750.0,100.0,11450.0,11800.0,11250.0,556094.0
2018.03.20,13850.0,2100.0,11750.0,13900.0,11650.0,6895138.0
2018.03.21,13150.0,700.0,13700.0,14250.0,13050.0,4587700.0
2018.03.22,13600.0,450.0,13250.0,14600.0,13050.0,6031281.0
2018.03.23,12250.0,1350.0,13000.0,13600.0,12100.0,2400920.0
2018.03.26,12600.0,350.0,12300.0,12650.0,11800.0,1333141.0
2018.03.27,12200.0,400.0,12850.0,12850.0,12050.0,1195629.0
2018.03.28,11800.0,400.0,12000.0,12350.0,11450.0,1129828.0
2018.03.29,11750.0,50.0,11850.0,12200.0,11500.0,1062544.0
2018.03.30,12750.0,1000.0,12200.0,13150.0,12050.0,3304074.0
2018.04.02,13050.0,300.0,12900.0,13550.0,12900.0,1809125.0
2018.04.03,13150.0,100.0,13050.0,13650.0,12950.0,1353680.0
2018.04.04,12700.0,450.0,13250.0,13350.0,12350.0,1109269.0
2018.04.05,13450.0,750.0,12850.0,13650.0,12650.0,1504849.0
2018.04.06,13450.0,0.0,13450.0,13800.0,13050.0,1001320.0
2018.04.09,16450.0,3000.0,13550.0,17100.0,13350.0,10553073.0
2018.04.10,16100.0,350.0,16500.0,16500.0,15600.0,3734656.0
2018.04.11,16500.0,400.0,16150.0,18650.0,15900.0,9331938.0
2018.04.12,15800.0,700.0,16450.0,17250.0,15600.0,3088309.0
2018.04.13,17150.0,1350.0,15650.0,17150.0,15150.0,3656806.0
2018.04.16,16900.0,250.0,17150.0,17850.0,16800.0,2500963.0
2018.04.17,16600.0,300.0,17100.0,17100.0,16000.0,1667430.0
2018.04.18,16100.0,500.0,16850.0,17550.0,15950.0,2438017.0
2018.04.19,15800.0,300.0,15800.0,16250.0,15100.0,1468038.0
2018.04.20,15950.0,150.0,15800.0,16450.0,15550.0,996453.0
2018.04.23,15500.0,450.0,15850.0,16150.0,15200.0,938599.0
2018.04.24,15400.0,100.0,15650.0,15850.0,15350.0,711068.0
2018.04.25,15250.0,150.0,15150.0,15700.0,15050.0,579170.0
2018.04.26,15600.0,350.0,15600.0,16100.0,15450.0,818708.0
2018.04.27,15800.0,200.0,15900.0,15900.0,15450.0,536795.0
2018.04.30,14900.0,900.0,15800.0,15800.0,14200.0,1269167.0
2018.05.02,14300.0,600.0,14500.0,14850.0,13850.0,1046175.0
2018.05.03,13900.0,400.0,14550.0,14650.0,13900.0,516024.0
2018.05.04,13500.0,400.0,13950.0,14100.0,13400.0,856412.0
2018.05.08,12700.0,800.0,13600.0,13950.0,12700.0,761517.0
2018.05.09,13800.0,1100.0,12900.0,13850.0,12550.0,884479.0
2018.05.10,13350.0,450.0,13850.0,13850.0,13150.0,578389.0
2018.05.11,13450.0,100.0,13400.0,14000.0,13200.0,599509.0
2018.05.14,12900.0,550.0,13600.0,13700.0,12800.0,632829.0
2018.05.15,13000.0,100.0,12950.0,13250.0,12700.0,458057.0
2018.05.16,12850.0,150.0,13000.0,13400.0,12750.0,567712.0
2018.05.17,12500.0,350.0,12850.0,13100.0,12400.0,455824.0
2018.05.18,13350.0,850.0,12750.0,13400.0,12750.0,752173.0
2018.05.21,13400.0,50.0,13450.0,13700.0,13200.0,490744.0
2018.05.23,12600.0,800.0,13300.0,13400.0,12600.0,695457.0
2018.05.24,13000.0,400.0,12750.0,13250.0,12750.0,411100.0
2018.05.25,13200.0,200.0,13000.0,13400.0,12900.0,442532.0
2018.05.28,13400.0,200.0,12800.0,13450.0,12750.0,491227.0
2018.05.29,12900.0,500.0,13450.0,13750.0,12900.0,526837.0
2018.05.30,12800.0,100.0,13000.0,13000.0,12500.0,384995.0
2018.05.31,12950.0,150.0,13050.0,13150.0,12750.0,652376.0
2018.06.01,13150.0,200.0,12950.0,13400.0,12800.0,410759.0
2018.06.04,12600.0,550.0,13250.0,13400.0,12600.0,480105.0
2018.06.05,12600.0,0.0,12700.0,12850.0,12550.0,289769.0
2018.06.07,13100.0,500.0,12650.0,13100.0,12550.0,359238.0
2018.06.08,12900.0,200.0,13050.0,13350.0,12900.0,249393.0
2018.06.11,12650.0,250.0,12950.0,13100.0,12650.0,294785.0
2018.06.12,12600.0,50.0,12700.0,12950.0,12450.0,435473.0
2018.06.14,12100.0,500.0,12600.0,12650.0,12000.0,548296.0
2018.06.15,11600.0,500.0,12250.0,12350.0,11600.0,558650.0
2018.06.18,11250.0,350.0,11500.0,12150.0,11000.0,831118.0
2018.06.19,10350.0,900.0,11300.0,11400.0,10300.0,1029369.0
2018.06.20,10750.0,400.0,10350.0,10900.0,10350.0,534217.0
2018.06.21,10450.0,300.0,10750.0,11050.0,10450.0,371252.0
2018.06.22,10900.0,450.0,10450.0,10900.0,10400.0,280455.0
2018.06.25,11100.0,200.0,11000.0,11200.0,10750.0,219138.0
2018.06.26,11150.0,50.0,10950.0,11250.0,10750.0,181177.0
2018.06.27,10750.0,400.0,11100.0,11400.0,10750.0,296120.0
2018.06.28,10400.0,350.0,10650.0,10950.0,10400.0,279130.0
2018.06.29,10750.0,350.0,10550.0,10750.0,10100.0,228162.0
2018.07.02,9950.0,800.0,10800.0,10800.0,9950.0,414913.0
2018.07.03,9940.0,10.0,9980.0,10250.0,9680.0,341642.0
2018.07.04,10300.0,360.0,9880.0,10400.0,9880.0,294893.0
2018.07.05,10500.0,200.0,10300.0,10500.0,10050.0,228594.0
2018.07.06,10550.0,50.0,10500.0,10600.0,10100.0,249872.0
2018.07.09,10700.0,150.0,10500.0,10950.0,10400.0,264214.0
2018.07.10,10700.0,0.0,10800.0,11000.0,10650.0,144087.0
2018.07.11,10400.0,300.0,10750.0,10750.0,10400.0,147849.0
2018.07.12,11050.0,650.0,10400.0,11200.0,10350.0,319892.0
2018.07.13,10800.0,250.0,11000.0,11000.0,10600.0,371208.0
2018.07.16,10650.0,150.0,10800.0,10900.0,10550.0,177637.0
2018.07.17,10500.0,150.0,10600.0,10700.0,10450.0,119047.0
2018.07.18,10500.0,0.0,10600.0,10850.0,10400.0,184553.0
2018.07.19,10250.0,250.0,10550.0,10600.0,10250.0,196001.0
2018.07.20,10200.0,50.0,10250.0,10500.0,10050.0,203011.0
2018.07.23,9700.0,500.0,10200.0,10250.0,9690.0,354630.0
2018.07.24,9810.0,110.0,9660.0,10100.0,9600.0,242066.0
2018.07.25,9090.0,720.0,9810.0,9900.0,9000.0,544278.0
2018.07.26,9600.0,510.0,9160.0,9690.0,9160.0,304037.0
2018.07.27,9450.0,150.0,9520.0,9670.0,9420.0,146574.0
2018.07.30,9400.0,50.0,9350.0,9600.0,9210.0,171015.0
2018.07.31,9600.0,200.0,9410.0,9640.0,9320.0,123736.0
2018.08.01,10200.0,600.0,9660.0,10500.0,9640.0,405732.0
2018.08.02,9930.0,270.0,10200.0,10250.0,9920.0,199331.0
2018.08.03,10100.0,170.0,10000.0,10200.0,9920.0,115863.0
2018.08.06,9980.0,120.0,10100.0,10300.0,9980.0,128095.0
2018.08.07,10350.0,370.0,10000.0,10700.0,9980.0,457096.0
2018.08.08,10400.0,50.0,10550.0,10650.0,10300.0,280115.0
2018.08.09,10750.0,350.0,10700.0,11050.0,10600.0,713926.0
2018.08.10,10900.0,150.0,10650.0,10950.0,10500.0,380683.0
2018.08.13,10400.0,500.0,10850.0,11000.0,10350.0,303285.0
2018.08.14,10400.0,0.0,10400.0,10700.0,10300.0,147889.0
2018.08.16,9970.0,430.0,10100.0,10250.0,9660.0,407461.0
2018.08.17,10700.0,730.0,10050.0,10850.0,9980.0,423350.0
2018.08.20,10700.0,0.0,10750.0,11000.0,10600.0,246085.0
2018.08.21,11600.0,900.0,10800.0,11750.0,10800.0,982406.0
2018.08.22,11350.0,250.0,11650.0,11650.0,11300.0,292502.0
2018.08.23,11650.0,300.0,11350.0,11650.0,11200.0,272603.0
2018.08.24,11700.0,50.0,11600.0,11850.0,11350.0,352918.0
2018.08.27,11750.0,50.0,11700.0,11850.0,11550.0,255632.0
2018.08.28,11450.0,300.0,11800.0,11900.0,11350.0,275778.0
2018.08.29,11450.0,0.0,11450.0,11700.0,11400.0,155216.0
2018.08.30,11650.0,200.0,11500.0,11850.0,11500.0,184057.0
2018.08.31,11950.0,300.0,11650.0,12000.0,11550.0,417168.0
2018.09.03,12650.0,700.0,11850.0,12850.0,11850.0,794087.0
2018.09.04,12600.0,50.0,12750.0,12850.0,12400.0,399745.0
2018.09.05,12150.0,450.0,12600.0,12800.0,12150.0,358939.0
2018.09.06,12050.0,100.0,12150.0,12350.0,11950.0,350090.0
2018.09.07,12000.0,50.0,12050.0,12250.0,11800.0,196259.0
2018.09.10,11700.0,300.0,12050.0,12150.0,11650.0,196230.0
2018.09.11,12300.0,600.0,11750.0,12350.0,11700.0,308842.0
2018.09.12,12100.0,200.0,12350.0,12400.0,12100.0,211288.0
2018.09.13,12050.0,50.0,12200.0,12300.0,11850.0,222516.0
2018.09.14,12400.0,350.0,12150.0,12550.0,11950.0,391906.0
2018.09.17,12150.0,250.0,12400.0,12500.0,12050.0,197457.0
2018.09.18,12200.0,50.0,12000.0,12450.0,11950.0,243153.0
