date,close,diff,open,high,low,volume
2011.05.02,4770.0,840.0,5610.0,5890.0,4770.0,1495851.0
2011.05.03,5480.0,710.0,4980.0,5480.0,4910.0,258218.0
2011.05.04,6300.0,820.0,6300.0,6300.0,6300.0,80272.0
2011.05.06,5800.0,500.0,6600.0,7150.0,5750.0,4876704.0
2011.05.09,5300.0,500.0,5930.0,6060.0,5140.0,1968465.0
2011.05.11,5000.0,300.0,5360.0,5880.0,4930.0,2073369.0
2011.05.12,5270.0,270.0,4970.0,5510.0,4960.0,2170791.0
2011.05.13,5000.0,270.0,5330.0,5670.0,4980.0,774165.0
2011.05.16,4700.0,300.0,5050.0,5070.0,4700.0,529985.0
2011.05.17,4480.0,220.0,4710.0,4950.0,4400.0,693556.0
2011.05.18,4425.0,55.0,4550.0,4730.0,4400.0,693716.0
2011.05.19,4565.0,140.0,4510.0,4950.0,4410.0,1124581.0
2011.05.20,4450.0,115.0,4620.0,4740.0,4430.0,492823.0
2011.05.23,4095.0,355.0,4480.0,4620.0,4085.0,373931.0
2011.05.24,4040.0,55.0,4030.0,4155.0,3770.0,334284.0
2011.05.25,3800.0,240.0,4050.0,4150.0,3780.0,187062.0
2011.05.26,4370.0,570.0,3900.0,4370.0,3835.0,601922.0
2011.05.27,4150.0,220.0,4535.0,4600.0,4110.0,858518.0
2011.05.30,4410.0,260.0,4300.0,4450.0,4145.0,580036.0
2011.05.31,4240.0,170.0,4465.0,4465.0,4180.0,368347.0
2011.06.01,4060.0,180.0,4240.0,4295.0,4040.0,140770.0
2011.06.02,4085.0,25.0,4000.0,4210.0,3900.0,160743.0
2011.06.03,4010.0,75.0,4090.0,4185.0,3975.0,95053.0
2011.06.07,3960.0,50.0,3965.0,4050.0,3960.0,68047.0
2011.06.08,4200.0,240.0,4030.0,4380.0,4000.0,342649.0
2011.06.09,4275.0,75.0,4250.0,4470.0,4225.0,314739.0
2011.06.10,4150.0,125.0,4305.0,4330.0,4040.0,88972.0
2011.06.13,4295.0,145.0,4100.0,4295.0,4050.0,81295.0
2011.06.14,4935.0,640.0,4420.0,4935.0,4400.0,410193.0
2011.06.15,5000.0,65.0,5400.0,5530.0,4735.0,1187124.0
2011.06.16,5750.0,750.0,5120.0,5750.0,5020.0,2620474.0
2011.06.17,5560.0,190.0,5930.0,6090.0,5400.0,2934100.0
2011.06.20,5540.0,20.0,5610.0,5900.0,5350.0,1612613.0
2011.06.21,5670.0,130.0,5680.0,6170.0,5450.0,2611825.0
2011.06.22,5480.0,190.0,5750.0,6030.0,5410.0,1442241.0
2011.06.23,5310.0,170.0,5450.0,5660.0,5280.0,948489.0
2011.06.24,5220.0,90.0,5350.0,5420.0,5130.0,600970.0
2011.06.27,5090.0,130.0,5280.0,5550.0,5010.0,851800.0
2011.06.28,5190.0,100.0,5100.0,5310.0,5030.0,447820.0
2011.06.29,5080.0,110.0,5300.0,5430.0,5080.0,473319.0
2011.06.30,5180.0,100.0,5100.0,5220.0,5060.0,239439.0
2011.07.01,5340.0,160.0,5230.0,5340.0,5090.0,438807.0
2011.07.04,5380.0,40.0,5410.0,5610.0,5310.0,824547.0
2011.07.05,5520.0,140.0,5470.0,5550.0,5330.0,429670.0
2011.07.06,5490.0,30.0,5550.0,5610.0,5400.0,343769.0
2011.07.07,5410.0,80.0,5560.0,5580.0,5400.0,342954.0
2011.07.08,5480.0,70.0,5410.0,5500.0,5360.0,168988.0
2011.07.11,5910.0,430.0,5590.0,6200.0,5520.0,1364804.0
2011.07.12,5670.0,240.0,5910.0,6000.0,5620.0,409361.0
2011.07.13,5200.0,470.0,5710.0,5840.0,4820.0,761178.0
2011.07.14,5150.0,50.0,5370.0,5370.0,5150.0,150190.0
2011.07.15,5300.0,150.0,5050.0,5310.0,5040.0,160995.0
2011.07.18,5300.0,0.0,5310.0,5370.0,5210.0,124525.0
2011.07.19,5500.0,200.0,5330.0,5570.0,5330.0,156252.0
2011.07.20,5490.0,10.0,5540.0,5600.0,5420.0,138224.0
2011.07.21,5500.0,10.0,5600.0,5730.0,5460.0,171090.0
2011.07.22,5500.0,0.0,5600.0,5660.0,5500.0,101936.0
2011.07.25,5570.0,70.0,5570.0,5670.0,5500.0,116376.0
2011.07.26,5690.0,120.0,5700.0,5860.0,5610.0,214023.0
2011.07.27,6110.0,420.0,5680.0,6110.0,5680.0,351177.0
2011.07.28,6200.0,90.0,6050.0,6390.0,5950.0,272087.0
2011.07.29,6300.0,100.0,6310.0,6480.0,6170.0,257090.0
2011.08.01,6080.0,220.0,6400.0,6430.0,6050.0,210562.0
2011.08.02,5770.0,310.0,6080.0,6150.0,5770.0,163060.0
2011.08.03,5580.0,190.0,5650.0,5750.0,5260.0,257856.0
2011.08.04,5690.0,110.0,5600.0,5870.0,5590.0,173470.0
2011.08.05,5370.0,320.0,5210.0,5410.0,5200.0,132054.0
2011.08.08,4805.0,565.0,5070.0,5430.0,4615.0,127582.0
2011.08.09,4265.0,540.0,4675.0,4675.0,4085.0,203866.0
2011.08.10,4480.0,215.0,4500.0,4585.0,4440.0,137948.0
2011.08.11,4590.0,110.0,4150.0,4635.0,4150.0,86384.0
2011.08.12,4700.0,110.0,4710.0,4910.0,4655.0,120399.0
2011.08.16,5400.0,700.0,4840.0,5400.0,4840.0,347549.0
2011.08.17,5290.0,110.0,5320.0,5550.0,5060.0,155949.0
2011.08.18,5400.0,110.0,5370.0,5560.0,5150.0,260616.0
2011.08.19,4880.0,520.0,5150.0,5340.0,4780.0,244653.0
2011.08.22,4705.0,175.0,4910.0,5100.0,4590.0,104224.0
2011.08.23,4850.0,145.0,4850.0,4930.0,4700.0,52454.0
2011.08.24,4850.0,0.0,4910.0,5020.0,4800.0,58088.0
2011.08.25,4790.0,60.0,4855.0,5000.0,4720.0,36199.0
2011.08.26,4730.0,60.0,4650.0,4790.0,4590.0,31486.0
2011.08.29,4855.0,125.0,4770.0,4930.0,4710.0,62037.0
2011.08.30,4840.0,15.0,4860.0,4955.0,4755.0,69325.0
2011.08.31,4935.0,95.0,4845.0,4935.0,4750.0,58093.0
2011.09.01,5050.0,115.0,4970.0,5240.0,4945.0,75928.0
2011.09.02,5100.0,50.0,4950.0,5100.0,4900.0,29889.0
2011.09.05,4990.0,110.0,5060.0,5060.0,4750.0,48350.0
2011.09.06,4770.0,220.0,4850.0,4850.0,4610.0,44802.0
2011.09.07,4885.0,115.0,4900.0,4930.0,4680.0,36614.0
2011.09.08,4845.0,40.0,4965.0,4965.0,4655.0,42501.0
2011.09.09,4840.0,5.0,4840.0,4895.0,4670.0,31503.0
2011.09.14,4640.0,200.0,4840.0,4890.0,4580.0,35442.0
2011.09.15,4480.0,160.0,4525.0,4805.0,4380.0,55478.0
2011.09.16,4590.0,110.0,4510.0,4630.0,4500.0,29532.0
2011.09.19,4500.0,90.0,4630.0,4650.0,4500.0,38939.0
2011.09.20,4645.0,145.0,4495.0,4650.0,4400.0,20991.0
2011.09.21,4735.0,90.0,4605.0,4785.0,4605.0,19700.0
2011.09.22,4635.0,100.0,4530.0,4730.0,4500.0,44449.0
2011.09.23,4260.0,375.0,4565.0,4565.0,4240.0,49890.0
2011.09.26,4085.0,175.0,4210.0,4595.0,3715.0,142083.0
2011.09.27,4290.0,205.0,4020.0,4290.0,4020.0,52585.0
2011.09.28,4290.0,0.0,4290.0,4370.0,4180.0,28101.0
2011.09.29,4500.0,210.0,4300.0,4930.0,3820.0,732663.0
2011.09.30,4445.0,55.0,4550.0,4635.0,4430.0,96905.0
2011.10.04,4250.0,195.0,4290.0,4330.0,4010.0,58990.0
2011.10.05,4035.0,215.0,4255.0,4290.0,3950.0,52789.0
2011.10.06,4105.0,70.0,4040.0,4190.0,4040.0,33643.0
2011.10.07,4155.0,50.0,4230.0,4285.0,4105.0,34083.0
2011.10.10,4160.0,5.0,4125.0,4215.0,4100.0,27700.0
2011.10.11,4155.0,5.0,4365.0,4365.0,4155.0,33064.0
2011.10.12,4195.0,40.0,4160.0,4210.0,4100.0,45687.0
2011.10.13,4490.0,295.0,4285.0,4580.0,4170.0,91978.0
2011.10.14,4500.0,10.0,4470.0,4660.0,4410.0,28628.0
2011.10.17,4575.0,75.0,4795.0,4795.0,4450.0,49687.0
2011.10.18,4500.0,75.0,4350.0,4540.0,4185.0,23451.0
2011.10.19,4520.0,20.0,4550.0,4565.0,4480.0,15731.0
2011.10.20,4400.0,120.0,4600.0,4780.0,4400.0,77573.0
2011.10.21,4410.0,10.0,4630.0,4645.0,4410.0,50943.0
2011.10.24,4605.0,195.0,4475.0,4615.0,4400.0,31465.0
2011.10.25,4590.0,15.0,4700.0,4700.0,4490.0,92224.0
2011.10.26,4925.0,335.0,4480.0,5030.0,4480.0,169778.0
2011.10.27,5480.0,555.0,5360.0,5630.0,5160.0,614589.0
2011.10.28,5990.0,510.0,5590.0,6150.0,5480.0,761347.0
2011.10.31,5970.0,20.0,6030.0,6200.0,5690.0,291853.0
2011.11.01,6180.0,210.0,5880.0,6360.0,5880.0,500896.0
2011.11.02,6180.0,0.0,5910.0,6190.0,5850.0,180333.0
2011.11.03,6000.0,180.0,6190.0,6290.0,5910.0,83413.0
2011.11.04,5960.0,40.0,6150.0,6230.0,5800.0,132819.0
2011.11.07,5960.0,0.0,6130.0,6130.0,5930.0,87573.0
2011.11.08,5720.0,240.0,5940.0,5990.0,5680.0,207465.0
2011.11.09,6400.0,680.0,5810.0,6570.0,4870.0,1295378.0
2011.11.10,6090.0,310.0,6190.0,6300.0,5880.0,278308.0
2011.11.11,6580.0,490.0,6150.0,7000.0,6090.0,1007980.0
2011.11.14,6660.0,80.0,6600.0,6890.0,6470.0,391457.0
2011.11.15,6580.0,80.0,6730.0,6770.0,6450.0,243753.0
2011.11.16,6080.0,500.0,6520.0,6730.0,6080.0,273068.0
2011.11.17,6400.0,320.0,6110.0,6400.0,5860.0,196150.0
2011.11.18,6130.0,270.0,6200.0,6350.0,6080.0,126147.0
2011.11.21,5830.0,300.0,6130.0,6200.0,5830.0,140599.0
2011.11.22,5990.0,160.0,5790.0,6020.0,5670.0,144260.0
2011.11.23,5680.0,310.0,6040.0,6050.0,5620.0,112670.0
2011.11.24,5610.0,70.0,5510.0,5820.0,5510.0,84234.0
2011.11.25,5460.0,150.0,5610.0,5840.0,5290.0,155419.0
2011.11.28,5550.0,90.0,5740.0,5790.0,5440.0,176435.0
2011.11.29,5500.0,50.0,5620.0,5690.0,5390.0,181599.0
2011.11.30,5550.0,50.0,5470.0,5650.0,5380.0,148082.0
2011.12.01,5800.0,250.0,5680.0,5990.0,5590.0,199346.0
2011.12.02,5840.0,40.0,5800.0,5920.0,5660.0,56500.0
2011.12.05,5940.0,100.0,5990.0,6180.0,5810.0,226133.0
2011.12.06,5700.0,240.0,5940.0,5980.0,5610.0,126745.0
2011.12.07,5610.0,90.0,5780.0,5790.0,5450.0,110010.0
2011.12.08,5590.0,20.0,5610.0,5690.0,5400.0,66317.0
2011.12.09,5700.0,110.0,5430.0,5720.0,5400.0,93413.0
2011.12.12,5740.0,40.0,5740.0,5820.0,5630.0,106513.0
2011.12.13,5700.0,40.0,5740.0,5760.0,5600.0,64750.0
2011.12.14,5750.0,50.0,5790.0,5910.0,5700.0,86239.0
2011.12.15,5470.0,280.0,5580.0,5750.0,5460.0,77717.0
2011.12.16,5580.0,110.0,5630.0,5630.0,5410.0,31932.0
2011.12.19,5200.0,380.0,5590.0,5590.0,4970.0,106201.0
2011.12.20,5240.0,40.0,5100.0,5310.0,5100.0,62166.0
2011.12.21,5490.0,250.0,5340.0,5490.0,5290.0,70513.0
2011.12.22,5450.0,40.0,5490.0,5520.0,5370.0,42392.0
2011.12.23,5360.0,90.0,5500.0,5500.0,5240.0,74201.0
2011.12.26,5390.0,30.0,5340.0,5470.0,5300.0,51794.0
2011.12.27,5330.0,60.0,5310.0,5440.0,5240.0,51832.0
2011.12.28,5260.0,70.0,5300.0,5370.0,5210.0,34695.0
2011.12.29,6040.0,780.0,5280.0,6040.0,5280.0,568078.0
2012.01.02,6200.0,160.0,6040.0,6260.0,5940.0,278824.0
2012.01.03,6190.0,10.0,6210.0,6210.0,6000.0,130110.0
2012.01.04,6190.0,0.0,6200.0,6830.0,6180.0,632187.0
2012.01.05,6450.0,260.0,6390.0,6600.0,6190.0,333238.0
2012.01.06,6480.0,30.0,6450.0,6560.0,6300.0,162654.0
2012.01.09,6480.0,0.0,6340.0,6530.0,6250.0,124175.0
2012.01.10,6600.0,120.0,6490.0,6750.0,6460.0,168485.0
2012.01.11,6440.0,160.0,6580.0,6680.0,6370.0,131761.0
2012.01.12,6860.0,420.0,6450.0,7120.0,6450.0,325543.0
2012.01.13,6850.0,10.0,6950.0,6990.0,6700.0,121218.0
2012.01.16,6990.0,140.0,6750.0,6990.0,6680.0,143583.0
2012.01.17,7040.0,50.0,6990.0,7100.0,6900.0,155137.0
2012.01.18,7400.0,360.0,7110.0,7890.0,7110.0,660879.0
2012.01.19,7440.0,40.0,7400.0,7620.0,7300.0,146196.0
2012.01.20,7190.0,250.0,7400.0,7480.0,7090.0,116738.0
2012.01.25,7000.0,190.0,7180.0,7180.0,6820.0,113833.0
2012.01.26,7170.0,170.0,6910.0,7420.0,6880.0,122032.0
2012.01.27,7150.0,20.0,7360.0,7360.0,7100.0,64352.0
2012.01.30,7050.0,100.0,7100.0,7130.0,6960.0,69703.0
2012.01.31,7020.0,30.0,7080.0,7120.0,6960.0,75527.0
2012.02.01,6990.0,30.0,7020.0,7140.0,6890.0,70216.0
2012.02.02,6920.0,70.0,6920.0,6950.0,6780.0,114330.0
2012.02.03,6810.0,110.0,6880.0,6950.0,6800.0,72037.0
2012.02.06,6810.0,0.0,6750.0,7090.0,6740.0,77007.0
2012.02.07,7000.0,190.0,6780.0,7070.0,6780.0,99800.0
2012.02.08,6920.0,80.0,7000.0,7070.0,6910.0,63072.0
2012.02.09,7170.0,250.0,6870.0,7170.0,6860.0,119154.0
2012.02.10,7750.0,580.0,7240.0,7850.0,7240.0,340745.0
2012.02.13,7550.0,200.0,7710.0,7890.0,7540.0,184994.0
2012.02.14,7550.0,0.0,7510.0,7640.0,7320.0,177455.0
2012.02.15,7510.0,40.0,7670.0,7670.0,7450.0,113384.0
2012.02.16,7600.0,90.0,7420.0,7610.0,7410.0,91616.0
2012.02.17,7200.0,400.0,7680.0,7680.0,7090.0,179651.0
2012.02.20,7090.0,110.0,7120.0,7200.0,6970.0,130371.0
2012.02.21,7080.0,10.0,7090.0,7110.0,6970.0,70655.0
2012.02.22,7130.0,50.0,7030.0,7270.0,7030.0,60003.0
2012.02.23,7180.0,50.0,7250.0,7250.0,7000.0,53887.0
2012.02.24,7300.0,120.0,7190.0,7320.0,7150.0,57389.0
2012.02.27,7120.0,180.0,7320.0,7360.0,7120.0,81533.0
2012.02.28,7100.0,20.0,7120.0,7250.0,7010.0,38341.0
2012.02.29,7160.0,60.0,7120.0,7240.0,7020.0,36181.0
2012.03.02,7100.0,60.0,7290.0,7290.0,7080.0,123055.0
2012.03.05,7190.0,90.0,7200.0,7200.0,7020.0,59779.0
2012.03.06,7080.0,110.0,7190.0,7240.0,6990.0,131703.0
2012.03.07,6940.0,140.0,7000.0,7080.0,6750.0,80771.0
2012.03.08,6950.0,10.0,6940.0,7100.0,6850.0,71618.0
2012.03.09,7050.0,100.0,7130.0,7130.0,6900.0,23575.0
2012.03.12,6980.0,70.0,7110.0,7110.0,6950.0,30763.0
2012.03.13,7030.0,50.0,6960.0,7100.0,6960.0,27416.0
2012.03.14,7070.0,40.0,7050.0,7120.0,6950.0,54332.0
2012.03.15,7000.0,70.0,7050.0,7150.0,6900.0,78749.0
2012.03.16,6940.0,60.0,7070.0,7070.0,6020.0,78729.0
2012.03.19,6850.0,90.0,6900.0,6980.0,6850.0,42681.0
2012.03.20,6840.0,10.0,6850.0,7120.0,6790.0,96869.0
2012.03.21,6900.0,60.0,6840.0,6970.0,6810.0,136573.0
2012.03.22,7200.0,300.0,6990.0,7230.0,6970.0,125667.0
2012.03.23,7300.0,100.0,7200.0,7470.0,7120.0,81497.0
2012.03.26,7530.0,230.0,7310.0,7630.0,7310.0,180347.0
2012.03.27,7510.0,20.0,7480.0,7800.0,7450.0,118361.0
2012.03.28,7530.0,20.0,7500.0,7590.0,7490.0,179440.0
2012.03.29,7750.0,220.0,7730.0,7870.0,7600.0,131904.0
2012.03.30,7730.0,20.0,7790.0,7890.0,7680.0,44708.0
2012.04.02,7640.0,90.0,7790.0,7800.0,7400.0,117214.0
2012.04.03,7570.0,70.0,7460.0,7660.0,7400.0,132792.0
2012.04.04,7400.0,170.0,7600.0,7600.0,7250.0,120763.0
2012.04.05,7590.0,190.0,7250.0,7740.0,7200.0,342573.0
2012.04.06,7590.0,0.0,7590.0,7700.0,7480.0,59551.0
2012.04.09,7210.0,380.0,7600.0,7600.0,7210.0,89222.0
2012.04.10,6860.0,350.0,7150.0,7280.0,6860.0,140436.0
2012.04.12,7000.0,140.0,6750.0,7020.0,6750.0,48505.0
2012.04.13,7400.0,400.0,7130.0,7430.0,7100.0,66279.0
2012.04.16,7320.0,80.0,7400.0,7480.0,7280.0,49407.0
2012.04.17,7330.0,10.0,7440.0,7440.0,7260.0,44619.0
2012.04.18,7470.0,140.0,7450.0,7740.0,7340.0,149690.0
2012.04.19,7510.0,40.0,7420.0,7530.0,7420.0,27918.0
2012.04.20,7470.0,40.0,7530.0,7530.0,7300.0,46179.0
2012.04.23,7220.0,250.0,7490.0,7490.0,7210.0,76536.0
2012.04.24,7000.0,220.0,7160.0,7300.0,6900.0,57232.0
2012.04.25,7130.0,130.0,7000.0,7180.0,7000.0,45331.0
2012.04.26,7160.0,30.0,7070.0,7290.0,7050.0,36717.0
2012.04.27,7170.0,10.0,7160.0,7190.0,7080.0,46138.0
2012.04.30,7300.0,130.0,7120.0,7390.0,7120.0,58213.0
2012.05.02,7370.0,70.0,7330.0,7480.0,7300.0,71332.0
2012.05.03,7660.0,290.0,7480.0,7710.0,7410.0,178417.0
2012.05.04,7990.0,330.0,7700.0,8080.0,7630.0,211769.0
2012.05.07,7870.0,120.0,7900.0,8360.0,7870.0,254752.0
2012.05.08,7760.0,110.0,7960.0,8080.0,7750.0,137782.0
2012.05.09,7600.0,160.0,7760.0,7800.0,7540.0,99683.0
2012.05.10,7920.0,320.0,7550.0,7930.0,7550.0,89255.0
2012.05.11,7840.0,80.0,7970.0,8060.0,7810.0,94732.0
2012.05.14,7890.0,50.0,7900.0,8150.0,7820.0,88649.0
2012.05.15,7730.0,160.0,7850.0,7940.0,7560.0,57161.0
2012.05.16,7350.0,380.0,7730.0,7730.0,7240.0,64234.0
2012.05.17,7230.0,120.0,7200.0,7400.0,7200.0,46770.0
2012.05.18,6950.0,280.0,7200.0,7200.0,6920.0,89259.0
2012.05.21,6800.0,150.0,6860.0,7190.0,6800.0,34514.0
2012.05.22,7000.0,200.0,6870.0,7090.0,6870.0,21634.0
2012.05.23,6910.0,90.0,7000.0,7150.0,6890.0,24124.0
2012.05.24,7030.0,120.0,6730.0,7120.0,6730.0,27154.0
2012.05.25,7030.0,0.0,7120.0,7120.0,6950.0,20416.0
2012.05.29,7060.0,30.0,7030.0,7100.0,7010.0,39041.0
2012.05.30,7010.0,50.0,7060.0,7090.0,6930.0,16621.0
2012.05.31,6860.0,150.0,7080.0,7080.0,6800.0,42909.0
2012.06.01,7140.0,280.0,7010.0,7160.0,6780.0,74268.0
2012.06.04,6890.0,250.0,6910.0,7050.0,6810.0,47120.0
2012.06.05,6860.0,30.0,6890.0,7100.0,6830.0,52093.0
2012.06.07,6980.0,120.0,6950.0,7210.0,6950.0,50288.0
2012.06.08,7000.0,20.0,7070.0,7070.0,6910.0,44255.0
2012.06.11,7420.0,420.0,7140.0,7430.0,7030.0,123419.0
2012.06.12,7380.0,40.0,7300.0,7560.0,7300.0,68892.0
2012.06.13,7650.0,270.0,7480.0,7680.0,7320.0,95095.0
2012.06.14,7640.0,10.0,7570.0,7720.0,7570.0,46542.0
2012.06.15,7550.0,90.0,7560.0,7700.0,7490.0,44991.0
2012.06.18,7580.0,30.0,7560.0,7770.0,7560.0,38234.0
2012.06.19,7890.0,310.0,7690.0,7960.0,7640.0,167309.0
2012.06.20,7890.0,0.0,7980.0,7980.0,7820.0,79670.0
2012.06.21,7870.0,20.0,7970.0,7980.0,7800.0,136529.0
2012.06.22,7900.0,30.0,7790.0,7950.0,7760.0,118844.0
2012.06.25,8270.0,370.0,7970.0,8330.0,7900.0,252433.0
2012.06.26,8370.0,100.0,8200.0,8390.0,8120.0,127604.0
2012.06.27,8150.0,220.0,8420.0,8430.0,8120.0,67994.0
2012.06.28,8380.0,230.0,8150.0,8470.0,8100.0,151751.0
2012.06.29,8400.0,20.0,8470.0,8810.0,8360.0,255008.0
2012.07.02,8250.0,150.0,8570.0,8630.0,8250.0,101034.0
2012.07.03,8400.0,150.0,8330.0,8540.0,8240.0,144601.0
2012.07.04,8900.0,500.0,8400.0,8930.0,8400.0,108191.0
2012.07.05,8970.0,70.0,9040.0,9050.0,8900.0,95432.0
2012.07.06,9100.0,130.0,9070.0,9300.0,8950.0,143382.0
2012.07.09,9230.0,130.0,9190.0,9270.0,9050.0,70766.0
2012.07.10,9060.0,170.0,9230.0,9250.0,9040.0,71814.0
2012.07.11,8810.0,250.0,9050.0,9140.0,8710.0,143061.0
2012.07.12,8550.0,260.0,8800.0,9020.0,8450.0,149758.0
2012.07.13,8640.0,90.0,8520.0,8670.0,8330.0,65187.0
2012.07.16,8770.0,130.0,8690.0,8900.0,8570.0,48398.0
2012.07.17,9200.0,430.0,8900.0,9270.0,8770.0,232916.0
2012.07.18,9010.0,190.0,9400.0,9900.0,9010.0,503951.0
2012.07.19,9010.0,0.0,9070.0,9440.0,9010.0,126245.0
2012.07.20,9100.0,90.0,9050.0,9220.0,8760.0,121913.0
2012.07.23,9010.0,90.0,9000.0,9150.0,8890.0,63782.0
2012.07.24,8770.0,240.0,9010.0,9010.0,8770.0,86921.0
2012.07.25,8650.0,120.0,8710.0,8780.0,8440.0,96420.0
2012.07.26,8740.0,90.0,8650.0,8890.0,8620.0,59308.0
2012.07.27,8970.0,230.0,8810.0,8970.0,8750.0,74874.0
2012.07.30,9300.0,330.0,9200.0,9370.0,8950.0,146514.0
2012.07.31,8920.0,380.0,9350.0,9390.0,8920.0,130809.0
2012.08.01,9000.0,80.0,8980.0,9200.0,8940.0,89787.0
2012.08.02,8830.0,170.0,9130.0,9130.0,8770.0,60480.0
2012.08.03,8920.0,90.0,8760.0,8920.0,8710.0,40567.0
2012.08.06,8770.0,150.0,9060.0,9060.0,8700.0,69407.0
2012.08.07,9150.0,380.0,8710.0,9240.0,8710.0,148426.0
2012.08.08,9020.0,130.0,9230.0,9230.0,8900.0,48365.0
2012.08.09,8950.0,70.0,8910.0,9040.0,8820.0,47037.0
2012.08.10,9010.0,60.0,8970.0,9010.0,8830.0,43184.0
2012.08.13,8930.0,80.0,8990.0,9010.0,8850.0,24713.0
2012.08.14,8890.0,40.0,9010.0,9010.0,8760.0,50566.0
2012.08.16,8830.0,60.0,8900.0,8990.0,8800.0,28558.0
2012.08.17,8900.0,70.0,8840.0,8910.0,8790.0,37488.0
2012.08.20,8900.0,0.0,8900.0,8990.0,8800.0,36506.0
2012.08.21,9250.0,350.0,8970.0,9250.0,8700.0,109358.0
2012.08.22,9320.0,70.0,9290.0,9560.0,9250.0,171787.0
2012.08.23,9210.0,110.0,9280.0,9430.0,9200.0,81838.0
2012.08.24,9120.0,90.0,9360.0,9360.0,9100.0,39216.0
2012.08.27,9100.0,20.0,9030.0,9280.0,9000.0,59710.0
2012.08.28,9550.0,450.0,9100.0,9560.0,9060.0,162902.0
2012.08.29,9480.0,70.0,9600.0,9600.0,9400.0,49389.0
2012.08.30,9340.0,140.0,9440.0,9580.0,9320.0,45266.0
2012.08.31,9800.0,460.0,9340.0,9840.0,9250.0,152387.0
2012.09.03,10000.0,200.0,9850.0,10050.0,9700.0,139497.0
2012.09.04,9770.0,230.0,10100.0,10100.0,9650.0,92464.0
2012.09.05,9490.0,280.0,9680.0,9760.0,9400.0,104366.0
2012.09.06,9480.0,10.0,9540.0,9600.0,9400.0,47508.0
2012.09.07,9640.0,160.0,9610.0,9790.0,9570.0,68420.0
2012.09.10,10450.0,810.0,9730.0,10750.0,9650.0,397573.0
2012.09.11,10200.0,250.0,10500.0,10600.0,10200.0,132325.0
2012.09.12,10550.0,350.0,10350.0,10750.0,10250.0,238032.0
2012.09.13,11050.0,500.0,10600.0,11150.0,10550.0,262707.0
2012.09.14,10600.0,450.0,11000.0,11250.0,10550.0,189268.0
2012.09.17,10450.0,150.0,10550.0,10600.0,10050.0,121205.0
2012.09.18,10700.0,250.0,10400.0,10900.0,10400.0,99841.0
2012.09.19,10600.0,100.0,10950.0,11100.0,10600.0,112725.0
2012.09.20,11650.0,1050.0,10750.0,12150.0,10550.0,679168.0
2012.09.21,12250.0,600.0,11600.0,12600.0,11450.0,317846.0
2012.09.24,12050.0,200.0,12250.0,12350.0,11900.0,140114.0
2012.09.25,11500.0,550.0,12050.0,12050.0,11500.0,98357.0
2012.09.26,11250.0,250.0,11350.0,11800.0,11250.0,136291.0
2012.09.27,11400.0,150.0,11450.0,11750.0,11400.0,118166.0
2012.09.28,11650.0,250.0,11450.0,11850.0,11450.0,81854.0
2012.10.02,11600.0,50.0,11750.0,11900.0,11450.0,93087.0
2012.10.04,11950.0,350.0,11600.0,12050.0,11350.0,130391.0
2012.10.05,11700.0,250.0,12050.0,12150.0,11650.0,86254.0
2012.10.08,12050.0,350.0,11750.0,12100.0,11300.0,205494.0
2012.10.09,12050.0,0.0,12250.0,12900.0,12050.0,420743.0
2012.10.10,12350.0,300.0,12050.0,12700.0,11700.0,209233.0
2012.10.11,12200.0,150.0,12400.0,12700.0,11950.0,182991.0
2012.10.12,12100.0,100.0,12300.0,12400.0,11950.0,104442.0
2012.10.15,11550.0,550.0,12150.0,12300.0,11450.0,211136.0
2012.10.16,11450.0,100.0,11800.0,11800.0,10950.0,213730.0
2012.10.17,11550.0,100.0,11550.0,11650.0,11400.0,83346.0
2012.10.18,11400.0,150.0,11850.0,12500.0,11300.0,411875.0
2012.10.19,12000.0,600.0,11900.0,12100.0,11000.0,203194.0
2012.10.22,12150.0,150.0,11850.0,12400.0,11650.0,160378.0
2012.10.23,12050.0,100.0,12250.0,12450.0,11950.0,172209.0
2012.10.24,12000.0,50.0,11850.0,12100.0,11800.0,84686.0
2012.10.25,12200.0,200.0,11950.0,12800.0,11950.0,305485.0
2012.10.26,11850.0,350.0,12350.0,12700.0,11750.0,204610.0
2012.10.29,11550.0,300.0,11900.0,12150.0,11400.0,99664.0
2012.10.30,11650.0,100.0,11500.0,11700.0,11350.0,63210.0
2012.10.31,11650.0,0.0,11900.0,11900.0,11450.0,104637.0
2012.11.01,11550.0,100.0,11700.0,11700.0,11250.0,74779.0
2012.11.02,11500.0,50.0,11650.0,11700.0,11350.0,47673.0
2012.11.05,11700.0,200.0,11500.0,11750.0,11350.0,68854.0
2012.11.06,12000.0,300.0,11650.0,12100.0,11650.0,105438.0
2012.11.07,12100.0,100.0,12000.0,12100.0,11750.0,97784.0
2012.11.08,12050.0,50.0,11800.0,12100.0,11750.0,57153.0
2012.11.09,12200.0,150.0,12100.0,12200.0,11750.0,98379.0
2012.11.12,12200.0,0.0,12400.0,12850.0,12200.0,369778.0
2012.11.13,12200.0,0.0,12400.0,12500.0,12050.0,145879.0
2012.11.14,12400.0,200.0,12250.0,12800.0,12000.0,234917.0
2012.11.15,12000.0,400.0,12200.0,12400.0,11900.0,180228.0
2012.11.16,12100.0,100.0,12150.0,12650.0,12050.0,431852.0
2012.11.19,13400.0,1300.0,12400.0,13400.0,12350.0,963128.0
2012.11.20,13400.0,0.0,13600.0,13600.0,13150.0,474347.0
2012.11.21,13350.0,50.0,13350.0,13900.0,13050.0,497481.0
2012.11.22,13300.0,50.0,13500.0,13750.0,13250.0,291233.0
2012.11.23,13450.0,150.0,13450.0,13550.0,13050.0,213996.0
2012.11.26,13500.0,50.0,13500.0,13950.0,13250.0,428407.0
2012.11.27,13000.0,500.0,13600.0,13600.0,12800.0,353329.0
2012.11.28,13400.0,400.0,13000.0,13500.0,12750.0,213438.0
2012.11.29,13550.0,150.0,13350.0,13700.0,13100.0,253490.0
2012.11.30,13800.0,250.0,13550.0,14250.0,13500.0,517082.0
2012.12.03,13900.0,100.0,13800.0,13900.0,13500.0,237640.0
2012.12.04,13550.0,350.0,13950.0,14100.0,13550.0,202207.0
2012.12.05,12700.0,850.0,13500.0,13650.0,12550.0,353460.0
2012.12.06,13100.0,400.0,12950.0,13200.0,12550.0,288661.0
2012.12.07,12450.0,650.0,13150.0,13250.0,12200.0,295478.0
2012.12.10,13000.0,550.0,12800.0,13050.0,12450.0,265454.0
2012.12.11,12700.0,300.0,13000.0,13300.0,12500.0,185908.0
2012.12.12,13350.0,650.0,12750.0,13350.0,12700.0,316802.0
2012.12.13,13400.0,50.0,13400.0,13850.0,13350.0,333682.0
2012.12.14,13350.0,50.0,13500.0,13550.0,13250.0,110739.0
2012.12.17,13400.0,50.0,13350.0,13500.0,12900.0,209338.0
2012.12.18,13450.0,50.0,13400.0,13650.0,13200.0,178493.0
2012.12.20,12900.0,550.0,13600.0,14100.0,12800.0,437939.0
2012.12.21,12400.0,500.0,12900.0,13150.0,12400.0,220205.0
2012.12.24,12850.0,450.0,12600.0,12950.0,12550.0,140137.0
2012.12.26,13250.0,400.0,12800.0,13350.0,12800.0,168844.0
2012.12.27,13400.0,150.0,13350.0,13450.0,13150.0,112569.0
2012.12.28,13450.0,50.0,13400.0,13750.0,13150.0,149437.0
2013.01.02,13800.0,350.0,13600.0,13900.0,13350.0,194262.0
2013.01.03,14450.0,650.0,13850.0,14750.0,13750.0,665163.0
2013.01.04,14500.0,50.0,14450.0,14650.0,14300.0,221368.0
2013.01.07,14300.0,200.0,14650.0,14650.0,14200.0,171669.0
2013.01.08,14550.0,250.0,14300.0,14800.0,14200.0,218682.0
2013.01.09,14500.0,50.0,14600.0,14600.0,14250.0,156559.0
2013.01.10,14500.0,0.0,14400.0,14550.0,14100.0,157053.0
2013.01.11,14500.0,0.0,14450.0,14900.0,14300.0,230452.0
2013.01.14,13750.0,750.0,14300.0,14400.0,13700.0,297036.0
2013.01.15,13250.0,500.0,13850.0,14000.0,13250.0,214964.0
2013.01.16,13250.0,0.0,13300.0,13600.0,13250.0,96659.0
2013.01.17,13650.0,400.0,13500.0,13800.0,13250.0,89751.0
2013.01.18,13800.0,150.0,13650.0,13900.0,13500.0,88966.0
2013.01.21,13700.0,100.0,13950.0,14000.0,13650.0,80246.0
2013.01.22,13450.0,250.0,13950.0,13950.0,13400.0,167560.0
2013.01.23,14100.0,650.0,13600.0,14300.0,13500.0,244218.0
2013.01.24,14250.0,150.0,14300.0,14450.0,14100.0,195149.0
2013.01.25,14400.0,150.0,14450.0,14450.0,13950.0,147853.0
2013.01.28,14800.0,400.0,14450.0,14850.0,14200.0,184517.0
2013.01.29,15000.0,200.0,14800.0,15100.0,14550.0,192630.0
2013.01.30,14550.0,450.0,15000.0,15150.0,14400.0,121472.0
2013.01.31,14500.0,50.0,14450.0,14700.0,14400.0,70255.0
2013.02.01,14500.0,0.0,14400.0,14500.0,14050.0,108412.0
2013.02.04,14200.0,300.0,14500.0,14600.0,14150.0,83458.0
2013.02.05,14450.0,250.0,14050.0,14550.0,14050.0,80017.0
2013.02.06,14500.0,50.0,14500.0,14600.0,14200.0,71782.0
2013.02.07,14450.0,50.0,14550.0,14600.0,14250.0,87412.0
2013.02.08,14500.0,50.0,14600.0,15000.0,14500.0,206634.0
2013.02.12,14400.0,100.0,14600.0,14800.0,14300.0,76874.0
2013.02.13,15000.0,600.0,14450.0,15000.0,14400.0,315022.0
2013.02.14,14900.0,100.0,15000.0,15150.0,14800.0,178661.0
2013.02.15,15200.0,300.0,14850.0,15400.0,14750.0,228455.0
2013.02.18,15300.0,100.0,15150.0,15850.0,15100.0,372815.0
2013.02.19,15900.0,600.0,15500.0,15950.0,15300.0,238046.0
2013.02.20,15800.0,100.0,16050.0,16050.0,15700.0,154135.0
2013.02.21,16100.0,300.0,15600.0,16400.0,15500.0,268071.0
2013.02.22,17700.0,1600.0,16000.0,17700.0,16000.0,504603.0
2013.02.25,17100.0,600.0,17700.0,18800.0,16850.0,741979.0
2013.02.26,17700.0,600.0,16900.0,17850.0,16750.0,410790.0
2013.02.27,17900.0,200.0,17900.0,18350.0,17400.0,285692.0
2013.02.28,17950.0,50.0,17950.0,18200.0,17600.0,179763.0
2013.03.04,17350.0,600.0,17800.0,17850.0,17300.0,322664.0
2013.03.05,17900.0,550.0,17600.0,18200.0,17550.0,210879.0
2013.03.06,17650.0,250.0,18150.0,18200.0,17550.0,141521.0
2013.03.07,17400.0,250.0,17650.0,17900.0,17150.0,133956.0
2013.03.08,17450.0,50.0,17350.0,17700.0,17250.0,146451.0
2013.03.11,18250.0,800.0,17700.0,18450.0,17100.0,320803.0
2013.03.12,19300.0,1050.0,18450.0,19450.0,18250.0,536013.0
2013.03.13,19400.0,100.0,19400.0,19700.0,18950.0,385221.0
2013.03.14,19250.0,150.0,19600.0,19800.0,19150.0,252320.0
2013.03.15,19750.0,500.0,19400.0,19750.0,19150.0,377293.0
2013.03.18,18950.0,800.0,20000.0,20200.0,18950.0,388975.0
2013.03.19,19400.0,450.0,19000.0,19400.0,18850.0,212352.0
2013.03.20,20450.0,1050.0,19500.0,20450.0,19050.0,480719.0
2013.03.21,19700.0,750.0,20450.0,20450.0,19700.0,406770.0
2013.03.22,19650.0,50.0,19900.0,20150.0,19650.0,162468.0
2013.03.25,18900.0,750.0,19750.0,19900.0,18750.0,489785.0
2013.03.26,19600.0,700.0,19200.0,19900.0,18900.0,406391.0
2013.03.27,19250.0,350.0,19750.0,19850.0,19100.0,191378.0
2013.03.28,18950.0,300.0,19250.0,19400.0,18850.0,218086.0
2013.03.29,19800.0,850.0,19150.0,19800.0,19100.0,369823.0
2013.04.01,20300.0,500.0,20000.0,20300.0,19850.0,375927.0
2013.04.02,20300.0,0.0,20100.0,20450.0,19800.0,299100.0
2013.04.03,21000.0,700.0,20500.0,21000.0,20200.0,391611.0
2013.04.04,20650.0,350.0,20800.0,20900.0,20000.0,277861.0
2013.04.05,20400.0,250.0,20600.0,20800.0,19750.0,342676.0
2013.04.08,19300.0,1100.0,20250.0,20550.0,19300.0,212955.0
2013.04.09,20000.0,700.0,19300.0,20100.0,18450.0,345619.0
2013.04.10,20950.0,950.0,20200.0,20950.0,19700.0,378732.0
2013.04.11,21550.0,600.0,21300.0,22450.0,21150.0,681839.0
2013.04.12,21550.0,0.0,21850.0,22350.0,21500.0,316939.0
2013.04.15,21950.0,400.0,21650.0,21950.0,21300.0,298138.0
2013.04.16,21600.0,350.0,21500.0,21900.0,21150.0,250155.0
2013.04.17,21900.0,300.0,21900.0,22150.0,21600.0,221956.0
2013.04.18,22000.0,100.0,21900.0,22500.0,21750.0,277274.0
2013.04.19,21200.0,800.0,21800.0,21850.0,21000.0,231091.0
2013.04.22,21550.0,350.0,21300.0,21800.0,20900.0,268073.0
2013.04.23,22050.0,500.0,21450.0,22050.0,21150.0,303899.0
2013.04.24,21850.0,200.0,22300.0,22300.0,21700.0,312846.0
2013.04.25,20200.0,1650.0,21900.0,21900.0,20200.0,994006.0
2013.04.26,20700.0,500.0,20050.0,20950.0,19700.0,588895.0
2013.04.29,21700.0,1000.0,20900.0,21750.0,20700.0,386230.0
2013.04.30,21650.0,50.0,22000.0,22050.0,20950.0,334513.0
2013.05.02,22700.0,1050.0,21650.0,22700.0,21650.0,692706.0
2013.05.03,22400.0,300.0,22750.0,22750.0,22150.0,316118.0
2013.05.06,22050.0,350.0,22650.0,22650.0,21800.0,197513.0
2013.05.07,22250.0,200.0,22100.0,22400.0,21500.0,291947.0
2013.05.08,22200.0,50.0,22200.0,22300.0,21950.0,172502.0
2013.05.09,22450.0,250.0,22450.0,23000.0,22300.0,333358.0
2013.05.10,22100.0,350.0,22200.0,22600.0,22000.0,149064.0
2013.05.13,22150.0,50.0,22300.0,22700.0,22050.0,164732.0
2013.05.14,20750.0,1400.0,22250.0,22400.0,20500.0,423488.0
2013.05.15,20450.0,300.0,20750.0,21050.0,20300.0,185109.0
2013.05.16,21100.0,650.0,20650.0,21450.0,20650.0,211165.0
2013.05.20,21850.0,750.0,21400.0,21850.0,20950.0,182146.0
2013.05.21,21500.0,350.0,21850.0,21850.0,21350.0,105413.0
2013.05.22,21600.0,100.0,21800.0,22300.0,21400.0,202194.0
2013.05.23,20900.0,700.0,21550.0,21900.0,20900.0,168259.0
2013.05.24,21000.0,100.0,21150.0,21550.0,20850.0,134883.0
2013.05.27,20800.0,200.0,20850.0,21250.0,20800.0,127533.0
2013.05.28,21200.0,400.0,20900.0,21350.0,20800.0,150892.0
2013.05.29,21000.0,200.0,21600.0,21900.0,21000.0,179398.0
2013.05.30,20800.0,200.0,21000.0,21250.0,20300.0,201860.0
2013.05.31,20000.0,800.0,21000.0,21200.0,20000.0,156547.0
2013.06.03,19200.0,800.0,19700.0,20450.0,19200.0,166192.0
2013.06.04,18700.0,500.0,19350.0,19550.0,18050.0,366019.0
2013.06.05,18600.0,100.0,18600.0,18900.0,18150.0,220096.0
2013.06.07,18000.0,600.0,18550.0,18900.0,17300.0,347497.0
2013.06.10,19550.0,1550.0,18150.0,19550.0,18150.0,233713.0
2013.06.11,19750.0,200.0,19500.0,19850.0,19100.0,133624.0
2013.06.12,19300.0,450.0,19600.0,19750.0,18800.0,155532.0
2013.06.13,18500.0,800.0,19100.0,19200.0,18250.0,203144.0
2013.06.14,18450.0,50.0,18850.0,19150.0,18200.0,137940.0
2013.06.17,19150.0,700.0,18450.0,19200.0,18200.0,240511.0
2013.06.18,19700.0,550.0,19150.0,19750.0,18900.0,218749.0
2013.06.19,20150.0,450.0,20000.0,20300.0,19700.0,334687.0
2013.06.20,20150.0,0.0,19900.0,20500.0,19650.0,208704.0
2013.06.21,19900.0,250.0,19700.0,20350.0,19250.0,209060.0
2013.06.24,18950.0,950.0,20350.0,20550.0,18950.0,223129.0
2013.06.25,18850.0,100.0,18800.0,20000.0,18200.0,441068.0
2013.06.26,19450.0,600.0,19700.0,19950.0,18850.0,272664.0
2013.06.27,20700.0,1250.0,19850.0,20750.0,19600.0,379139.0
2013.06.28,20900.0,200.0,20750.0,20950.0,20250.0,367830.0
2013.07.01,20350.0,550.0,20700.0,21000.0,20300.0,362942.0
2013.07.02,19750.0,600.0,20400.0,20450.0,19400.0,354720.0
2013.07.03,20850.0,1100.0,19650.0,20900.0,19650.0,444243.0
2013.07.04,21050.0,200.0,20900.0,21450.0,20550.0,387676.0
2013.07.05,21050.0,0.0,21000.0,21250.0,20700.0,178173.0
2013.07.08,20200.0,850.0,21150.0,21250.0,20100.0,228220.0
2013.07.09,20500.0,300.0,20300.0,20650.0,19750.0,164136.0
2013.07.10,21100.0,600.0,20700.0,21300.0,20300.0,230884.0
2013.07.11,21700.0,600.0,21200.0,21850.0,21050.0,375763.0
2013.07.12,21400.0,300.0,21650.0,22050.0,21400.0,332434.0
2013.07.15,21700.0,300.0,21550.0,21800.0,21000.0,250254.0
2013.07.16,21950.0,250.0,21900.0,22200.0,21600.0,245589.0
2013.07.17,21650.0,300.0,22000.0,22250.0,21650.0,205787.0
2013.07.18,20950.0,700.0,21550.0,21550.0,20850.0,301723.0
2013.07.19,20000.0,950.0,20850.0,21050.0,19650.0,461763.0
2013.07.22,20400.0,400.0,20200.0,20450.0,19950.0,206440.0
2013.07.23,19750.0,650.0,20550.0,20550.0,19750.0,212390.0
2013.07.24,19900.0,150.0,20400.0,20600.0,19700.0,380761.0
2013.07.25,19250.0,650.0,19950.0,20050.0,18750.0,400855.0
2013.07.26,19800.0,550.0,19250.0,19950.0,18750.0,264312.0
2013.07.29,18100.0,1700.0,19950.0,19950.0,18000.0,693057.0
2013.07.30,18200.0,100.0,18200.0,18450.0,17850.0,271050.0
2013.07.31,17600.0,600.0,18400.0,18400.0,17400.0,288099.0
2013.08.01,17400.0,200.0,17600.0,18100.0,17150.0,340286.0
2013.08.02,16500.0,900.0,17450.0,17500.0,16400.0,432200.0
2013.08.05,16700.0,200.0,16550.0,17200.0,16450.0,342160.0
2013.08.06,17200.0,500.0,16800.0,17250.0,16550.0,291439.0
2013.08.07,16650.0,550.0,17050.0,17400.0,16600.0,262852.0
2013.08.08,16350.0,300.0,16800.0,16950.0,16200.0,224089.0
2013.08.09,16950.0,600.0,16550.0,17150.0,16500.0,292677.0
2013.08.12,16750.0,200.0,16950.0,17200.0,16600.0,171972.0
2013.08.13,16450.0,300.0,16650.0,16850.0,16000.0,222702.0
2013.08.14,16450.0,0.0,16450.0,16700.0,16250.0,85499.0
2013.08.16,16750.0,300.0,16000.0,16750.0,16000.0,86620.0
2013.08.19,16500.0,250.0,16450.0,16750.0,16350.0,114393.0
2013.08.20,16050.0,450.0,16500.0,16850.0,16050.0,130813.0
2013.08.21,15950.0,100.0,16100.0,16300.0,15200.0,219447.0
2013.08.22,15300.0,650.0,15500.0,15800.0,15150.0,182011.0
2013.08.23,15650.0,350.0,15400.0,15900.0,15300.0,141985.0
2013.08.26,15600.0,50.0,15900.0,16400.0,15450.0,294259.0
2013.08.27,15000.0,600.0,15600.0,15750.0,14900.0,227790.0
2013.08.28,14400.0,600.0,14500.0,14950.0,14200.0,259801.0
2013.08.29,14250.0,150.0,14550.0,15150.0,14150.0,289339.0
2013.08.30,14600.0,350.0,14400.0,14650.0,14200.0,132935.0
2013.09.02,15450.0,850.0,14600.0,15450.0,14550.0,228101.0
2013.09.03,15700.0,250.0,15450.0,15700.0,15200.0,176882.0
2013.09.04,15700.0,0.0,15700.0,15900.0,15450.0,172562.0
2013.09.05,15850.0,150.0,15800.0,16200.0,15700.0,161745.0
2013.09.06,15250.0,600.0,16000.0,16050.0,15050.0,204924.0
2013.09.09,14700.0,550.0,15200.0,15200.0,14450.0,238949.0
2013.09.10,14700.0,0.0,14850.0,15250.0,14650.0,166620.0
2013.09.11,15650.0,950.0,14700.0,15750.0,14700.0,228666.0
2013.09.12,15950.0,300.0,15850.0,16350.0,15600.0,304454.0
2013.09.13,15850.0,100.0,15750.0,16100.0,15550.0,97761.0
2013.09.16,15050.0,800.0,15650.0,15900.0,15050.0,159586.0
2013.09.17,15350.0,300.0,15150.0,15450.0,14800.0,78662.0
2013.09.23,14900.0,450.0,15400.0,15500.0,14900.0,130923.0
2013.09.24,15450.0,550.0,14750.0,15450.0,14750.0,125787.0
2013.09.25,15700.0,250.0,15400.0,15800.0,15250.0,166005.0
2013.09.26,15750.0,50.0,15700.0,15950.0,15550.0,97635.0
2013.09.27,16700.0,950.0,15900.0,16750.0,15850.0,386329.0
2013.09.30,16550.0,150.0,16700.0,16900.0,16500.0,164266.0
2013.10.01,16100.0,450.0,16500.0,16650.0,15700.0,166317.0
2013.10.02,16700.0,600.0,16250.0,16700.0,16200.0,155623.0
2013.10.04,17400.0,700.0,16500.0,17600.0,16400.0,372535.0
2013.10.07,16850.0,550.0,17450.0,17500.0,16850.0,227057.0
2013.10.08,17450.0,600.0,17400.0,17650.0,17100.0,315504.0
2013.10.10,17550.0,100.0,17600.0,17750.0,17300.0,144759.0
2013.10.11,17750.0,200.0,17750.0,17800.0,17350.0,181410.0
2013.10.14,17800.0,50.0,17800.0,17950.0,17600.0,175919.0
2013.10.15,17000.0,800.0,17800.0,17850.0,16900.0,268623.0
2013.10.16,16450.0,550.0,17000.0,17100.0,16450.0,159500.0
2013.10.17,16200.0,250.0,16650.0,17000.0,15750.0,201608.0
2013.10.18,16550.0,350.0,16200.0,16750.0,16200.0,98520.0
2013.10.21,17450.0,900.0,16950.0,17450.0,16800.0,165201.0
2013.10.22,17700.0,250.0,17350.0,17850.0,17300.0,232266.0
2013.10.23,17600.0,100.0,17900.0,17900.0,17400.0,166638.0
2013.10.24,18100.0,500.0,17600.0,18200.0,17450.0,340813.0
2013.10.25,18500.0,400.0,18300.0,18550.0,18050.0,467587.0
2013.10.28,18600.0,100.0,18400.0,18700.0,18050.0,275682.0
2013.10.29,18600.0,0.0,18600.0,18750.0,18200.0,171820.0
2013.10.30,18850.0,250.0,18600.0,19000.0,18450.0,145314.0
2013.10.31,18400.0,450.0,18850.0,18850.0,18350.0,151719.0
2013.11.01,19150.0,750.0,18400.0,19300.0,18300.0,248974.0
2013.11.04,19400.0,250.0,19300.0,19400.0,18900.0,129655.0
2013.11.05,19100.0,300.0,19300.0,19400.0,18850.0,132930.0
2013.11.06,19000.0,100.0,19200.0,19300.0,18450.0,174791.0
2013.11.07,18750.0,250.0,18850.0,19000.0,18350.0,191231.0
2013.11.08,18700.0,50.0,18650.0,19200.0,18450.0,104072.0
2013.11.11,18400.0,300.0,18900.0,18900.0,18250.0,115309.0
2013.11.12,18350.0,50.0,18400.0,18850.0,18150.0,149174.0
2013.11.13,17600.0,750.0,18500.0,18700.0,17500.0,170918.0
2013.11.14,18300.0,700.0,17900.0,18500.0,17500.0,122546.0
2013.11.15,19050.0,750.0,18400.0,19100.0,18350.0,173232.0
2013.11.18,19000.0,50.0,19050.0,19200.0,18750.0,87061.0
2013.11.19,18650.0,350.0,18850.0,19000.0,18500.0,108228.0
2013.11.20,17900.0,750.0,18750.0,18750.0,17900.0,151253.0
2013.11.21,18150.0,250.0,17800.0,18150.0,17100.0,209233.0
2013.11.22,17600.0,550.0,18200.0,18550.0,17450.0,100550.0
2013.11.25,17950.0,350.0,17450.0,18200.0,17250.0,103287.0
2013.11.26,18400.0,450.0,18050.0,18500.0,17750.0,150886.0
2013.11.27,18100.0,300.0,18250.0,18400.0,18050.0,65723.0
2013.11.28,18350.0,250.0,18200.0,18450.0,17850.0,101212.0
2013.11.29,18250.0,100.0,18550.0,18750.0,18250.0,93792.0
2013.12.02,17950.0,300.0,18300.0,18400.0,17800.0,74766.0
2013.12.03,18450.0,500.0,17800.0,18500.0,17800.0,103781.0
2013.12.04,18550.0,100.0,18300.0,18700.0,18250.0,78004.0
2013.12.05,18250.0,300.0,18600.0,18650.0,18150.0,55229.0
2013.12.06,18500.0,250.0,18200.0,18600.0,18150.0,42379.0
2013.12.09,18200.0,300.0,18650.0,18650.0,18200.0,54006.0
2013.12.10,17000.0,1200.0,18200.0,18200.0,17000.0,237091.0
2013.12.11,16550.0,450.0,17000.0,17200.0,16300.0,278738.0
2013.12.12,17000.0,450.0,16600.0,17150.0,16450.0,104191.0
2013.12.13,16800.0,200.0,17000.0,17100.0,16500.0,46406.0
2013.12.16,16800.0,0.0,16800.0,17100.0,16600.0,84202.0
2013.12.17,16600.0,200.0,17100.0,17100.0,16600.0,68586.0
2013.12.18,17150.0,550.0,16750.0,17350.0,16600.0,55084.0
2013.12.19,16900.0,250.0,17350.0,17350.0,16800.0,39112.0
2013.12.20,17050.0,150.0,16800.0,17200.0,16800.0,23504.0
2013.12.23,16800.0,250.0,17150.0,17300.0,16800.0,35997.0
2013.12.24,16600.0,200.0,17100.0,17100.0,16600.0,56842.0
2013.12.26,17050.0,450.0,16850.0,17200.0,16500.0,57243.0
2013.12.27,17400.0,350.0,17150.0,17600.0,16950.0,65759.0
2013.12.30,17400.0,0.0,17200.0,17400.0,16900.0,84538.0
2014.01.02,16900.0,500.0,17500.0,17500.0,16650.0,53230.0
2014.01.03,16200.0,700.0,16800.0,17000.0,16150.0,95886.0
2014.01.06,16200.0,0.0,16500.0,16650.0,16150.0,48853.0
2014.01.07,15400.0,800.0,16200.0,16450.0,15200.0,159940.0
2014.01.08,13900.0,1500.0,15400.0,15550.0,13650.0,658940.0
2014.01.09,13800.0,100.0,13900.0,14150.0,13650.0,238900.0
2014.01.10,14200.0,400.0,13850.0,14650.0,13850.0,372905.0
2014.01.13,13900.0,300.0,14000.0,14350.0,13700.0,240989.0
2014.01.14,14100.0,200.0,13850.0,14150.0,13800.0,85372.0
2014.01.15,14650.0,550.0,14300.0,14850.0,14300.0,198342.0
2014.01.16,15100.0,450.0,14850.0,15250.0,14800.0,171237.0
2014.01.17,14700.0,400.0,15200.0,15200.0,14650.0,95281.0
2014.01.20,14800.0,100.0,15250.0,15550.0,14700.0,152045.0
2014.01.21,15250.0,450.0,14900.0,15300.0,14750.0,123057.0
2014.01.22,15150.0,100.0,15350.0,15550.0,14900.0,109719.0
2014.01.23,15000.0,150.0,15400.0,15400.0,14900.0,77734.0
2014.01.24,14950.0,50.0,14900.0,15000.0,14500.0,71886.0
2014.01.27,14650.0,300.0,14500.0,14800.0,14500.0,63958.0
2014.01.28,14750.0,100.0,14550.0,14950.0,14400.0,61974.0
2014.01.29,15200.0,450.0,14800.0,15300.0,14700.0,91742.0
2014.02.03,15200.0,0.0,15150.0,15300.0,14900.0,46523.0
2014.02.04,14900.0,300.0,14850.0,15150.0,14700.0,55025.0
2014.02.05,14950.0,50.0,15000.0,15300.0,14850.0,47655.0
2014.02.06,14700.0,250.0,14850.0,15100.0,14600.0,55754.0
2014.02.07,14950.0,250.0,14750.0,15150.0,14750.0,105477.0
2014.02.10,14850.0,100.0,15200.0,15200.0,14800.0,71815.0
2014.02.11,15250.0,400.0,14850.0,15450.0,14800.0,181671.0
2014.02.12,15150.0,100.0,15350.0,15350.0,14950.0,66296.0
2014.02.13,15850.0,700.0,15250.0,15900.0,15200.0,238647.0
2014.02.14,16100.0,250.0,16000.0,16150.0,15700.0,117006.0
2014.02.17,15800.0,300.0,16000.0,16050.0,15700.0,58620.0
2014.02.18,16000.0,200.0,15800.0,16150.0,15700.0,91771.0
2014.02.19,15800.0,200.0,16050.0,16250.0,15800.0,67333.0
2014.02.20,15500.0,300.0,15800.0,15800.0,15400.0,72876.0
2014.02.21,15500.0,0.0,15500.0,15700.0,15350.0,51792.0
2014.02.24,15450.0,50.0,15550.0,15900.0,15350.0,76763.0
2014.02.25,15350.0,100.0,15450.0,15800.0,15350.0,66011.0
2014.02.26,14600.0,750.0,15400.0,15400.0,14600.0,133711.0
2014.02.27,14550.0,50.0,14750.0,14750.0,14300.0,92627.0
2014.02.28,14500.0,50.0,14450.0,14900.0,14200.0,57431.0
2014.03.03,15000.0,500.0,14550.0,15150.0,14500.0,78825.0
2014.03.04,14600.0,400.0,14750.0,14950.0,14600.0,77526.0
2014.03.05,14900.0,300.0,14700.0,14900.0,14600.0,57381.0
2014.03.06,14700.0,200.0,14900.0,14950.0,14500.0,81342.0
2014.03.07,14600.0,100.0,14950.0,15000.0,14500.0,76318.0
2014.03.10,14300.0,300.0,14600.0,14600.0,14200.0,98280.0
2014.03.11,14400.0,100.0,14350.0,14500.0,14200.0,88024.0
2014.03.12,14700.0,300.0,14350.0,14950.0,14350.0,134342.0
2014.03.13,14800.0,100.0,14700.0,14800.0,14450.0,53116.0
2014.03.14,14550.0,250.0,14600.0,15100.0,14450.0,88608.0
2014.03.17,14300.0,250.0,14700.0,14750.0,14300.0,64434.0
2014.03.18,15150.0,850.0,14350.0,15300.0,14200.0,193597.0
2014.03.19,15600.0,450.0,15500.0,15900.0,15300.0,331017.0
2014.03.20,15650.0,50.0,15550.0,15900.0,15350.0,128757.0
2014.03.21,15900.0,250.0,15650.0,16200.0,15550.0,248811.0
2014.03.24,15850.0,50.0,16100.0,16350.0,15650.0,188506.0
2014.03.25,14950.0,900.0,15800.0,15900.0,14900.0,290970.0
2014.03.26,14600.0,350.0,15050.0,15150.0,14450.0,258545.0
2014.03.27,14650.0,50.0,14550.0,14900.0,14500.0,141831.0
2014.03.28,14550.0,100.0,14700.0,14800.0,14500.0,139575.0
2014.03.31,14000.0,550.0,14600.0,14650.0,13850.0,270129.0
2014.04.01,14450.0,450.0,14100.0,14500.0,14000.0,164092.0
2014.04.02,15350.0,900.0,14750.0,15550.0,14450.0,347916.0
2014.04.03,15050.0,300.0,15450.0,15700.0,14850.0,302706.0
2014.04.04,15450.0,400.0,15050.0,15600.0,15050.0,167593.0
2014.04.07,15300.0,150.0,15450.0,15750.0,15250.0,159163.0
2014.04.08,15200.0,100.0,15100.0,15600.0,15100.0,74750.0
2014.04.09,15100.0,100.0,15350.0,15500.0,15100.0,95580.0
2014.04.10,14700.0,400.0,15250.0,15300.0,14600.0,165216.0
2014.04.11,14750.0,50.0,14550.0,14750.0,14500.0,112464.0
2014.04.14,14550.0,200.0,14650.0,14800.0,14550.0,89604.0
2014.04.15,14400.0,150.0,14700.0,14750.0,14350.0,118943.0
2014.04.16,14150.0,250.0,14550.0,14550.0,14100.0,151585.0
2014.04.17,14300.0,150.0,14200.0,14550.0,14100.0,130176.0
2014.04.18,14300.0,0.0,14350.0,14350.0,14150.0,55916.0
2014.04.21,14250.0,50.0,14200.0,14400.0,14150.0,67855.0
2014.04.22,14700.0,450.0,14300.0,14700.0,14200.0,105985.0
2014.04.23,14300.0,400.0,14700.0,14700.0,14300.0,75236.0
2014.04.24,14050.0,250.0,14300.0,14300.0,14050.0,73322.0
2014.04.25,14050.0,0.0,14100.0,14250.0,14050.0,36283.0
2014.04.28,14400.0,350.0,14050.0,14400.0,14050.0,46966.0
2014.04.29,14100.0,300.0,14350.0,14400.0,14000.0,63571.0
2014.04.30,14050.0,50.0,14250.0,14250.0,14050.0,40313.0
2014.05.02,12000.0,2050.0,12850.0,13150.0,11950.0,997477.0
2014.05.07,11950.0,50.0,11900.0,12200.0,11650.0,167453.0
2014.05.08,11800.0,150.0,11950.0,12050.0,11600.0,92905.0
2014.05.09,12150.0,350.0,11900.0,12150.0,11700.0,104479.0
2014.05.12,12450.0,300.0,12250.0,12500.0,11800.0,85421.0
2014.05.13,12600.0,150.0,12500.0,12750.0,12350.0,75304.0
2014.05.14,12500.0,100.0,12500.0,12650.0,12300.0,32410.0
2014.05.15,12850.0,350.0,12400.0,12950.0,12400.0,57583.0
2014.05.16,12750.0,100.0,12800.0,12950.0,12500.0,52261.0
2014.05.19,12000.0,750.0,12800.0,12850.0,12000.0,144426.0
2014.05.20,12000.0,0.0,12000.0,12100.0,11650.0,101461.0
2014.05.21,12250.0,250.0,12150.0,12350.0,12050.0,28248.0
2014.05.22,12000.0,250.0,12300.0,12350.0,12000.0,45601.0
2014.05.23,11950.0,50.0,12100.0,12200.0,11950.0,20548.0
2014.05.26,11600.0,350.0,11950.0,12050.0,11550.0,74789.0
2014.05.27,11150.0,450.0,11600.0,11850.0,10900.0,145427.0
2014.05.28,10750.0,400.0,11150.0,11150.0,10600.0,150762.0
2014.05.29,10250.0,500.0,10900.0,10900.0,10050.0,323889.0
2014.05.30,10800.0,550.0,10300.0,10800.0,10100.0,277479.0
2014.06.02,10250.0,550.0,10600.0,10650.0,10150.0,92404.0
2014.06.03,10150.0,100.0,10200.0,10350.0,9980.0,84546.0
2014.06.05,9710.0,440.0,10000.0,10200.0,9700.0,76456.0
2014.06.09,9860.0,150.0,9800.0,9950.0,9790.0,53132.0
2014.06.10,10350.0,490.0,9860.0,10400.0,9860.0,49403.0
2014.06.11,10500.0,150.0,10400.0,10700.0,10250.0,44555.0
2014.06.12,9980.0,520.0,10450.0,10600.0,9920.0,77397.0
2014.06.13,9840.0,140.0,10000.0,10000.0,9720.0,60821.0
2014.06.16,9630.0,210.0,9910.0,9910.0,9630.0,52263.0
2014.06.17,10050.0,420.0,9820.0,10250.0,9800.0,84869.0
2014.06.18,9910.0,140.0,10100.0,10100.0,9800.0,68623.0
2014.06.19,9900.0,10.0,9980.0,10100.0,9740.0,60669.0
2014.06.20,9600.0,300.0,9950.0,9950.0,9590.0,136717.0
2014.06.23,9370.0,230.0,9690.0,9690.0,9170.0,132417.0
2014.06.24,9120.0,250.0,9200.0,9290.0,8930.0,191201.0
2014.06.25,9220.0,100.0,9120.0,9340.0,9010.0,97565.0
2014.06.26,9150.0,70.0,9150.0,9260.0,9070.0,59680.0
2014.06.27,9110.0,40.0,9100.0,9240.0,9080.0,36293.0
2014.06.30,9500.0,390.0,9120.0,9510.0,9120.0,51044.0
2014.07.01,9600.0,100.0,9500.0,9600.0,9360.0,61574.0
2014.07.02,9450.0,150.0,9640.0,9680.0,9390.0,89305.0
2014.07.03,10250.0,800.0,9490.0,10250.0,9450.0,340630.0
2014.07.04,9980.0,270.0,10300.0,10400.0,9980.0,171652.0
2014.07.07,9640.0,340.0,9940.0,9970.0,9600.0,115702.0
2014.07.08,10100.0,460.0,9660.0,10450.0,9550.0,276343.0
2014.07.09,9780.0,320.0,10000.0,10050.0,9720.0,112604.0
2014.07.10,9820.0,40.0,9760.0,9930.0,9750.0,81658.0
2014.07.11,9510.0,310.0,9820.0,9820.0,9500.0,96015.0
2014.07.14,9520.0,10.0,9600.0,9730.0,9500.0,62095.0
2014.07.15,9570.0,50.0,9540.0,9710.0,9490.0,66416.0
2014.07.16,9240.0,330.0,9550.0,9580.0,9120.0,132096.0
2014.07.17,9500.0,260.0,9240.0,9750.0,9240.0,103862.0
2014.07.18,9520.0,20.0,9370.0,9530.0,9370.0,27766.0
2014.07.21,9630.0,110.0,9570.0,9750.0,9500.0,68349.0
2014.07.22,9320.0,310.0,9680.0,9680.0,9290.0,138980.0
2014.07.23,9350.0,30.0,9350.0,9560.0,9280.0,86732.0
2014.07.24,9170.0,180.0,9350.0,9400.0,9150.0,97022.0
2014.07.25,9400.0,230.0,9190.0,9460.0,9170.0,52866.0
2014.07.28,9290.0,110.0,9440.0,9440.0,9200.0,54130.0
2014.07.29,9050.0,240.0,9290.0,9360.0,9000.0,99522.0
2014.07.30,8800.0,250.0,9050.0,9060.0,8770.0,102590.0
2014.07.31,8900.0,100.0,8800.0,8950.0,8580.0,76936.0
2014.08.01,9090.0,190.0,8890.0,9090.0,8860.0,26237.0
2014.08.04,9190.0,100.0,9120.0,9220.0,9060.0,40877.0
2014.08.05,9060.0,130.0,9230.0,9300.0,8980.0,50959.0
2014.08.06,8830.0,230.0,8960.0,9050.0,8830.0,59400.0
2014.08.07,8700.0,130.0,8790.0,8850.0,8600.0,42679.0
2014.08.08,8790.0,90.0,8810.0,8950.0,8650.0,53308.0
2014.08.11,8900.0,110.0,8800.0,9070.0,8770.0,44028.0
2014.08.12,8710.0,190.0,8990.0,9010.0,8710.0,48760.0
2014.08.13,8700.0,10.0,8710.0,8840.0,8680.0,85469.0
2014.08.14,8610.0,90.0,8700.0,8830.0,8530.0,122798.0
2014.08.18,8650.0,40.0,8580.0,8670.0,8530.0,72040.0
2014.08.19,8800.0,150.0,8690.0,8860.0,8550.0,79393.0
2014.08.20,9030.0,230.0,8800.0,9080.0,8760.0,113946.0
2014.08.21,9200.0,170.0,9100.0,9410.0,9000.0,102663.0
2014.08.22,9300.0,100.0,9130.0,9310.0,9100.0,47453.0
2014.08.25,9200.0,100.0,9270.0,9380.0,9100.0,46005.0
2014.08.26,9230.0,30.0,9170.0,9300.0,9130.0,54041.0
2014.08.27,9330.0,100.0,9300.0,9410.0,9230.0,43301.0
2014.08.28,9200.0,130.0,9250.0,9380.0,9080.0,73400.0
2014.08.29,9180.0,20.0,9130.0,9230.0,9060.0,33842.0
2014.09.01,9070.0,110.0,9220.0,9220.0,8860.0,50718.0
2014.09.02,8930.0,140.0,8980.0,8980.0,8810.0,48043.0
2014.09.03,8860.0,70.0,8860.0,8920.0,8730.0,40425.0
2014.09.04,8710.0,150.0,8930.0,8930.0,8690.0,28333.0
2014.09.05,8690.0,20.0,8820.0,8820.0,8590.0,47124.0
2014.09.11,8690.0,0.0,8710.0,8800.0,8650.0,56700.0
2014.09.12,8720.0,30.0,8760.0,8760.0,8600.0,34070.0
2014.09.15,8690.0,30.0,8720.0,8720.0,8600.0,36861.0
2014.09.16,8820.0,130.0,8630.0,8880.0,8630.0,55499.0
2014.09.17,9000.0,180.0,8820.0,9050.0,8790.0,45170.0
2014.09.18,9290.0,290.0,9060.0,9290.0,9010.0,78722.0
2014.09.19,9300.0,10.0,9380.0,9390.0,9190.0,62707.0
2014.09.22,9080.0,220.0,9300.0,9310.0,9000.0,100926.0
2014.09.23,9120.0,40.0,9080.0,9150.0,8930.0,33919.0
2014.09.24,9350.0,230.0,9100.0,9350.0,9030.0,64128.0
2014.09.25,8930.0,420.0,9360.0,9370.0,8930.0,110538.0
2014.09.26,8900.0,30.0,8800.0,8940.0,8750.0,60577.0
2014.09.29,8890.0,10.0,9040.0,9040.0,8750.0,46186.0
2014.09.30,8890.0,0.0,8850.0,8890.0,8720.0,37326.0
2014.10.01,9180.0,290.0,8950.0,9360.0,8870.0,133606.0
2014.10.02,9030.0,150.0,9190.0,9200.0,8860.0,86103.0
2014.10.06,8850.0,180.0,9240.0,9290.0,8730.0,152307.0
2014.10.07,8740.0,110.0,8730.0,8840.0,8640.0,51791.0
2014.10.08,8690.0,50.0,8610.0,8730.0,8610.0,38322.0
2014.10.10,7960.0,730.0,8610.0,8690.0,7870.0,174817.0
2014.10.13,7390.0,570.0,7810.0,7940.0,7160.0,181838.0
2014.10.14,7500.0,110.0,7210.0,7600.0,7210.0,44053.0
2014.10.15,7110.0,390.0,7260.0,7480.0,6950.0,112851.0
2014.10.16,7100.0,10.0,7120.0,7210.0,6910.0,79129.0
2014.10.17,7030.0,70.0,7150.0,7200.0,6930.0,55074.0
2014.10.20,7250.0,220.0,7090.0,7330.0,7020.0,82501.0
2014.10.21,7300.0,50.0,7290.0,7370.0,7260.0,22142.0
2014.10.22,7300.0,0.0,7440.0,7440.0,7270.0,17807.0
2014.10.23,7250.0,50.0,7370.0,7370.0,7170.0,19973.0
2014.10.24,7190.0,60.0,7330.0,7330.0,7070.0,42372.0
2014.10.27,7180.0,10.0,7260.0,7280.0,7080.0,17686.0
2014.10.28,7330.0,150.0,7220.0,7350.0,7110.0,23619.0
2014.10.29,7600.0,270.0,7340.0,7700.0,7340.0,36319.0
2014.10.30,7710.0,110.0,7540.0,7800.0,7370.0,36921.0
2014.10.31,7670.0,40.0,7710.0,7790.0,7560.0,12131.0
2014.11.03,7420.0,250.0,7700.0,7740.0,7400.0,37321.0
2014.11.04,7040.0,380.0,7350.0,7420.0,6930.0,55691.0
2014.11.05,6920.0,120.0,6900.0,7090.0,6820.0,44865.0
2014.11.06,7010.0,90.0,6920.0,7050.0,6850.0,23194.0
2014.11.07,7010.0,0.0,7090.0,7090.0,6960.0,23934.0
2014.11.10,7090.0,80.0,7010.0,7200.0,6950.0,45198.0
2014.11.11,7130.0,40.0,7160.0,7160.0,7020.0,19977.0
2014.11.12,7110.0,20.0,7180.0,7180.0,7000.0,28511.0
2014.11.13,7190.0,80.0,7120.0,7340.0,7110.0,38574.0
2014.11.14,7100.0,90.0,7140.0,7210.0,7040.0,34724.0
2014.11.17,7100.0,0.0,7030.0,7140.0,7020.0,29786.0
2014.11.18,7080.0,20.0,7100.0,7200.0,7000.0,29073.0
2014.11.19,7040.0,40.0,7080.0,7110.0,6960.0,34170.0
2014.11.20,7000.0,40.0,7000.0,7080.0,6950.0,47019.0
2014.11.21,7170.0,170.0,7030.0,7170.0,6970.0,41151.0
2014.11.24,7450.0,280.0,7200.0,7450.0,7200.0,97308.0
2014.11.25,7460.0,10.0,7480.0,7480.0,7380.0,19569.0
2014.11.26,7600.0,140.0,7550.0,7930.0,7470.0,88953.0
2014.11.27,7660.0,60.0,7690.0,7750.0,7570.0,33252.0
2014.11.28,7580.0,80.0,7750.0,7760.0,7410.0,31038.0
2014.12.01,7540.0,40.0,7670.0,7670.0,7440.0,41761.0
2014.12.02,7540.0,0.0,7450.0,7550.0,7420.0,9837.0
2014.12.03,7640.0,100.0,7580.0,7750.0,7470.0,44650.0
2014.12.04,7620.0,20.0,7720.0,7730.0,7540.0,16868.0
2014.12.05,7990.0,370.0,7700.0,8080.0,7620.0,96384.0
2014.12.08,8340.0,350.0,8050.0,8390.0,8010.0,125410.0
2014.12.09,8280.0,60.0,8300.0,8400.0,8210.0,42202.0
2014.12.10,8140.0,140.0,8240.0,8280.0,7980.0,52169.0
2014.12.11,8100.0,40.0,8140.0,8240.0,7970.0,30605.0
2014.12.12,8170.0,70.0,8170.0,8210.0,8050.0,38329.0
2014.12.15,8100.0,70.0,8160.0,8160.0,8010.0,38399.0
2014.12.16,8140.0,40.0,8100.0,8400.0,8090.0,82607.0
2014.12.17,8030.0,110.0,8170.0,8190.0,7990.0,36671.0
2014.12.18,8280.0,250.0,8110.0,8340.0,7980.0,113779.0
2014.12.19,8480.0,200.0,8340.0,8690.0,8290.0,172819.0
2014.12.22,8580.0,100.0,8700.0,8950.0,8420.0,150389.0
2014.12.23,8580.0,0.0,8810.0,8910.0,8550.0,141107.0
2014.12.24,8400.0,180.0,8650.0,8730.0,8360.0,63333.0
2014.12.26,8330.0,70.0,8490.0,8490.0,8230.0,58927.0
2014.12.29,8440.0,110.0,8250.0,8440.0,8250.0,32322.0
2014.12.30,8540.0,100.0,8370.0,8560.0,8310.0,44502.0
2015.01.02,8890.0,350.0,8640.0,8890.0,8520.0,116055.0
2015.01.05,9120.0,230.0,8940.0,9290.0,8880.0,159295.0
2015.01.06,9140.0,20.0,9120.0,9260.0,8870.0,104540.0
2015.01.07,9080.0,60.0,9200.0,9200.0,8940.0,80071.0
2015.01.08,8890.0,190.0,9110.0,9110.0,8880.0,78919.0
2015.01.09,9090.0,200.0,8980.0,9270.0,8900.0,87472.0
2015.01.12,9240.0,150.0,9140.0,9380.0,9100.0,129986.0
2015.01.13,8900.0,340.0,9310.0,9310.0,8890.0,81161.0
2015.01.14,9040.0,140.0,8930.0,9040.0,8800.0,107580.0
2015.01.15,9500.0,460.0,9040.0,9600.0,8930.0,230382.0
2015.01.16,9590.0,90.0,9520.0,9750.0,9390.0,212373.0
2015.01.19,9680.0,90.0,9700.0,9740.0,9520.0,145763.0
2015.01.20,10000.0,320.0,9640.0,10000.0,9600.0,209127.0
2015.01.21,10050.0,50.0,9960.0,10400.0,9960.0,206159.0
2015.01.22,10100.0,50.0,10100.0,10500.0,9680.0,212434.0
2015.01.23,9970.0,130.0,10100.0,10400.0,9960.0,123125.0
2015.01.26,10050.0,80.0,10100.0,10200.0,9890.0,92298.0
2015.01.27,10100.0,50.0,10250.0,10350.0,9910.0,148022.0
2015.01.28,10050.0,50.0,10100.0,10150.0,9920.0,72872.0
2015.01.29,10100.0,50.0,10000.0,10150.0,9970.0,100342.0
2015.01.30,9840.0,260.0,10200.0,10250.0,9620.0,112361.0
2015.02.02,9630.0,210.0,9930.0,9930.0,9630.0,66857.0
2015.02.03,9080.0,550.0,9690.0,9720.0,8910.0,247284.0
2015.02.04,9370.0,290.0,9230.0,9560.0,9070.0,141404.0
2015.02.05,9610.0,240.0,9410.0,9700.0,9410.0,67582.0
2015.02.06,9520.0,90.0,9690.0,9690.0,9440.0,40366.0
2015.02.09,9100.0,420.0,9520.0,9550.0,9060.0,85407.0
2015.02.10,9300.0,200.0,9100.0,9380.0,9080.0,47029.0
2015.02.11,9610.0,310.0,9640.0,9900.0,9530.0,147956.0
2015.02.12,9390.0,220.0,9620.0,9680.0,9310.0,71571.0
2015.02.13,9370.0,20.0,9480.0,9500.0,9150.0,88909.0
2015.02.16,9210.0,160.0,9270.0,9360.0,9200.0,74338.0
2015.02.17,9100.0,110.0,9200.0,9260.0,9040.0,41857.0
2015.02.23,9380.0,280.0,9090.0,9380.0,9080.0,47161.0
2015.02.24,9360.0,20.0,9440.0,9440.0,9260.0,43952.0
2015.02.25,9220.0,140.0,9360.0,9360.0,9210.0,58520.0
2015.02.26,9290.0,70.0,9220.0,9330.0,9150.0,49111.0
2015.02.27,9680.0,390.0,9290.0,9680.0,9220.0,101859.0
2015.03.02,9680.0,0.0,9770.0,9770.0,9620.0,49487.0
2015.03.03,9730.0,50.0,9710.0,9780.0,9620.0,72986.0
2015.03.04,9650.0,80.0,9750.0,9770.0,9600.0,60910.0
2015.03.05,10400.0,750.0,9660.0,10400.0,9660.0,370753.0
2015.03.06,10500.0,100.0,10500.0,10750.0,10200.0,288013.0
2015.03.09,10000.0,500.0,10450.0,10450.0,10000.0,231819.0
2015.03.10,9980.0,20.0,10150.0,10150.0,9700.0,135349.0
2015.03.11,10100.0,120.0,9910.0,10200.0,9850.0,66788.0
2015.03.12,9990.0,110.0,10200.0,10250.0,9900.0,91925.0
2015.03.13,10050.0,60.0,10000.0,10200.0,9910.0,114221.0
2015.03.16,10600.0,550.0,10100.0,10650.0,10050.0,208657.0
2015.03.17,10850.0,250.0,10700.0,11050.0,10450.0,362092.0
2015.03.18,10800.0,50.0,10900.0,11100.0,10600.0,282089.0
2015.03.19,10400.0,400.0,10800.0,10850.0,10350.0,180777.0
2015.03.20,11000.0,600.0,10850.0,11150.0,10600.0,294220.0
2015.03.23,11000.0,0.0,10950.0,11150.0,10850.0,124738.0
2015.03.24,10600.0,400.0,11000.0,11000.0,10600.0,119316.0
2015.03.25,11200.0,600.0,10700.0,11300.0,10600.0,172811.0
2015.03.26,10850.0,350.0,11100.0,11150.0,10850.0,140288.0
2015.03.27,10850.0,0.0,10950.0,10950.0,10700.0,68898.0
2015.03.30,10600.0,250.0,10800.0,10800.0,10450.0,127810.0
2015.03.31,10650.0,50.0,10700.0,10850.0,10550.0,92262.0
2015.04.01,10450.0,200.0,10650.0,10700.0,10300.0,121795.0
2015.04.02,10400.0,50.0,10500.0,10550.0,10050.0,115253.0
2015.04.03,10950.0,550.0,10400.0,10950.0,10350.0,139091.0
2015.04.06,10900.0,50.0,11100.0,11100.0,10800.0,89444.0
2015.04.07,10950.0,50.0,10900.0,11000.0,10700.0,64018.0
2015.04.08,11150.0,200.0,11200.0,11400.0,11100.0,297146.0
2015.04.09,11250.0,100.0,11100.0,11500.0,11050.0,172117.0
2015.04.10,11450.0,200.0,11250.0,11600.0,11150.0,164082.0
2015.04.13,11400.0,50.0,11550.0,11600.0,11200.0,102856.0
2015.04.14,10900.0,500.0,11500.0,11500.0,10650.0,150389.0
2015.04.15,11050.0,150.0,10950.0,11250.0,10800.0,109153.0
2015.04.16,10750.0,300.0,11100.0,11150.0,10600.0,100168.0
2015.04.17,10750.0,0.0,10800.0,10950.0,10600.0,91762.0
2015.04.20,10600.0,150.0,10500.0,10800.0,10400.0,106381.0
2015.04.21,10650.0,50.0,10600.0,10800.0,10450.0,82891.0
2015.04.22,10300.0,350.0,10600.0,10650.0,9990.0,230765.0
2015.04.23,10000.0,300.0,10200.0,10350.0,9960.0,242925.0
2015.04.24,9700.0,300.0,9990.0,10050.0,9550.0,254783.0
2015.04.27,9890.0,190.0,9700.0,10200.0,9460.0,335815.0
2015.04.28,9730.0,160.0,9920.0,9930.0,9690.0,104387.0
2015.04.29,9530.0,200.0,9730.0,9800.0,9430.0,129760.0
2015.04.30,9650.0,120.0,9670.0,9900.0,9570.0,227091.0
2015.05.04,9720.0,70.0,9820.0,9820.0,9650.0,80738.0
2015.05.06,9650.0,70.0,9620.0,9720.0,9420.0,69225.0
2015.05.07,9930.0,280.0,9560.0,9930.0,9460.0,66704.0
2015.05.08,10000.0,70.0,9870.0,10200.0,9870.0,179316.0
2015.05.11,10050.0,50.0,10100.0,10150.0,9930.0,61967.0
2015.05.12,9820.0,230.0,10050.0,10100.0,9810.0,66362.0
2015.05.13,9770.0,50.0,9800.0,9810.0,9700.0,65043.0
2015.05.14,9910.0,140.0,9780.0,9970.0,9780.0,47387.0
2015.05.15,9810.0,100.0,9990.0,9990.0,9750.0,48584.0
2015.05.18,9640.0,170.0,9800.0,9810.0,9610.0,50737.0
2015.05.19,9600.0,40.0,9650.0,9710.0,9430.0,93376.0
2015.05.20,9430.0,170.0,9550.0,9610.0,9090.0,155676.0
2015.05.21,9400.0,30.0,9250.0,9400.0,9100.0,94137.0
2015.05.22,9290.0,110.0,9300.0,9420.0,9240.0,70539.0
2015.05.26,9410.0,120.0,9250.0,9410.0,9250.0,66746.0
2015.05.27,9290.0,120.0,9330.0,9410.0,9210.0,37232.0
2015.05.28,9200.0,90.0,9350.0,9350.0,9140.0,38553.0
2015.05.29,9310.0,110.0,9240.0,9340.0,9130.0,36794.0
2015.06.01,9300.0,10.0,9310.0,9310.0,9160.0,17819.0
2015.06.02,9230.0,70.0,9210.0,9290.0,9040.0,42767.0
2015.06.03,9220.0,10.0,9140.0,9260.0,9040.0,61270.0
2015.06.04,9040.0,180.0,9110.0,9260.0,9030.0,42359.0
2015.06.05,9100.0,60.0,9050.0,9120.0,9010.0,45997.0
2015.06.08,9290.0,190.0,9100.0,9450.0,9070.0,66901.0
2015.06.09,9220.0,70.0,9310.0,9310.0,9140.0,40208.0
2015.06.10,9100.0,120.0,9270.0,9350.0,9090.0,34138.0
2015.06.11,8970.0,130.0,9120.0,9190.0,8750.0,148232.0
2015.06.12,8940.0,30.0,8900.0,8950.0,8810.0,65308.0
2015.06.15,8810.0,130.0,8840.0,9010.0,8810.0,34682.0
2015.06.16,8760.0,50.0,8660.0,8890.0,8540.0,61590.0
2015.06.17,8820.0,60.0,8610.0,8850.0,8570.0,68969.0
2015.06.18,8820.0,0.0,8800.0,8880.0,8740.0,26414.0
2015.06.19,8960.0,140.0,8830.0,8970.0,8730.0,39295.0
2015.06.22,9150.0,190.0,9020.0,9170.0,8920.0,41410.0
2015.06.23,9150.0,0.0,9120.0,9190.0,9090.0,33293.0
2015.06.24,9110.0,40.0,9220.0,9220.0,9000.0,34232.0
2015.06.25,9500.0,390.0,9190.0,9600.0,9170.0,147484.0
2015.06.26,9500.0,0.0,9650.0,9650.0,9450.0,63470.0
2015.06.29,9250.0,250.0,9250.0,9460.0,9130.0,78970.0
2015.06.30,9350.0,100.0,9230.0,9370.0,9130.0,35328.0
2015.07.01,9590.0,240.0,9380.0,9590.0,9370.0,37568.0
2015.07.02,9670.0,80.0,9590.0,9670.0,9480.0,33067.0
2015.07.03,9670.0,0.0,9670.0,9680.0,9500.0,47734.0
2015.07.06,9440.0,230.0,9660.0,9660.0,9440.0,57475.0
2015.07.07,9310.0,130.0,9450.0,9540.0,9210.0,51782.0
2015.07.08,9370.0,60.0,9320.0,9420.0,9250.0,45776.0
2015.07.09,9730.0,360.0,9370.0,9740.0,9110.0,98810.0
2015.07.10,9620.0,110.0,9690.0,9770.0,9620.0,60254.0
2015.07.13,10000.0,380.0,9540.0,10200.0,9540.0,268574.0
2015.07.14,10100.0,100.0,10100.0,10250.0,9980.0,100308.0
2015.07.15,10200.0,100.0,10050.0,10200.0,10000.0,90140.0
2015.07.16,10550.0,350.0,10300.0,10600.0,10200.0,162266.0
2015.07.17,10500.0,50.0,10650.0,10850.0,10400.0,168941.0
2015.07.20,10500.0,0.0,10500.0,10500.0,10100.0,118661.0
2015.07.21,10950.0,450.0,10700.0,11000.0,10350.0,164355.0
2015.07.22,10950.0,0.0,10900.0,11450.0,10650.0,260266.0
2015.07.23,10500.0,450.0,10800.0,11150.0,10500.0,189986.0
2015.07.24,12550.0,2050.0,11050.0,13450.0,11050.0,3682709.0
2015.07.27,13850.0,1300.0,12750.0,13850.0,12500.0,2121449.0
2015.07.28,13700.0,150.0,13400.0,14050.0,13000.0,1560901.0
2015.07.29,12750.0,950.0,13600.0,13850.0,12700.0,980999.0
2015.07.30,13250.0,500.0,12950.0,13400.0,12750.0,1275067.0
2015.07.31,12500.0,750.0,13400.0,14400.0,12400.0,2273558.0
2015.08.03,12650.0,150.0,12500.0,12850.0,12250.0,461771.0
2015.08.04,13400.0,750.0,12600.0,13400.0,12450.0,694433.0
2015.08.05,13400.0,0.0,13250.0,13500.0,12900.0,329639.0
2015.08.06,13200.0,200.0,13400.0,13700.0,12950.0,285693.0
2015.08.07,13300.0,100.0,13250.0,14250.0,13000.0,581967.0
2015.08.10,13100.0,200.0,13400.0,13550.0,13000.0,225310.0
2015.08.11,13800.0,700.0,13200.0,13950.0,13100.0,665764.0
2015.08.12,14450.0,650.0,13700.0,14550.0,13550.0,1175469.0
2015.08.13,13950.0,500.0,14450.0,14850.0,13700.0,646157.0
2015.08.17,12300.0,1650.0,13900.0,14150.0,12300.0,735022.0
2015.08.18,12400.0,100.0,12300.0,12800.0,12200.0,472007.0
2015.08.19,12700.0,300.0,12400.0,12900.0,11900.0,444900.0
2015.08.20,12400.0,300.0,12500.0,12950.0,12400.0,233060.0
2015.08.21,12000.0,400.0,11750.0,12950.0,11550.0,577241.0
2015.08.24,11450.0,550.0,12250.0,12550.0,11400.0,397210.0
2015.08.25,12150.0,700.0,11600.0,12150.0,10950.0,657298.0
2015.08.26,12500.0,350.0,12050.0,12500.0,11950.0,331912.0
2015.08.27,13400.0,900.0,12650.0,13500.0,12500.0,565036.0
2015.08.28,13300.0,100.0,13550.0,13650.0,13250.0,292982.0
2015.08.31,13850.0,550.0,13200.0,13950.0,13000.0,381709.0
2015.09.01,13200.0,650.0,13750.0,13900.0,13050.0,333750.0
2015.09.02,13900.0,700.0,12800.0,14100.0,12750.0,499804.0
2015.09.03,13200.0,700.0,13900.0,14050.0,13100.0,357897.0
2015.09.04,12750.0,450.0,13300.0,13450.0,12650.0,175983.0
2015.09.07,12950.0,200.0,12750.0,13200.0,12300.0,178835.0
2015.09.08,13000.0,50.0,12900.0,13700.0,12650.0,364753.0
2015.09.09,13550.0,550.0,13300.0,13700.0,12950.0,225689.0
2015.09.10,13650.0,100.0,13400.0,14100.0,13400.0,306489.0
2015.09.11,13650.0,0.0,13700.0,13900.0,13350.0,151643.0
2015.09.14,13500.0,150.0,13650.0,13850.0,13300.0,130801.0
2015.09.15,14150.0,650.0,13500.0,14300.0,13350.0,549257.0
2015.09.16,14000.0,150.0,14050.0,14200.0,13800.0,257210.0
2015.09.17,13600.0,400.0,14100.0,14100.0,13500.0,243101.0
2015.09.18,15150.0,1550.0,13850.0,15350.0,13800.0,1540806.0
2015.09.21,15350.0,200.0,14950.0,15350.0,14750.0,365090.0
2015.09.22,14950.0,400.0,15300.0,16300.0,14600.0,1078933.0
2015.09.23,14950.0,0.0,14900.0,15850.0,14650.0,761249.0
2015.09.24,14700.0,250.0,15300.0,15450.0,14600.0,236154.0
2015.09.25,14400.0,300.0,14750.0,14850.0,14000.0,295948.0
2015.09.30,14600.0,200.0,14150.0,14650.0,13900.0,179291.0
2015.10.01,14500.0,100.0,14600.0,14800.0,14250.0,156436.0
2015.10.02,14700.0,200.0,14400.0,14750.0,14300.0,131978.0
2015.10.05,14350.0,350.0,14850.0,14850.0,14300.0,168517.0
2015.10.06,14750.0,400.0,14400.0,15050.0,14250.0,232069.0
2015.10.07,14600.0,150.0,14750.0,15100.0,14550.0,177519.0
2015.10.08,14450.0,150.0,14650.0,15050.0,14150.0,178501.0
2015.10.12,14000.0,450.0,14450.0,14650.0,14000.0,150604.0
2015.10.13,14200.0,200.0,14000.0,14250.0,13900.0,73867.0
2015.10.14,14000.0,200.0,14050.0,14300.0,13600.0,135691.0
2015.10.15,14150.0,150.0,13800.0,14200.0,13750.0,55058.0
2015.10.16,14000.0,150.0,14200.0,14250.0,13850.0,72909.0
2015.10.19,13900.0,100.0,13900.0,14100.0,13800.0,52894.0
2015.10.20,14100.0,200.0,13850.0,14200.0,13800.0,62334.0
2015.10.21,13900.0,200.0,14000.0,14150.0,13750.0,72173.0
2015.10.22,13400.0,500.0,13900.0,13900.0,13300.0,102275.0
2015.10.23,13700.0,300.0,13650.0,13800.0,13450.0,49488.0
2015.10.26,13750.0,50.0,13850.0,14000.0,13600.0,85347.0
2015.10.27,13050.0,700.0,13650.0,13750.0,13000.0,116095.0
2015.10.28,13300.0,250.0,13250.0,13450.0,12950.0,58324.0
2015.10.29,13200.0,100.0,13400.0,13450.0,13150.0,38558.0
2015.10.30,12800.0,400.0,13100.0,13350.0,12550.0,69174.0
2015.11.02,12000.0,800.0,12600.0,12700.0,11800.0,160937.0
2015.11.03,11400.0,600.0,12050.0,12150.0,11150.0,238025.0
2015.11.04,11700.0,300.0,11250.0,11750.0,11050.0,144054.0
2015.11.05,11700.0,0.0,11700.0,11800.0,11450.0,76762.0
2015.11.06,11500.0,200.0,11750.0,11750.0,11450.0,53998.0
2015.11.09,11000.0,500.0,11450.0,11600.0,10900.0,79100.0
2015.11.10,11200.0,200.0,10950.0,11350.0,10700.0,57982.0
2015.11.11,11250.0,50.0,11050.0,11500.0,11050.0,52087.0
2015.11.12,11150.0,100.0,11200.0,11250.0,11000.0,31049.0
2015.11.13,10950.0,200.0,11150.0,11150.0,10600.0,43603.0
2015.11.16,10700.0,250.0,10550.0,10900.0,10550.0,36779.0
2015.11.17,11150.0,450.0,10750.0,11200.0,10750.0,34639.0
2015.11.18,11200.0,50.0,11150.0,11350.0,11050.0,34847.0
2015.11.19,11200.0,0.0,11250.0,11300.0,11050.0,31409.0
2015.11.20,11350.0,150.0,11200.0,11450.0,11200.0,35055.0
2015.11.23,11150.0,200.0,11450.0,11450.0,10950.0,42963.0
2015.11.24,10800.0,350.0,11200.0,11200.0,10400.0,75498.0
2015.11.25,10800.0,0.0,10800.0,11100.0,10750.0,39980.0
2015.11.26,10850.0,50.0,10800.0,10950.0,10700.0,46917.0
2015.11.27,10900.0,50.0,10850.0,11050.0,10750.0,31696.0
2015.11.30,10900.0,0.0,11050.0,11150.0,10750.0,44491.0
2015.12.01,10650.0,250.0,10900.0,10900.0,10500.0,84497.0
2015.12.02,10400.0,250.0,10550.0,10750.0,10400.0,49576.0
2015.12.03,9970.0,430.0,10350.0,10400.0,9960.0,162578.0
2015.12.04,10700.0,730.0,9920.0,10900.0,9870.0,176332.0
2015.12.07,10450.0,250.0,10900.0,10900.0,10450.0,52577.0
2015.12.08,10100.0,350.0,10400.0,10650.0,10000.0,81031.0
2015.12.09,10300.0,200.0,10050.0,10350.0,10000.0,48010.0
2015.12.10,10050.0,250.0,10300.0,10350.0,9940.0,87491.0
2015.12.11,9910.0,140.0,10000.0,10250.0,9720.0,83309.0
2015.12.14,9450.0,460.0,9920.0,9920.0,9370.0,79614.0
2015.12.15,9690.0,240.0,9340.0,9740.0,9340.0,44373.0
2015.12.16,9540.0,150.0,9700.0,9880.0,9430.0,108195.0
2015.12.17,9610.0,70.0,9560.0,9720.0,9520.0,64977.0
2015.12.18,9720.0,110.0,9770.0,9820.0,9620.0,68290.0
2015.12.21,9790.0,70.0,9660.0,9800.0,9610.0,59038.0
2015.12.22,9960.0,170.0,9800.0,9960.0,9700.0,54035.0
2015.12.23,9990.0,30.0,10050.0,10150.0,9870.0,58679.0
2015.12.24,9970.0,20.0,9960.0,9980.0,9830.0,46269.0
2015.12.28,9980.0,10.0,9970.0,10000.0,9850.0,54133.0
2015.12.29,9960.0,20.0,9920.0,9960.0,9810.0,52917.0
2015.12.30,9990.0,30.0,10000.0,10100.0,9880.0,41396.0
2016.01.04,9850.0,140.0,9990.0,10000.0,9790.0,36056.0
2016.01.05,9760.0,90.0,9840.0,9890.0,9610.0,46676.0
2016.01.06,9600.0,160.0,9780.0,9780.0,9520.0,54952.0
2016.01.07,9400.0,200.0,9690.0,9690.0,9400.0,39763.0
2016.01.08,9900.0,500.0,9330.0,10150.0,9030.0,116261.0
2016.01.11,9700.0,200.0,9890.0,9890.0,9650.0,52849.0
2016.01.12,9470.0,230.0,9790.0,9800.0,9350.0,56299.0
2016.01.13,9470.0,0.0,9430.0,9520.0,9330.0,63069.0
2016.01.14,9020.0,450.0,9420.0,9420.0,9020.0,104391.0
2016.01.15,8970.0,50.0,9030.0,9130.0,8940.0,92527.0
2016.01.18,9100.0,130.0,8850.0,9110.0,8800.0,53597.0
2016.01.19,9110.0,10.0,9100.0,9110.0,8950.0,26857.0
2016.01.20,8960.0,150.0,9110.0,9110.0,8700.0,54568.0
2016.01.21,8940.0,20.0,8810.0,8940.0,8580.0,102650.0
2016.01.22,8900.0,40.0,8820.0,9140.0,8820.0,71080.0
2016.01.25,9120.0,220.0,8910.0,9230.0,8850.0,75141.0
2016.01.26,9020.0,100.0,9270.0,9290.0,8900.0,46925.0
2016.01.27,9060.0,40.0,9010.0,9160.0,9000.0,28152.0
2016.01.28,9360.0,300.0,9060.0,9360.0,8980.0,44870.0
2016.01.29,9290.0,70.0,9440.0,9440.0,9200.0,36644.0
2016.02.01,9330.0,40.0,9310.0,9330.0,9110.0,45463.0
2016.02.02,9250.0,80.0,9280.0,9300.0,9170.0,21126.0
2016.02.03,9750.0,500.0,9050.0,9820.0,9050.0,218849.0
2016.02.04,9810.0,60.0,9930.0,10000.0,9750.0,96363.0
2016.02.05,9930.0,120.0,9810.0,9950.0,9770.0,63361.0
2016.02.11,9540.0,390.0,9710.0,9800.0,9400.0,64352.0
2016.02.12,9460.0,80.0,9400.0,9570.0,9030.0,103344.0
2016.02.15,10250.0,790.0,9620.0,10300.0,9600.0,197495.0
2016.02.16,10000.0,250.0,10200.0,10200.0,9940.0,120071.0
2016.02.17,9750.0,250.0,10050.0,10150.0,9610.0,115289.0
2016.02.18,9710.0,40.0,9760.0,9970.0,9600.0,123359.0
2016.02.19,10200.0,490.0,9710.0,10200.0,9600.0,111689.0
2016.02.22,10000.0,200.0,10450.0,10500.0,9990.0,148855.0
2016.02.23,9880.0,120.0,10050.0,10100.0,9790.0,110339.0
2016.02.24,10200.0,320.0,9980.0,10250.0,9860.0,156698.0
2016.02.25,9990.0,210.0,10200.0,10250.0,9920.0,67773.0
2016.02.26,9960.0,30.0,10050.0,10100.0,9880.0,68833.0
2016.02.29,9830.0,130.0,9930.0,10050.0,9710.0,66492.0
2016.03.02,9890.0,60.0,9850.0,9990.0,9830.0,26851.0
2016.03.03,10150.0,260.0,9920.0,10200.0,9860.0,81298.0
2016.03.04,10000.0,150.0,10150.0,10300.0,9990.0,105368.0
2016.03.07,9810.0,190.0,10050.0,10150.0,9790.0,93402.0
2016.03.08,9960.0,150.0,10200.0,10650.0,9910.0,601491.0
2016.03.09,9880.0,80.0,10050.0,10050.0,9810.0,155372.0
2016.03.10,9940.0,60.0,9930.0,9950.0,9790.0,91960.0
2016.03.11,9820.0,120.0,9950.0,9950.0,9780.0,76676.0
2016.03.14,9710.0,110.0,9830.0,9850.0,9710.0,84411.0
2016.03.15,9620.0,90.0,9720.0,9800.0,9550.0,90004.0
2016.03.16,9290.0,330.0,9600.0,9630.0,9290.0,157568.0
2016.03.17,9320.0,30.0,9380.0,9430.0,9300.0,69121.0
2016.03.18,9690.0,370.0,9350.0,9770.0,9280.0,106915.0
2016.03.21,9590.0,100.0,9680.0,9700.0,9540.0,39486.0
2016.03.22,9380.0,210.0,9540.0,9620.0,9380.0,85886.0
2016.03.23,9470.0,90.0,9380.0,9530.0,9320.0,70212.0
2016.03.24,9500.0,30.0,9390.0,9530.0,9390.0,41098.0
2016.03.25,9420.0,80.0,9500.0,9530.0,9360.0,44177.0
2016.03.28,9530.0,110.0,9420.0,9640.0,9420.0,79830.0
2016.03.29,9750.0,220.0,9540.0,9910.0,9540.0,106172.0
2016.03.30,9710.0,40.0,9830.0,9840.0,9700.0,39694.0
2016.03.31,9860.0,150.0,9710.0,9940.0,9700.0,77612.0
2016.04.01,9850.0,10.0,9950.0,9950.0,9760.0,56006.0
2016.04.04,10050.0,200.0,9950.0,10100.0,9850.0,133412.0
2016.04.05,9940.0,110.0,10050.0,10200.0,9850.0,114861.0
2016.04.06,9840.0,100.0,9940.0,9940.0,9770.0,54721.0
2016.04.07,9990.0,150.0,9860.0,10100.0,9790.0,90084.0
2016.04.08,9940.0,50.0,9990.0,9990.0,9840.0,46661.0
2016.04.11,10950.0,1010.0,10200.0,11350.0,10200.0,1412031.0
2016.04.12,11400.0,450.0,10900.0,11550.0,10600.0,992229.0
2016.04.14,10950.0,450.0,11350.0,11350.0,10750.0,503155.0
2016.04.15,10450.0,500.0,10900.0,10950.0,10300.0,317743.0
2016.04.18,10400.0,50.0,10500.0,10500.0,10150.0,193803.0
2016.04.19,10250.0,150.0,10550.0,10550.0,10200.0,160997.0
2016.04.20,10400.0,150.0,10500.0,11200.0,10250.0,961123.0
2016.04.21,10500.0,100.0,10400.0,10600.0,10250.0,175289.0
2016.04.22,10750.0,250.0,10550.0,11050.0,10550.0,352044.0
2016.04.25,10900.0,150.0,10650.0,11050.0,10650.0,205779.0
2016.04.26,10600.0,300.0,11000.0,11000.0,10450.0,179725.0
2016.04.27,10500.0,100.0,10600.0,10650.0,10350.0,141827.0
2016.04.28,9940.0,560.0,10300.0,10400.0,9940.0,497252.0
2016.04.29,9930.0,10.0,9900.0,10050.0,9600.0,238864.0
2016.05.02,9540.0,390.0,9900.0,9930.0,9530.0,190612.0
2016.05.03,9660.0,120.0,9590.0,9680.0,9550.0,90081.0
2016.05.04,9790.0,130.0,9600.0,9840.0,9600.0,64616.0
2016.05.09,9720.0,70.0,9850.0,9880.0,9720.0,95193.0
2016.05.10,9820.0,100.0,9720.0,9820.0,9600.0,270969.0
2016.05.11,10000.0,180.0,10350.0,10450.0,9960.0,359968.0
2016.05.12,9850.0,150.0,9980.0,10000.0,9820.0,112459.0
2016.05.13,9510.0,340.0,9840.0,9840.0,9510.0,239540.0
2016.05.16,9380.0,130.0,9500.0,9570.0,9360.0,136691.0
2016.05.17,9490.0,110.0,9380.0,9540.0,9370.0,109265.0
2016.05.18,9490.0,0.0,9490.0,9520.0,9330.0,100861.0
2016.05.19,9590.0,100.0,9420.0,9590.0,9420.0,89257.0
2016.05.20,9580.0,10.0,9510.0,9630.0,9460.0,50025.0
2016.05.23,9630.0,50.0,9600.0,9650.0,9500.0,72584.0
2016.05.24,9600.0,30.0,9670.0,9670.0,9500.0,259103.0
2016.05.25,9560.0,40.0,9530.0,9620.0,9480.0,90899.0
2016.05.26,9650.0,90.0,9700.0,9740.0,9570.0,120941.0
2016.05.27,9600.0,50.0,9650.0,9650.0,9560.0,109814.0
2016.05.30,9830.0,230.0,9620.0,9870.0,9620.0,129991.0
2016.05.31,9890.0,60.0,9860.0,9890.0,9750.0,63138.0
2016.06.01,10050.0,160.0,9880.0,10100.0,9850.0,120401.0
2016.06.02,10000.0,50.0,10150.0,10150.0,9950.0,51674.0
2016.06.03,9920.0,80.0,10100.0,10100.0,9840.0,75589.0
2016.06.07,9900.0,20.0,9960.0,10050.0,9790.0,70756.0
2016.06.08,9870.0,30.0,9850.0,9980.0,9810.0,75456.0
2016.06.09,9990.0,120.0,9870.0,10000.0,9830.0,91906.0
2016.06.10,9990.0,0.0,10050.0,10050.0,9860.0,88158.0
2016.06.13,10050.0,60.0,9950.0,10050.0,9870.0,89702.0
2016.06.14,10050.0,0.0,10050.0,10250.0,9940.0,140142.0
2016.06.15,10100.0,50.0,10150.0,10150.0,9980.0,71577.0
2016.06.16,12200.0,2100.0,10550.0,13100.0,10500.0,8953240.0
2016.06.17,11750.0,450.0,12000.0,12200.0,11250.0,2136361.0
2016.06.20,11750.0,0.0,11800.0,12150.0,11450.0,1273638.0
2016.06.21,11050.0,700.0,11900.0,12550.0,11000.0,2560443.0
2016.06.22,11200.0,150.0,11000.0,11400.0,10750.0,1099951.0
2016.06.23,10850.0,350.0,11350.0,11550.0,10750.0,610605.0
2016.06.24,10550.0,300.0,11050.0,11100.0,9950.0,1129907.0
2016.06.27,10450.0,100.0,10200.0,10650.0,10150.0,327371.0
2016.06.28,10600.0,150.0,10300.0,10750.0,10150.0,293069.0
2016.06.29,10800.0,200.0,10800.0,10950.0,10600.0,308597.0
2016.06.30,10650.0,150.0,10950.0,11100.0,10600.0,226483.0
2016.07.01,10900.0,250.0,10950.0,11050.0,10800.0,207361.0
2016.07.04,11450.0,550.0,11000.0,11700.0,10900.0,782190.0
2016.07.05,11600.0,150.0,11450.0,11650.0,11250.0,207833.0
2016.07.06,11650.0,50.0,11550.0,11750.0,11200.0,381182.0
2016.07.07,11600.0,50.0,11800.0,12050.0,11550.0,283813.0
2016.07.08,11600.0,0.0,11600.0,11600.0,11350.0,198496.0
2016.07.11,11450.0,150.0,11650.0,11750.0,11350.0,181326.0
2016.07.12,11850.0,400.0,11550.0,12000.0,11500.0,426012.0
2016.07.13,11650.0,200.0,11950.0,12100.0,11650.0,254756.0
2016.07.14,11600.0,50.0,11650.0,11700.0,11500.0,128009.0
2016.07.15,11500.0,100.0,11500.0,11600.0,11350.0,131983.0
2016.07.18,11600.0,100.0,11500.0,11750.0,11450.0,105433.0
2016.07.19,11850.0,250.0,11650.0,12050.0,11650.0,233864.0
2016.07.20,11800.0,50.0,11900.0,11950.0,11650.0,120399.0
2016.07.21,12000.0,200.0,11850.0,12100.0,11700.0,328153.0
2016.07.22,11900.0,100.0,12100.0,12150.0,11750.0,138407.0
2016.07.25,11900.0,0.0,11950.0,12000.0,11750.0,157089.0
2016.07.26,12050.0,150.0,11900.0,12250.0,11850.0,213448.0
2016.07.27,11800.0,250.0,12050.0,12100.0,11800.0,98865.0
2016.07.28,11800.0,0.0,11800.0,11950.0,11700.0,83256.0
2016.07.29,12000.0,200.0,11750.0,12000.0,11700.0,134687.0
2016.08.01,12250.0,250.0,12050.0,12300.0,11900.0,195734.0
2016.08.02,12350.0,100.0,12200.0,12400.0,12000.0,146713.0
2016.08.03,12350.0,0.0,12250.0,12450.0,12150.0,137480.0
2016.08.04,12100.0,250.0,12350.0,12350.0,11950.0,122104.0
2016.08.05,12000.0,100.0,12150.0,12200.0,11900.0,127879.0
2016.08.08,11950.0,50.0,11950.0,12050.0,11950.0,92926.0
2016.08.09,11750.0,200.0,11900.0,12000.0,11650.0,150659.0
2016.08.10,12500.0,750.0,11850.0,12650.0,11800.0,621898.0
2016.08.11,11950.0,550.0,12400.0,12400.0,11950.0,312988.0
2016.08.12,11850.0,100.0,11950.0,12000.0,11750.0,112600.0
2016.08.16,11450.0,400.0,11800.0,11850.0,11400.0,156565.0
2016.08.17,11500.0,50.0,11500.0,11650.0,11150.0,106194.0
2016.08.18,11700.0,200.0,11500.0,11700.0,11400.0,88956.0
2016.08.19,11750.0,50.0,11550.0,11750.0,11500.0,53642.0
2016.08.22,11550.0,200.0,11800.0,11800.0,11450.0,64509.0
2016.08.23,11500.0,50.0,11600.0,11650.0,11350.0,69138.0
2016.08.24,11400.0,100.0,11600.0,11600.0,11350.0,53056.0
2016.08.25,11450.0,50.0,11400.0,11500.0,11350.0,57399.0
2016.08.26,11650.0,200.0,11450.0,11850.0,11450.0,95541.0
2016.08.29,11450.0,200.0,11550.0,11650.0,11350.0,88769.0
2016.08.30,11250.0,200.0,11500.0,11550.0,11000.0,92779.0
2016.08.31,11400.0,150.0,11250.0,11450.0,11150.0,94556.0
2016.09.01,11500.0,100.0,11400.0,11550.0,11300.0,45130.0
2016.09.02,11400.0,100.0,11550.0,11550.0,11350.0,37645.0
2016.09.05,11350.0,50.0,11350.0,11450.0,11250.0,60225.0
2016.09.06,11900.0,550.0,11350.0,11900.0,11350.0,167996.0
2016.09.07,11650.0,250.0,11900.0,12250.0,11650.0,180094.0
2016.09.08,11600.0,50.0,11750.0,11800.0,11300.0,103279.0
2016.09.09,11100.0,500.0,11600.0,11650.0,11100.0,99076.0
2016.09.12,11050.0,50.0,10850.0,11400.0,10750.0,84805.0
2016.09.13,11100.0,50.0,11300.0,11400.0,10800.0,45066.0
2016.09.19,11450.0,350.0,11100.0,11550.0,10950.0,86158.0
2016.09.20,11650.0,200.0,11350.0,11750.0,11300.0,67971.0
2016.09.21,11600.0,50.0,11700.0,11700.0,11500.0,55813.0
2016.09.22,11750.0,150.0,11700.0,11850.0,11600.0,87010.0
2016.09.23,11800.0,50.0,11850.0,11950.0,11650.0,93170.0
2016.09.26,11550.0,250.0,11850.0,11850.0,11500.0,49895.0
2016.09.27,11550.0,0.0,11550.0,11600.0,11350.0,58945.0
2016.09.28,11600.0,50.0,11550.0,11850.0,11550.0,62800.0
2016.09.29,11450.0,150.0,11600.0,11750.0,11400.0,45427.0
2016.09.30,11500.0,50.0,11450.0,11550.0,11350.0,42720.0
2016.10.04,11750.0,250.0,11600.0,11850.0,11500.0,65562.0
2016.10.05,11850.0,100.0,11650.0,11900.0,11650.0,47934.0
2016.10.06,11850.0,0.0,11900.0,12000.0,11750.0,71202.0
2016.10.07,11600.0,250.0,11850.0,11900.0,11500.0,64395.0
2016.10.10,11650.0,50.0,11600.0,11750.0,11500.0,57943.0
2016.10.11,11850.0,200.0,11650.0,11850.0,11600.0,37764.0
2016.10.12,11800.0,50.0,11800.0,11850.0,11600.0,34242.0
2016.10.13,11700.0,100.0,11850.0,11900.0,11500.0,60029.0
2016.10.14,11700.0,0.0,11700.0,11750.0,11500.0,35969.0
2016.10.17,11600.0,100.0,11750.0,11750.0,11550.0,39900.0
2016.10.18,11500.0,100.0,11550.0,11600.0,11400.0,39258.0
2016.10.19,11450.0,50.0,11500.0,11550.0,11350.0,30080.0
2016.10.20,11350.0,100.0,11400.0,11500.0,11300.0,25952.0
2016.10.21,11400.0,50.0,11250.0,11500.0,11250.0,28941.0
2016.10.24,11650.0,250.0,11600.0,11750.0,11450.0,91182.0
2016.10.25,11650.0,0.0,12100.0,12800.0,11650.0,423272.0
2016.10.26,11600.0,50.0,11800.0,11900.0,11550.0,95310.0
2016.10.27,11750.0,150.0,11600.0,11900.0,11600.0,52031.0
2016.10.28,11850.0,100.0,11750.0,11900.0,11700.0,60573.0
2016.10.31,11550.0,300.0,11850.0,11850.0,11300.0,76341.0
2016.11.01,11450.0,100.0,11400.0,11550.0,11200.0,53718.0
2016.11.02,10950.0,500.0,11350.0,11450.0,10950.0,100176.0
2016.11.03,11000.0,50.0,10850.0,11150.0,10850.0,27643.0
2016.11.04,10850.0,150.0,11000.0,11050.0,10850.0,40908.0
2016.11.07,11200.0,350.0,10850.0,11500.0,10850.0,60758.0
2016.11.08,11350.0,150.0,11350.0,11550.0,11150.0,52673.0
2016.11.09,10900.0,450.0,11400.0,11550.0,10650.0,117789.0
2016.11.10,11300.0,400.0,11050.0,11450.0,11050.0,50931.0
2016.11.11,11400.0,100.0,11300.0,11500.0,11300.0,31027.0
2016.11.14,11650.0,250.0,11700.0,12100.0,11500.0,317758.0
2016.11.15,11550.0,100.0,11550.0,11750.0,11400.0,86011.0
2016.11.16,11850.0,300.0,11600.0,12000.0,11600.0,116305.0
2016.11.17,12000.0,150.0,12000.0,12050.0,11900.0,104520.0
2016.11.18,11800.0,200.0,12000.0,12100.0,11700.0,53354.0
2016.11.21,11750.0,50.0,11700.0,11800.0,11500.0,64995.0
2016.11.22,11800.0,50.0,11800.0,11900.0,11700.0,36820.0
2016.11.23,11600.0,200.0,11900.0,11950.0,11450.0,77781.0
2016.11.24,11200.0,400.0,11500.0,11700.0,11050.0,86978.0
2016.11.25,11000.0,200.0,11100.0,11200.0,10950.0,57967.0
2016.11.28,11150.0,150.0,11000.0,11200.0,11000.0,38330.0
2016.11.29,11250.0,100.0,11200.0,11250.0,11050.0,25007.0
2016.11.30,11300.0,50.0,11150.0,11300.0,11000.0,19588.0
2016.12.01,11200.0,100.0,11350.0,11350.0,11100.0,17663.0
2016.12.02,11050.0,150.0,11050.0,11150.0,10900.0,43178.0
2016.12.05,11100.0,50.0,11050.0,11150.0,10850.0,51818.0
2016.12.06,11100.0,0.0,11150.0,11200.0,10950.0,48390.0
2016.12.07,11100.0,0.0,11250.0,11250.0,10850.0,24947.0
2016.12.08,11200.0,100.0,11150.0,11300.0,11000.0,36057.0
2016.12.09,11300.0,100.0,11150.0,11350.0,11150.0,27840.0
2016.12.12,11250.0,50.0,11300.0,11400.0,11200.0,29491.0
2016.12.13,11300.0,50.0,11250.0,11400.0,11150.0,39895.0
2016.12.14,11500.0,200.0,11400.0,11600.0,11250.0,72531.0
2016.12.15,11500.0,0.0,11450.0,11550.0,11350.0,52417.0
2016.12.16,11550.0,50.0,11600.0,11700.0,11500.0,37295.0
2016.12.19,11400.0,150.0,11550.0,11550.0,11400.0,28153.0
2016.12.20,11450.0,50.0,11500.0,11550.0,11350.0,37862.0
2016.12.21,11600.0,150.0,11650.0,11650.0,11500.0,29309.0
2016.12.22,11650.0,50.0,11650.0,11700.0,11550.0,18465.0
2016.12.23,11700.0,50.0,11700.0,11700.0,11450.0,42619.0
2016.12.26,11600.0,100.0,11750.0,11750.0,11550.0,12113.0
2016.12.27,11600.0,0.0,11600.0,11700.0,11500.0,30097.0
2016.12.28,11600.0,0.0,11600.0,11600.0,11400.0,30807.0
2016.12.29,11550.0,50.0,11650.0,11650.0,11500.0,15380.0
2017.01.02,11450.0,100.0,11600.0,11650.0,11400.0,41998.0
2017.01.03,11700.0,250.0,11450.0,11700.0,11450.0,92098.0
2017.01.04,12200.0,500.0,11750.0,12250.0,11700.0,223696.0
2017.01.05,12150.0,50.0,12300.0,12350.0,12050.0,126354.0
2017.01.06,12100.0,50.0,12100.0,12200.0,11950.0,51824.0
2017.01.09,11900.0,200.0,12100.0,12200.0,11850.0,58896.0
2017.01.10,12000.0,100.0,11850.0,12150.0,11850.0,58091.0
2017.01.11,11850.0,150.0,11950.0,12100.0,11800.0,44566.0
2017.01.12,12200.0,350.0,11850.0,12250.0,11750.0,81331.0
2017.01.13,12000.0,200.0,12150.0,12250.0,11900.0,53440.0
2017.01.16,11950.0,50.0,12000.0,12000.0,11700.0,54409.0
2017.01.17,11700.0,250.0,11800.0,11850.0,11650.0,61387.0
2017.01.18,11700.0,0.0,11700.0,11700.0,11550.0,37426.0
2017.01.19,11800.0,100.0,11700.0,11850.0,11500.0,59742.0
2017.01.20,11750.0,50.0,11900.0,11900.0,11600.0,19719.0
2017.01.23,11750.0,0.0,11850.0,12000.0,11700.0,27076.0
2017.01.24,11600.0,150.0,11600.0,11750.0,11550.0,34498.0
2017.01.25,11650.0,50.0,11650.0,11750.0,11550.0,19518.0
2017.01.26,11700.0,50.0,11600.0,11750.0,11550.0,33904.0
2017.01.31,11950.0,250.0,11750.0,12000.0,11700.0,59308.0
2017.02.01,11900.0,50.0,12000.0,12150.0,11700.0,140525.0
2017.02.02,11900.0,0.0,11850.0,12000.0,11750.0,39758.0
2017.02.03,11950.0,50.0,11950.0,12000.0,11750.0,29130.0
2017.02.06,12050.0,100.0,12000.0,12200.0,11950.0,60544.0
2017.02.07,11950.0,100.0,12100.0,12100.0,11900.0,30722.0
2017.02.08,11900.0,50.0,12050.0,12050.0,11850.0,36415.0
2017.02.09,11800.0,100.0,11900.0,11950.0,11700.0,63780.0
2017.02.10,11800.0,0.0,11750.0,11900.0,11700.0,36710.0
2017.02.13,11750.0,50.0,11800.0,11900.0,11600.0,58831.0
2017.02.14,11900.0,150.0,11750.0,11950.0,11700.0,32454.0
2017.02.15,12300.0,400.0,11900.0,12350.0,11850.0,177431.0
2017.02.16,12450.0,150.0,12250.0,12450.0,12100.0,103644.0
2017.02.17,12300.0,150.0,12450.0,12550.0,12200.0,81359.0
2017.02.20,12350.0,50.0,12350.0,12400.0,12100.0,70840.0
2017.02.21,12350.0,0.0,12400.0,12600.0,12350.0,75250.0
2017.02.22,12600.0,250.0,12300.0,12600.0,12250.0,90208.0
2017.02.23,12800.0,200.0,12600.0,12800.0,12450.0,131775.0
2017.02.24,12650.0,150.0,12800.0,12850.0,12600.0,65078.0
2017.02.27,12750.0,100.0,12650.0,12800.0,12550.0,38650.0
2017.02.28,12800.0,50.0,12850.0,12900.0,12700.0,49025.0
2017.03.02,13500.0,700.0,12900.0,14100.0,12800.0,819450.0
2017.03.03,12850.0,650.0,13400.0,13400.0,12500.0,199852.0
2017.03.06,12800.0,50.0,12750.0,12900.0,12600.0,65176.0
2017.03.07,12850.0,50.0,12650.0,13200.0,12650.0,71899.0
2017.03.08,13200.0,350.0,13050.0,13350.0,12900.0,79474.0
2017.03.09,12950.0,250.0,13200.0,13250.0,12950.0,70976.0
2017.03.10,13150.0,200.0,13100.0,13150.0,12800.0,53213.0
2017.03.13,13400.0,250.0,13250.0,13600.0,13050.0,133914.0
2017.03.14,13750.0,350.0,13300.0,13850.0,13250.0,109560.0
2017.03.15,13750.0,0.0,13750.0,14000.0,13500.0,88934.0
2017.03.16,13700.0,50.0,13700.0,13950.0,13550.0,63776.0
2017.03.17,13800.0,100.0,13700.0,13950.0,13600.0,83129.0
2017.03.20,13600.0,200.0,14000.0,14150.0,13550.0,165795.0
2017.03.21,13500.0,100.0,13650.0,13800.0,13300.0,85435.0
2017.03.22,13450.0,50.0,13350.0,13600.0,13300.0,31425.0
2017.03.23,13500.0,50.0,13500.0,13900.0,13450.0,82781.0
2017.03.24,13400.0,100.0,13500.0,13700.0,13350.0,42158.0
2017.03.27,13150.0,250.0,13350.0,13500.0,13150.0,46992.0
2017.03.28,13300.0,150.0,13150.0,13400.0,13000.0,66207.0
2017.03.29,13350.0,50.0,13350.0,13450.0,13100.0,39913.0
2017.03.30,13400.0,50.0,13200.0,13550.0,13200.0,85047.0
2017.03.31,13550.0,150.0,13400.0,13600.0,13400.0,75368.0
2017.04.03,13600.0,50.0,13650.0,13750.0,13150.0,87619.0
2017.04.04,13650.0,50.0,13550.0,13850.0,13500.0,93890.0
2017.04.05,13800.0,150.0,13700.0,13800.0,13600.0,51999.0
2017.04.06,13800.0,0.0,13700.0,13850.0,13600.0,43132.0
2017.04.07,13800.0,0.0,13700.0,13850.0,13650.0,47304.0
2017.04.10,13350.0,450.0,13800.0,13900.0,12900.0,118714.0
2017.04.11,13400.0,50.0,13250.0,13400.0,12950.0,62932.0
2017.04.12,13300.0,100.0,13250.0,13400.0,13200.0,24588.0
2017.04.13,13200.0,100.0,13250.0,13300.0,12900.0,62192.0
2017.04.14,13050.0,150.0,13050.0,13100.0,12900.0,29274.0
2017.04.17,13200.0,150.0,12900.0,13350.0,12900.0,28253.0
2017.04.18,13300.0,100.0,13250.0,13300.0,13000.0,33722.0
2017.04.19,13200.0,100.0,13300.0,13350.0,13000.0,31894.0
2017.04.20,13150.0,50.0,13250.0,13250.0,13000.0,17541.0
2017.04.21,12900.0,250.0,13150.0,13150.0,12900.0,27892.0
2017.04.24,12900.0,0.0,12950.0,13000.0,12700.0,33934.0
2017.04.25,12900.0,0.0,12850.0,13000.0,12750.0,13410.0
2017.04.26,12700.0,200.0,12950.0,12950.0,12700.0,26167.0
2017.04.27,12750.0,50.0,12700.0,12850.0,12600.0,26546.0
2017.04.28,12750.0,0.0,12700.0,12900.0,12650.0,17718.0
2017.05.02,12000.0,750.0,12550.0,12600.0,11300.0,246494.0
2017.05.04,12250.0,250.0,12000.0,12300.0,12000.0,29665.0
2017.05.08,12550.0,300.0,12300.0,12600.0,12150.0,31668.0
2017.05.10,12200.0,350.0,12550.0,12550.0,11850.0,89297.0
2017.05.11,12150.0,50.0,12250.0,12350.0,11950.0,48854.0
2017.05.12,11700.0,450.0,12050.0,12150.0,11700.0,43722.0
2017.05.15,11850.0,150.0,12700.0,13000.0,11750.0,311492.0
2017.05.16,11900.0,50.0,11800.0,11900.0,11700.0,44148.0
2017.05.17,11950.0,50.0,11850.0,12050.0,11750.0,43503.0
2017.05.18,12050.0,100.0,11850.0,12050.0,11800.0,32838.0
2017.05.19,11950.0,100.0,12050.0,12100.0,11850.0,40040.0
2017.05.22,12200.0,250.0,12000.0,12200.0,11750.0,54416.0
2017.05.23,12350.0,150.0,12150.0,12350.0,12100.0,38168.0
2017.05.24,12450.0,100.0,12350.0,12450.0,12250.0,43560.0
2017.05.25,12300.0,150.0,12450.0,12450.0,12200.0,14241.0
2017.05.26,12450.0,150.0,12400.0,12450.0,12150.0,27152.0
2017.05.29,12300.0,150.0,12450.0,12450.0,12200.0,13555.0
2017.05.30,12250.0,50.0,12300.0,12350.0,12050.0,35557.0
2017.05.31,12200.0,50.0,12250.0,12300.0,12050.0,18905.0
2017.06.01,12250.0,50.0,12200.0,12350.0,12100.0,30035.0
2017.06.02,12250.0,0.0,12250.0,12300.0,12050.0,27316.0
2017.06.05,12600.0,350.0,12400.0,12750.0,12350.0,106511.0
2017.06.07,12500.0,100.0,12600.0,12600.0,12350.0,32991.0
2017.06.08,12450.0,50.0,12500.0,12600.0,12300.0,26148.0
2017.06.09,12500.0,50.0,12450.0,12500.0,12250.0,32417.0
2017.06.12,12400.0,100.0,12500.0,12600.0,12200.0,30833.0
2017.06.13,12650.0,250.0,12300.0,12650.0,12300.0,52072.0
2017.06.14,12600.0,50.0,12500.0,12650.0,12450.0,32545.0
2017.06.15,12400.0,200.0,12600.0,12600.0,12350.0,27225.0
2017.06.16,12350.0,50.0,12400.0,12450.0,12200.0,34989.0
2017.06.19,12250.0,100.0,12300.0,12350.0,12150.0,43680.0
2017.06.20,12100.0,150.0,12250.0,12300.0,11950.0,49908.0
2017.06.21,12000.0,100.0,12050.0,12200.0,12000.0,24081.0
2017.06.22,12300.0,300.0,12000.0,13150.0,11850.0,195880.0
2017.06.23,12350.0,50.0,12450.0,12500.0,12100.0,38439.0
2017.06.26,12400.0,50.0,12300.0,12400.0,12100.0,51463.0
2017.06.27,12300.0,100.0,12350.0,12400.0,12150.0,39527.0
2017.06.28,12400.0,100.0,12300.0,12500.0,12200.0,37292.0
2017.06.29,12600.0,200.0,12500.0,12900.0,12450.0,127198.0
2017.06.30,12850.0,250.0,12500.0,12950.0,12450.0,82491.0
2017.07.03,12900.0,50.0,12850.0,12950.0,12600.0,46437.0
2017.07.04,12600.0,300.0,12900.0,12900.0,12350.0,70184.0
2017.07.05,12550.0,50.0,12600.0,12600.0,12250.0,59024.0
2017.07.06,12650.0,100.0,12500.0,12800.0,12300.0,25143.0
2017.07.07,12600.0,50.0,12500.0,12700.0,12400.0,27149.0
2017.07.10,12450.0,150.0,12600.0,12650.0,12350.0,28034.0
2017.07.11,12600.0,150.0,12400.0,12600.0,12300.0,26971.0
2017.07.12,12550.0,50.0,12600.0,12600.0,12450.0,25985.0
2017.07.13,12500.0,50.0,12550.0,12600.0,12250.0,35227.0
2017.07.14,12450.0,50.0,12500.0,12500.0,12300.0,27412.0
2017.07.17,12450.0,0.0,12400.0,12550.0,12300.0,24864.0
2017.07.18,12600.0,150.0,12400.0,12650.0,12350.0,35042.0
2017.07.19,12800.0,200.0,12600.0,12900.0,12600.0,62536.0
2017.07.20,12850.0,50.0,13200.0,13350.0,12750.0,198926.0
2017.07.21,13450.0,600.0,12900.0,13500.0,12550.0,185493.0
2017.07.24,13000.0,450.0,13400.0,13450.0,12950.0,86082.0
2017.07.25,13100.0,100.0,13100.0,13200.0,12950.0,52833.0
2017.07.26,13050.0,50.0,13250.0,13350.0,12900.0,64786.0
2017.07.27,13000.0,50.0,13050.0,13200.0,12850.0,24247.0
2017.07.28,13050.0,50.0,13000.0,13100.0,12850.0,42873.0
2017.07.31,12700.0,350.0,13100.0,13250.0,12600.0,60983.0
2017.08.01,12750.0,50.0,12700.0,12900.0,12550.0,43776.0
2017.08.02,12800.0,50.0,12700.0,12950.0,12700.0,42574.0
2017.08.03,12500.0,300.0,12800.0,12850.0,12500.0,45117.0
2017.08.04,12800.0,300.0,12600.0,12800.0,12600.0,24399.0
2017.08.07,12800.0,0.0,12750.0,12850.0,12650.0,25382.0
2017.08.08,12650.0,150.0,12800.0,12800.0,12550.0,39745.0
2017.08.09,12550.0,100.0,12700.0,12800.0,12450.0,59325.0
2017.08.10,12450.0,100.0,12550.0,12650.0,12150.0,56692.0
2017.08.11,12250.0,200.0,12250.0,12400.0,12100.0,41651.0
2017.08.14,12100.0,150.0,12200.0,12350.0,12050.0,26049.0
2017.08.16,12350.0,250.0,12200.0,12350.0,12050.0,65448.0
2017.08.17,12400.0,50.0,12400.0,12450.0,12250.0,40142.0
2017.08.18,12400.0,0.0,12250.0,12400.0,12200.0,45726.0
2017.08.21,12400.0,0.0,12400.0,12500.0,12350.0,41726.0
2017.08.22,12600.0,200.0,12450.0,12650.0,12350.0,48568.0
2017.08.23,12700.0,100.0,12650.0,12700.0,12550.0,47604.0
2017.08.24,12550.0,150.0,12700.0,12750.0,12500.0,31443.0
2017.08.25,12900.0,350.0,12550.0,12950.0,12500.0,89990.0
2017.08.28,13100.0,200.0,12950.0,13200.0,12800.0,108077.0
2017.08.29,13100.0,0.0,13100.0,13100.0,12800.0,77300.0
2017.08.30,13050.0,50.0,13000.0,13200.0,12950.0,36939.0
2017.08.31,13200.0,150.0,13050.0,13200.0,12950.0,38132.0
2017.09.01,13100.0,100.0,13150.0,13150.0,13000.0,23373.0
2017.09.04,12950.0,150.0,12700.0,13050.0,12650.0,67515.0
2017.09.05,13200.0,250.0,12950.0,13350.0,12950.0,64310.0
2017.09.06,13200.0,0.0,13350.0,13400.0,13100.0,82575.0
2017.09.07,13050.0,150.0,13250.0,13300.0,12900.0,62338.0
2017.09.08,12850.0,200.0,13100.0,13150.0,12750.0,66168.0
2017.09.11,12700.0,150.0,12900.0,13000.0,12600.0,74695.0
2017.09.12,12950.0,250.0,12750.0,13000.0,12650.0,52935.0
2017.09.13,12900.0,50.0,13000.0,13100.0,12850.0,52729.0
2017.09.14,13200.0,300.0,12900.0,13200.0,12800.0,89081.0
2017.09.15,13150.0,50.0,13200.0,13250.0,13000.0,42832.0
2017.09.18,13600.0,450.0,13150.0,13600.0,13050.0,122944.0
2017.09.19,13500.0,100.0,13750.0,13750.0,13350.0,45106.0
2017.09.20,13000.0,500.0,13500.0,13500.0,13000.0,77585.0
2017.09.21,12900.0,100.0,13050.0,13150.0,12650.0,49969.0
2017.09.22,12700.0,200.0,13050.0,13100.0,12600.0,71732.0
2017.09.25,12650.0,50.0,12600.0,12800.0,12400.0,76359.0
2017.09.26,12650.0,0.0,12600.0,12750.0,12450.0,19350.0
2017.09.27,12350.0,300.0,12550.0,12650.0,12350.0,74344.0
2017.09.28,12200.0,150.0,12400.0,12500.0,12200.0,44906.0
2017.09.29,12300.0,100.0,12250.0,12450.0,12250.0,41340.0
2017.10.10,12300.0,0.0,12350.0,12450.0,12200.0,33634.0
2017.10.11,12200.0,100.0,12300.0,12350.0,12050.0,53997.0
2017.10.12,11800.0,400.0,12500.0,12550.0,11750.0,121341.0
2017.10.13,11500.0,300.0,11800.0,11800.0,11050.0,209096.0
2017.10.16,11350.0,150.0,11450.0,11450.0,11100.0,48282.0
2017.10.17,11450.0,100.0,11350.0,11500.0,11350.0,39621.0
2017.10.18,11550.0,100.0,11450.0,11600.0,11400.0,36725.0
2017.10.19,11700.0,150.0,11650.0,11750.0,11550.0,30219.0
2017.10.20,11600.0,100.0,11700.0,11700.0,11450.0,28692.0
2017.10.23,11500.0,100.0,11700.0,11700.0,11350.0,36323.0
2017.10.24,11450.0,50.0,11550.0,11600.0,11300.0,57847.0
2017.10.25,11650.0,200.0,11450.0,11650.0,11400.0,21303.0
2017.10.26,11700.0,50.0,11550.0,11750.0,11500.0,32289.0
2017.10.27,11750.0,50.0,11700.0,11850.0,11600.0,25811.0
2017.10.30,11950.0,200.0,11800.0,12000.0,11700.0,28692.0
2017.10.31,11550.0,400.0,12000.0,12000.0,11300.0,114507.0
2017.11.01,11700.0,150.0,11550.0,11700.0,11550.0,63170.0
2017.11.02,11850.0,150.0,11600.0,11900.0,11550.0,42437.0
2017.11.03,11850.0,0.0,11850.0,12000.0,11650.0,49185.0
2017.11.06,11750.0,100.0,11800.0,11850.0,11600.0,30120.0
2017.11.07,11850.0,100.0,11700.0,11850.0,11650.0,23214.0
2017.11.08,11750.0,100.0,11800.0,11800.0,11650.0,22410.0
2017.11.09,12000.0,250.0,11800.0,12000.0,11550.0,40222.0
2017.11.10,12000.0,0.0,11950.0,12050.0,11850.0,22558.0
2017.11.13,12150.0,150.0,12000.0,12150.0,11850.0,49195.0
2017.11.14,12150.0,0.0,12150.0,12250.0,12100.0,60017.0
2017.11.15,12000.0,150.0,12100.0,12200.0,11850.0,36189.0
2017.11.16,11900.0,100.0,12000.0,12000.0,11750.0,41730.0
2017.11.17,11850.0,50.0,11900.0,11950.0,11750.0,14714.0
2017.11.20,11800.0,50.0,11800.0,11800.0,11700.0,29040.0
2017.11.21,11600.0,200.0,11700.0,11750.0,11500.0,64772.0
2017.11.22,11600.0,0.0,11550.0,11600.0,11450.0,35961.0
2017.11.23,11750.0,150.0,11600.0,11800.0,11600.0,38648.0
2017.11.24,11900.0,150.0,11750.0,11950.0,11700.0,36571.0
2017.11.27,12200.0,300.0,11850.0,12200.0,11850.0,44443.0
2017.11.28,12100.0,100.0,12150.0,12200.0,12000.0,26097.0
2017.11.29,12150.0,50.0,12100.0,12200.0,11800.0,49523.0
2017.11.30,12050.0,100.0,12150.0,12200.0,12000.0,11125.0
2017.12.01,12150.0,100.0,12050.0,12150.0,11900.0,21612.0
2017.12.04,11800.0,350.0,12150.0,12250.0,11800.0,34468.0
2017.12.05,11950.0,150.0,11850.0,11950.0,11800.0,19073.0
2017.12.06,11950.0,0.0,11950.0,12000.0,11750.0,15246.0
2017.12.07,11950.0,0.0,12100.0,12600.0,11950.0,206146.0
2017.12.08,11900.0,50.0,12100.0,12150.0,11700.0,75236.0
2017.12.11,11850.0,50.0,11900.0,12100.0,11650.0,27831.0
2017.12.12,11850.0,0.0,11850.0,12000.0,11750.0,38333.0
2017.12.13,11950.0,100.0,11850.0,11950.0,11750.0,28111.0
2017.12.14,12000.0,50.0,11950.0,12100.0,11850.0,38760.0
2017.12.15,11900.0,100.0,12000.0,12000.0,11850.0,17911.0
2017.12.18,12350.0,450.0,12000.0,12450.0,11800.0,130988.0
2017.12.19,12250.0,100.0,12400.0,12400.0,12050.0,47126.0
2017.12.20,12100.0,150.0,12400.0,12550.0,11950.0,77417.0
2017.12.21,12150.0,50.0,12050.0,12200.0,11900.0,45861.0
2017.12.22,12250.0,100.0,12200.0,12250.0,12000.0,48058.0
2017.12.26,12250.0,0.0,12250.0,12300.0,12050.0,54943.0
2017.12.27,12350.0,100.0,12250.0,12450.0,12150.0,39946.0
2017.12.28,12350.0,0.0,12450.0,12450.0,12200.0,13100.0
2018.01.02,12250.0,100.0,12350.0,12350.0,12100.0,26458.0
2018.01.03,12100.0,150.0,12200.0,12200.0,12000.0,35752.0
2018.01.04,12100.0,0.0,12150.0,12150.0,12000.0,26322.0
2018.01.05,11950.0,150.0,12150.0,12150.0,11900.0,31620.0
2018.01.08,12050.0,100.0,11950.0,12050.0,11850.0,43628.0
2018.01.09,12150.0,100.0,12050.0,12150.0,11950.0,41304.0
2018.01.10,12350.0,200.0,12150.0,12350.0,11900.0,75970.0
2018.01.11,12700.0,350.0,12350.0,12800.0,12250.0,105302.0
2018.01.12,12500.0,200.0,12800.0,12900.0,12300.0,74072.0
2018.01.15,12400.0,100.0,12600.0,12600.0,12300.0,35327.0
2018.01.16,12400.0,0.0,12350.0,12500.0,12250.0,33535.0
2018.01.17,12850.0,450.0,12400.0,12850.0,12300.0,132568.0
2018.01.18,13650.0,800.0,12850.0,14000.0,12800.0,656096.0
2018.01.19,14000.0,350.0,13950.0,14500.0,13600.0,592846.0
2018.01.22,14050.0,50.0,14350.0,14650.0,13900.0,224745.0
2018.01.23,14700.0,650.0,14200.0,14750.0,13900.0,242402.0
2018.01.24,14600.0,100.0,14750.0,15000.0,14500.0,167817.0
2018.01.25,14650.0,50.0,14600.0,15200.0,14500.0,176497.0
2018.01.26,14300.0,350.0,14750.0,14750.0,14200.0,170473.0
2018.01.29,14350.0,50.0,14700.0,14850.0,14050.0,198591.0
2018.01.30,14100.0,250.0,14350.0,14650.0,13950.0,127326.0
2018.01.31,14400.0,300.0,14100.0,14400.0,13700.0,99477.0
2018.02.01,14800.0,400.0,14450.0,14850.0,14150.0,175177.0
2018.02.02,14600.0,200.0,14900.0,14950.0,14500.0,107048.0
2018.02.05,14300.0,300.0,14350.0,14950.0,14050.0,153027.0
2018.02.06,14200.0,100.0,13850.0,14200.0,13100.0,207297.0
2018.02.07,13700.0,500.0,14350.0,14450.0,13500.0,153782.0
2018.02.08,14350.0,650.0,13650.0,14400.0,13500.0,124463.0
2018.02.09,14150.0,200.0,13850.0,14250.0,13850.0,72080.0
2018.02.12,14200.0,50.0,14200.0,14400.0,14150.0,52111.0
2018.02.13,13800.0,400.0,14250.0,14400.0,13700.0,78977.0
2018.02.14,13900.0,100.0,13850.0,13950.0,13500.0,53586.0
2018.02.19,13900.0,0.0,13900.0,14050.0,13700.0,55282.0
2018.02.20,13800.0,100.0,14100.0,14100.0,13550.0,61167.0
2018.02.21,13900.0,100.0,13900.0,14050.0,13650.0,57822.0
2018.02.22,13750.0,150.0,13850.0,13900.0,13600.0,32251.0
2018.02.23,13700.0,50.0,13800.0,13900.0,13550.0,29404.0
2018.02.26,13300.0,400.0,13800.0,13800.0,13200.0,104714.0
2018.02.27,13400.0,100.0,13400.0,13550.0,13300.0,44489.0
2018.02.28,13050.0,350.0,13300.0,13400.0,13050.0,49001.0
2018.03.02,13200.0,150.0,12950.0,13250.0,12750.0,44834.0
2018.03.05,13000.0,200.0,13200.0,13300.0,12900.0,37080.0
2018.03.06,13150.0,150.0,13050.0,13200.0,13000.0,49542.0
2018.03.07,13150.0,0.0,13250.0,13300.0,13000.0,34936.0
2018.03.08,13400.0,250.0,13150.0,13450.0,13100.0,42081.0
2018.03.09,13550.0,150.0,13250.0,13650.0,13200.0,35099.0
2018.03.12,13300.0,250.0,13550.0,13600.0,13200.0,44064.0
2018.03.13,13200.0,100.0,13300.0,13300.0,13050.0,46801.0
2018.03.14,12900.0,300.0,13100.0,13150.0,12800.0,114503.0
2018.03.15,13500.0,600.0,12950.0,13500.0,12900.0,42938.0
2018.03.16,13600.0,100.0,13350.0,13650.0,13350.0,36827.0
2018.03.19,13450.0,150.0,13650.0,13700.0,13300.0,21263.0
2018.03.20,13500.0,50.0,13450.0,13500.0,13150.0,20928.0
2018.03.21,13400.0,100.0,13500.0,13600.0,13200.0,34749.0
2018.03.22,13150.0,250.0,13350.0,13400.0,13150.0,31336.0
2018.03.23,12850.0,300.0,13100.0,13200.0,12850.0,85880.0
2018.03.26,13050.0,200.0,12850.0,13050.0,12450.0,47776.0
2018.03.27,13150.0,100.0,13100.0,13200.0,12800.0,31711.0
2018.03.28,12900.0,250.0,13000.0,13000.0,12700.0,50946.0
2018.03.29,13150.0,250.0,13000.0,13150.0,12950.0,20381.0
2018.03.30,13300.0,150.0,13150.0,13350.0,13150.0,26980.0
2018.04.02,13100.0,200.0,13150.0,13250.0,13000.0,25451.0
2018.04.03,13200.0,100.0,13000.0,13200.0,12950.0,36249.0
2018.04.04,13050.0,150.0,13200.0,13250.0,13000.0,27783.0
2018.04.05,13000.0,50.0,13100.0,13200.0,13000.0,45881.0
2018.04.06,13050.0,50.0,13000.0,13100.0,13000.0,44893.0
2018.04.09,13050.0,0.0,13050.0,13150.0,13000.0,20655.0
2018.04.10,13200.0,150.0,13150.0,13300.0,13000.0,30206.0
2018.04.11,13200.0,0.0,13200.0,13300.0,13050.0,38923.0
2018.04.12,13400.0,200.0,13250.0,13450.0,13100.0,35244.0
2018.04.13,13450.0,50.0,13350.0,13550.0,13250.0,35280.0
2018.04.16,13300.0,150.0,13450.0,13450.0,13100.0,27948.0
2018.04.17,13100.0,200.0,13300.0,13300.0,13100.0,22710.0
2018.04.18,13100.0,0.0,13200.0,13200.0,13100.0,24089.0
2018.04.19,13150.0,50.0,13150.0,13150.0,12900.0,43608.0
2018.04.20,13150.0,0.0,13150.0,13150.0,13000.0,16167.0
2018.04.23,12950.0,200.0,13150.0,13150.0,12850.0,43718.0
2018.04.24,13100.0,150.0,12950.0,13100.0,12950.0,26030.0
2018.04.25,13000.0,100.0,13000.0,13150.0,12950.0,29317.0
2018.04.26,13250.0,250.0,12900.0,13300.0,12900.0,47011.0
2018.04.27,13250.0,0.0,13250.0,13250.0,13100.0,22288.0
2018.04.30,13350.0,100.0,13250.0,13350.0,13100.0,31940.0
2018.05.02,13200.0,150.0,13300.0,13300.0,13100.0,21428.0
2018.05.03,14050.0,850.0,13150.0,15400.0,13100.0,546247.0
2018.05.04,13650.0,400.0,13900.0,14100.0,13550.0,118781.0
2018.05.08,13250.0,400.0,13700.0,13750.0,13250.0,83752.0
2018.05.09,13500.0,250.0,13350.0,13600.0,13250.0,51567.0
2018.05.10,13950.0,450.0,13700.0,14000.0,13400.0,58078.0
2018.05.11,13850.0,100.0,13950.0,14000.0,13600.0,42460.0
2018.05.14,13800.0,50.0,13950.0,13950.0,13600.0,34467.0
2018.05.15,13750.0,50.0,13800.0,13800.0,13600.0,35539.0
2018.05.16,13600.0,150.0,13700.0,13750.0,13450.0,47483.0
2018.05.17,13400.0,200.0,13500.0,13650.0,13350.0,49205.0
2018.05.18,13350.0,50.0,13350.0,13500.0,13200.0,54274.0
2018.05.21,13500.0,150.0,13350.0,13500.0,13200.0,34553.0
2018.05.23,13150.0,350.0,13500.0,13550.0,13150.0,62005.0
2018.05.24,13250.0,100.0,13250.0,13350.0,13150.0,16757.0
2018.05.25,12900.0,350.0,13300.0,13300.0,12850.0,63290.0
2018.05.28,12700.0,200.0,12900.0,13050.0,12550.0,55113.0
2018.05.29,12350.0,350.0,12700.0,12700.0,12300.0,36012.0
2018.05.30,12150.0,200.0,12300.0,12350.0,11900.0,79281.0
2018.05.31,12100.0,50.0,12150.0,12200.0,11900.0,64222.0
2018.06.01,12200.0,100.0,12050.0,12300.0,11900.0,37365.0
2018.06.04,12300.0,100.0,12200.0,12350.0,12150.0,22039.0
2018.06.05,12250.0,50.0,12300.0,12300.0,12050.0,56073.0
2018.06.07,12450.0,200.0,12200.0,12550.0,12200.0,45304.0
2018.06.08,12650.0,200.0,12400.0,12800.0,12250.0,58059.0
2018.06.11,12450.0,200.0,12650.0,12750.0,12450.0,20428.0
2018.06.12,12600.0,150.0,12500.0,12650.0,12350.0,62302.0
2018.06.14,12550.0,50.0,12450.0,12600.0,12400.0,29508.0
2018.06.15,12550.0,0.0,12500.0,12550.0,12200.0,43884.0
2018.06.18,12400.0,150.0,12550.0,12650.0,12150.0,53616.0
2018.06.19,12300.0,100.0,12450.0,12450.0,12250.0,35380.0
2018.06.20,12450.0,150.0,12300.0,12450.0,12150.0,33918.0
2018.06.21,12600.0,150.0,12450.0,12750.0,12400.0,39897.0
2018.06.22,12650.0,50.0,12600.0,12650.0,12350.0,73873.0
2018.06.25,12700.0,50.0,12650.0,12700.0,12500.0,26264.0
2018.06.26,12750.0,50.0,12650.0,12800.0,12550.0,37735.0
2018.06.27,13200.0,450.0,12750.0,13350.0,12700.0,54162.0
2018.06.28,12800.0,400.0,13200.0,13250.0,12800.0,42326.0
2018.06.29,12800.0,0.0,12750.0,12900.0,12600.0,13804.0
2018.07.02,12650.0,150.0,12750.0,12900.0,12500.0,32190.0
2018.07.03,12850.0,200.0,12650.0,12850.0,12650.0,30177.0
2018.07.04,12950.0,100.0,12850.0,13000.0,12700.0,53820.0
2018.07.05,12500.0,450.0,12950.0,12950.0,12350.0,46399.0
2018.07.06,12550.0,50.0,12500.0,12650.0,12300.0,28863.0
2018.07.09,12600.0,50.0,12450.0,12650.0,12350.0,98908.0
2018.07.10,12600.0,0.0,12600.0,12650.0,12500.0,17497.0
2018.07.11,12600.0,0.0,12600.0,12650.0,12450.0,35796.0
2018.07.12,12600.0,0.0,12600.0,12650.0,12500.0,13637.0
2018.07.13,12600.0,0.0,12500.0,12600.0,12450.0,9449.0
2018.07.16,13350.0,750.0,12600.0,13400.0,12500.0,365860.0
2018.07.17,13050.0,300.0,13350.0,13400.0,12950.0,71583.0
2018.07.18,13100.0,50.0,13050.0,13150.0,12800.0,88604.0
2018.07.19,12850.0,250.0,13150.0,13200.0,12850.0,70116.0
2018.07.20,12750.0,100.0,12850.0,13100.0,12500.0,58087.0
2018.07.23,12400.0,350.0,12600.0,12700.0,12400.0,57309.0
2018.07.24,12550.0,150.0,12350.0,12650.0,12350.0,31460.0
2018.07.25,12600.0,50.0,12600.0,12600.0,12350.0,39151.0
2018.07.26,12650.0,50.0,12600.0,12750.0,12400.0,20118.0
2018.07.27,12600.0,50.0,12650.0,12650.0,12300.0,60462.0
2018.07.30,12500.0,100.0,12600.0,12650.0,12350.0,26304.0
2018.07.31,12600.0,100.0,12500.0,12700.0,12350.0,42643.0
2018.08.01,12550.0,50.0,12650.0,12750.0,12450.0,33567.0
2018.08.02,12400.0,150.0,12600.0,12600.0,12400.0,36144.0
2018.08.03,12450.0,50.0,12300.0,12500.0,12200.0,67926.0
2018.08.06,12600.0,150.0,12400.0,13000.0,12400.0,112766.0
2018.08.07,12350.0,250.0,12500.0,12600.0,12350.0,45508.0
2018.08.08,12500.0,150.0,12350.0,12550.0,12300.0,20008.0
2018.08.09,12450.0,50.0,12500.0,12600.0,12400.0,20326.0
2018.08.10,12600.0,150.0,12500.0,12600.0,12350.0,20913.0
2018.08.13,12500.0,100.0,12600.0,12700.0,12350.0,44507.0
2018.08.14,12700.0,200.0,12400.0,12850.0,12400.0,38289.0
2018.08.16,12750.0,50.0,12650.0,12800.0,12350.0,41029.0
2018.08.17,12850.0,100.0,12700.0,12900.0,12650.0,19135.0
2018.08.20,13000.0,150.0,12800.0,13000.0,12750.0,35419.0
2018.08.21,13250.0,250.0,13100.0,13300.0,12950.0,57560.0
2018.08.22,13100.0,150.0,13250.0,13300.0,13000.0,45847.0
2018.08.23,13150.0,50.0,13100.0,13200.0,12950.0,27301.0
2018.08.24,13250.0,100.0,13150.0,13300.0,12900.0,33600.0
2018.08.27,13150.0,100.0,13200.0,13200.0,13000.0,21109.0
2018.08.28,13050.0,100.0,13150.0,13250.0,12950.0,30922.0
2018.08.29,13600.0,550.0,13100.0,13700.0,13000.0,166256.0
2018.08.30,13950.0,350.0,13600.0,14150.0,13450.0,156605.0
2018.08.31,14050.0,100.0,13950.0,14200.0,13800.0,67850.0
2018.09.03,13900.0,150.0,14100.0,14100.0,13650.0,59472.0
2018.09.04,14000.0,100.0,13850.0,14050.0,13650.0,75480.0
2018.09.05,13750.0,250.0,14000.0,14050.0,13650.0,41840.0
2018.09.06,13800.0,50.0,13750.0,13850.0,13550.0,29077.0
2018.09.07,13900.0,100.0,13800.0,13950.0,13650.0,34364.0
2018.09.10,14000.0,100.0,13900.0,14100.0,13800.0,46321.0
2018.09.11,14000.0,0.0,14000.0,14050.0,13800.0,31823.0
2018.09.12,13950.0,50.0,14000.0,14000.0,13750.0,24297.0
2018.09.13,13600.0,350.0,13750.0,13850.0,13200.0,83262.0
2018.09.14,13700.0,100.0,13600.0,13700.0,13400.0,29478.0
2018.09.17,13550.0,150.0,13700.0,13700.0,13400.0,23743.0
2018.09.18,13400.0,150.0,13500.0,13500.0,13300.0,28196.0
2018.09.19,13400.0,0.0,13400.0,13450.0,13350.0,5334.0
